<COLLADA xmlns="http://www.collada.org/2005/11/COLLADASchema" version="1.4.1">
  <asset>
    <contributor />
    <created>2026-03-13T23:37:28.285396</created>
    <modified>2026-03-13T23:37:28.285415</modified>
    <unit name="meter" meter="1.0" />
    <up_axis>Z_UP</up_axis>
  </asset>
  <library_effects>
    <effect id="effect_Part__Feature058" name="effect_Part__Feature058">
      <profile_COMMON>
        <technique sid="common">
          <phong>
            <emission>
              <color>0.0 0.0 0.0 1.0</color>
            </emission>
            <ambient>
              <color>0.0 0.0 0.0 1.0</color>
            </ambient>
            <diffuse>
              <color>0.35686275362968445 0.3960784375667572 0.4745098054409027 1.0</color>
            </diffuse>
            <specular>
              <color>1 1 1 1.0</color>
            </specular>
            <shininess>
              <float>0.0</float>
            </shininess>
            <reflective>
              <color>0.0 0.0 0.0 1.0</color>
            </reflective>
            <reflectivity>
              <float>0.0</float>
            </reflectivity>
            <transparent>
              <color>0.0 0.0 0.0 1.0</color>
            </transparent>
            <transparency>
              <float>1.0</float>
            </transparency>
          </phong>
        </technique>
        <extra>
          <technique profile="GOOGLEEARTH">
            <double_sided>0</double_sided>
          </technique>
        </extra>
      </profile_COMMON>
    </effect>
  </library_effects>
  <library_geometries>
    <geometry id="geometry0" name="Part__Feature058">
      <mesh>
        <source id="cubeverts-array0">
          <float_array count="11400" id="cubeverts-array0-array">-0.07443966 -0.08435039 0 -0.055 -0.076 0 -0.0701426 -0.08795604 0 -0.06567117 -0.09134303 0 -0.06103645 -0.09450291 0 -0.05625 -0.09742786 0 -0.0513237 -0.1001106 0 -0.0462698 -0.1025444 0 -0.06808995 -0.06018995 0 -0.06801681 -0.06025805 0 -0.08246834 -0.07651943 0 -0.06815805 -0.06011681 0 -0.08618 -0.07231361 0 -0.06793899 -0.06032076 0 -0.06822076 -0.06003899 0 -0.0678569 -0.06037775 0 -0.06827776 -0.0599569 0 -0.06832875 -0.05987095 0 -0.06777095 -0.06042875 0 -0.06837348 -0.05978158 0 -0.06768158 -0.06047348 0 -0.07855164 -0.08053502 0 -0.06758925 -0.06051173 0 -0.06841173 -0.05968925 0 -0.06749442 -0.06054329 0 -0.06844329 -0.05959443 0 -0.08967741 -0.06792799 0 -0.06739759 -0.060568 0 -0.068468 -0.05949759 0 -0.06729924 -0.06058575 0 -0.06848575 -0.05939924 0 -0.06849643 -0.05929987 0 -0.06719987 -0.06059643 0 -0.0671 -0.0606 0 -0.0685 -0.0592 0 -0.06700012 -0.06059643 0 -0.09295186 -0.0633735 0 -0.06849643 -0.05910012 0 -0.06848575 -0.05900076 0 -0.06690076 -0.06058575 0 -0.09879993 -0.05380357 0 -0.08575805 -0.0417168 0 -0.08568995 -0.04178995 0 -0.101359 -0.04881192 0 -0.08561681 -0.04185805 0 -0.08553899 -0.04192076 0 -0.08582076 -0.04163899 0 -0.08545689 -0.04197776 0 -0.08587775 -0.0415569 0 -0.08592875 -0.04147095 0 -0.08537095 -0.04202875 0 -0.068468 -0.05890241 0 -0.06680241 -0.060568 0 -0.08597349 -0.04138158 0 -0.08528158 -0.04207349 0 -0.08518925 -0.04211173 0 -0.09599522 -0.05866146 0 -0.08601173 -0.04128925 0 -0.06670557 -0.06054329 0 -0.08604329 -0.04119442 0 -0.08509443 -0.04214329 0 -0.08499759 -0.04216801 0 -0.08606801 -0.04109759 0 -0.1036661 -0.04369891 0 -0.06661075 -0.06051173 0 -0.08608575 -0.04099924 0 -0.08489924 -0.04218575 0 -0.08479987 -0.04219643 0 -0.08609644 -0.04089988 0 -0.06651842 -0.06047348 0 -0.0847 -0.0422 0 -0.0861 -0.0408 0 -0.06642905 -0.06042875 0 -0.08609644 -0.04070013 0 -0.08460013 -0.04219643 0 -0.0663431 -0.06037775 0 -0.08608575 -0.04060076 0 -0.08450076 -0.04218575 0 -0.06626101 -0.06032076 0 -0.08606801 -0.04050241 0 -0.0844024 -0.04216801 0 -0.06844329 -0.05880558 0 -0.08430557 -0.04214329 0 -0.06841173 -0.05871075 0 -0.08604329 -0.04040557 0 -0.1057154 -0.03847726 0 -0.0661832 -0.06025805 0 -0.08421075 -0.04211173 0 -0.06837348 -0.05861842 0 -0.08601173 -0.04031075 0 -0.06611005 -0.06018995 0 -0.08597349 -0.04021842 0 -0.08411842 -0.04207349 0 -0.06832875 -0.05852905 0 -0.06604195 -0.06011681 0 -0.08592875 -0.04012905 0 -0.08402905 -0.04202875 0 -0.06827776 -0.0584431 0 -0.06597924 -0.06003899 0 -0.0839431 -0.04197776 0 -0.06822076 -0.05836101 0 -0.08587775 -0.0400431 0 -0.06592225 -0.0599569 0 -0.08582076 -0.03996101 0 -0.08386101 -0.04192076 0 -0.06815805 -0.0582832 0 -0.06587125 -0.05987095 0 -0.08575805 -0.03988319 0 -0.1075019 -0.03315996 0 -0.0837832 -0.04185805 0 -0.06808995 -0.05821005 0 -0.06582652 -0.05978158 0 -0.08568995 -0.03981005 0 -0.08371005 -0.04178995 0 -0.06578827 -0.05968925 0 -0.08561681 -0.03974195 0 -0.06575671 -0.05959443 0 -0.06573199 -0.05949759 0 -0.08553899 -0.03967924 0 -0.06571425 -0.05939924 0 -0.08545689 -0.03962225 0 -0.1090212 -0.02776021 0 -0.06570357 -0.05929987 0 -0.08537095 -0.03957125 0 -0.0657 -0.0592 0 -0.08528158 -0.03952652 0 -0.06570357 -0.05910012 0 -0.06571425 -0.05900076 0 -0.08518925 -0.03948827 0 -0.1102694 -0.02229144 0 -0.08509443 -0.03945671 0 -0.08499759 -0.039432 0 -0.08489924 -0.03941425 0 -0.08479987 -0.03940357 0 -0.1112435 -0.01676726 0 -0.0847 -0.0394 0 -0.08460013 -0.03940357 0 -0.111941 -0.01120138 0 -0.06808995 -0.04178995 0 -0.08364195 -0.0417168 0 -0.06815805 -0.0417168 0 -0.06801681 -0.04185805 0 -0.06801681 -0.05814195 0 -0.06793899 -0.04192076 0 -0.06793899 -0.05807924 0 -0.0678569 -0.05802224 0 -0.06822076 -0.04163899 0 -0.08357924 -0.04163899 0 -0.08352225 -0.0415569 0 -0.0678569 -0.04197776 0 -0.06777095 -0.05797125 0 -0.06827776 -0.0415569 0 -0.06832875 -0.04147095 0 -0.08347125 -0.04147095 0 -0.06777095 -0.04202875 0 -0.06768158 -0.05792651 0 -0.06837348 -0.04138158 0 -0.08342651 -0.04138158 0 -0.08338827 -0.04128925 0 -0.06768158 -0.04207349 0 -0.06758925 -0.04211173 0 -0.06758925 -0.05788827 0 -0.06841173 -0.04128925 0 -0.06844329 -0.04119442 0 -0.08335671 -0.04119442 0 -0.08333199 -0.04109759 0 -0.06749442 -0.04214329 0 -0.06749442 -0.05785671 0 -0.06739759 -0.04216801 0 -0.06739759 -0.05783199 0 -0.068468 -0.04109759 0 -0.06848575 -0.04099924 0 -0.08331425 -0.04099924 0 -0.06729924 -0.04218575 0 -0.06729924 -0.05781425 0 -0.06719987 -0.05780357 0 -0.06849643 -0.04089988 0 -0.08330357 -0.04089988 0 -0.06719987 -0.04219643 0 -0.0671 -0.0422 0 -0.0671 -0.0578 0 -0.06700012 -0.05780357 0 -0.0685 -0.0408 0 -0.0833 -0.0408 0 -0.08330357 -0.04070013 0 -0.06849643 -0.04070013 0 -0.06700012 -0.04219643 0 -0.06690076 -0.05781425 0 -0.08331425 -0.04060076 0 -0.06848575 -0.04060076 0 -0.06690076 -0.04218575 0 -0.08333199 -0.04050241 0 -0.068468 -0.04050241 0 -0.06680241 -0.04216801 0 -0.06680241 -0.05783199 0 -0.06670557 -0.04214329 0 -0.06670557 -0.05785671 0 -0.08335671 -0.04040557 0 -0.06844329 -0.04040557 0 -0.06661075 -0.04211173 0 -0.06661075 -0.05788827 0 -0.08338827 -0.04031075 0 -0.06841173 -0.04031075 0 -0.08342651 -0.04021842 0 -0.06837348 -0.04021842 0 -0.06651842 -0.04207349 0 -0.06651842 -0.05792651 0 -0.08347125 -0.04012905 0 -0.06832875 -0.04012905 0 -0.06642905 -0.04202875 0 -0.06642905 -0.05797125 0 -0.0663431 -0.04197776 0 -0.0663431 -0.05802224 0 -0.08352225 -0.0400431 0 -0.06827776 -0.0400431 0 -0.08357924 -0.03996101 0 -0.06822076 -0.03996101 0 -0.06626101 -0.05807924 0 -0.06626101 -0.04192076 0 -0.0661832 -0.05814195 0 -0.08364195 -0.03988319 0 -0.06815805 -0.03988319 0 -0.0661832 -0.04185805 0 -0.08371005 -0.03981005 0 -0.06808995 -0.03981005 0 -0.0837832 -0.03974195 0 -0.06611005 -0.04178995 0 -0.06611005 -0.05821005 0 -0.06801681 -0.03974195 0 -0.06604195 -0.0582832 0 -0.06604195 -0.0417168 0 -0.06597924 -0.05836101 0 -0.06597924 -0.04163899 0 -0.08386101 -0.03967924 0 -0.06793899 -0.03967924 0 -0.0839431 -0.03962225 0 -0.0678569 -0.03962225 0 -0.06592225 -0.0584431 0 -0.06592225 -0.0415569 0 -0.06587125 -0.05852905 0 -0.06587125 -0.04147095 0 -0.06582652 -0.05861842 0 -0.08402905 -0.03957125 0 -0.06777095 -0.03957125 0 -0.06768158 -0.03952652 0 -0.08411842 -0.03952652 0 -0.06582652 -0.04138158 0 -0.06578827 -0.04128925 0 -0.06578827 -0.05871075 0 -0.06575671 -0.05880558 0 -0.06575671 -0.04119442 0 -0.025 -0.076 0 -0.04110086 -0.1047233 0 -0.03582975 -0.1066418 0 -0.03046955 -0.1082952 0 -0.02503361 -0.1096794 0 -0.01953542 -0.1107909 0 -0.01398867 -0.1116269 0 -0.008407136 -0.1121854 0 -0.002804703 -0.112465 0 -0.06570357 -0.04070013 0 -0.055 -0.024 0 -0.0657 -0.0408 0 -0.06571425 -0.04060076 0 -0.06573199 -0.04050241 0 -0.06575671 -0.04040557 0 -0.06578827 -0.04031075 0 -0.06582652 -0.04021842 0 -0.06587125 -0.04012905 0 -0.06592225 -0.0400431 0 -0.06597924 -0.03996101 0 -0.06604195 -0.03988319 0 -0.06611005 -0.03981005 0 -0.0661832 -0.03974195 0 -0.06626101 -0.03967924 0 -0.0663431 -0.03962225 0 -0.06642905 -0.03957125 0 -0.06651842 -0.03952652 0 -0.06661075 -0.03948827 0 -0.06670557 -0.03945671 0 -0.06680241 -0.039432 0 -0.06690076 -0.03941425 0 -0.06700012 -0.03940357 0 -0.0671 -0.0394 0 -0.06719987 -0.03940357 0 -0.06729924 -0.03941425 0 -0.06739759 -0.039432 0 -0.06749442 -0.03945671 0 -0.06758925 -0.03948827 0 -0.08421075 -0.03948827 0 -0.08430557 -0.03945671 0 -0.0844024 -0.039432 0 -0.08450076 -0.03941425 0 -0.1125 -3.85903e-16 0 -0.1123602 -0.005607662 0 -0.06570357 -0.04089988 0 -0.06571425 -0.04099924 0 0.03046955 -0.1082952 0 0.025 -0.076 0 0.03582975 -0.1066418 0 0.04110086 -0.1047233 0 0.0462698 -0.1025444 0 0.002804703 -0.112465 0 0.008407136 -0.1121854 0 0.01398867 -0.1116269 0 0.01953542 -0.1107909 0 0.02503361 -0.1096794 0 -0.025 -0.024 0 -0.08568995 0.03981005 0 -0.08561681 0.03974195 0 -0.1075019 0.03315996 0 -0.08575805 0.03988319 0 -0.1057154 0.03847726 0 -0.08553899 0.03967924 0 -0.08582076 0.03996101 0 -0.08587775 0.0400431 0 -0.08545689 0.03962225 0 -0.1090212 0.02776021 0 -0.08537095 0.03957125 0 -0.08592875 0.04012905 0 -0.08597349 0.04021842 0 -0.08528158 0.03952652 0 -0.08518925 0.03948827 0 -0.08601173 0.04031075 0 -0.08604329 0.04040557 0 -0.1036661 0.04369891 0 -0.08509443 0.03945671 0 -0.1102694 0.02229144 0 -0.08499759 0.039432 0 -0.08606801 0.04050241 0 -0.08608575 0.04060076 0 -0.08489924 0.03941425 0 -0.08479987 0.03940357 0 -0.1112435 0.01676726 0 -0.08609644 0.04070013 0 -0.0861 0.0408 0 -0.0847 0.0394 0 -0.08609644 0.04089988 0 -0.08460013 0.03940357 0 -0.111941 0.01120138 0 -0.08608575 0.04099924 0 -0.101359 0.04881192 0 -0.08606801 0.04109759 0 -0.08604329 0.04119442 0 -0.08601173 0.04128925 0 -0.08597349 0.04138158 0 -0.08592875 0.04147095 0 -0.08587775 0.0415569 0 -0.08582076 0.04163899 0 -0.09879993 0.05380357 0 -0.08575805 0.0417168 0 -0.08568995 0.04178995 0 -0.08561681 0.04185805 0 -0.08553899 0.04192076 0 -0.08545689 0.04197776 0 -0.08537095 0.04202875 0 -0.08528158 0.04207349 0 -0.08518925 0.04211173 0 -0.09599522 0.05866146 0 -0.08479987 0.04219643 0 -0.0847 0.0422 0 -0.08489924 0.04218575 0 -0.08499759 0.04216801 0 -0.08509443 0.04214329 0 -0.055 0.024 0 -0.08450076 0.03941425 0 -0.0844024 0.039432 0 -0.08430557 0.03945671 0 -0.08421075 0.03948827 0 -0.08411842 0.03952652 0 -0.1123602 0.005607662 0 -0.09295186 0.0633735 0 -0.08450076 0.04218575 0 -0.0844024 0.04216801 0 -0.08460013 0.04219643 0 -0.08364195 0.03988319 0 -0.06815805 0.03988319 0 -0.08371005 0.03981005 0 -0.06808995 0.03981005 0 -0.06801681 0.03974195 0 -0.0837832 0.03974195 0 -0.06793899 0.03967924 0 -0.08386101 0.03967924 0 -0.08357924 0.03996101 0 -0.06822076 0.03996101 0 -0.06827776 0.0400431 0 -0.08352225 0.0400431 0 -0.0839431 0.03962225 0 -0.0678569 0.03962225 0 -0.08402905 0.03957125 0 -0.06832875 0.04012905 0 -0.08347125 0.04012905 0 -0.06777095 0.03957125 0 -0.06837348 0.04021842 0 -0.08342651 0.04021842 0 -0.06768158 0.03952652 0 -0.06841173 0.04031075 0 -0.08338827 0.04031075 0 -0.08335671 0.04040557 0 -0.06758925 0.03948827 0 -0.06844329 0.04040557 0 -0.06749442 0.03945671 0 -0.06739759 0.039432 0 -0.08333199 0.04050241 0 -0.068468 0.04050241 0 -0.06729924 0.03941425 0 -0.06848575 0.04060076 0 -0.08331425 0.04060076 0 -0.06849643 0.04070013 0 -0.08330357 0.04070013 0 -0.06719987 0.03940357 0 -0.0833 0.0408 0 -0.0685 0.0408 0 -0.0671 0.0394 0 -0.06700012 0.03940357 0 -0.06849643 0.04089988 0 -0.08330357 0.04089988 0 -0.06690076 0.03941425 0 -0.06848575 0.04099924 0 -0.08331425 0.04099924 0 -0.08333199 0.04109759 0 -0.06680241 0.039432 0 -0.068468 0.04109759 0 -0.08335671 0.04119442 0 -0.06844329 0.04119442 0 -0.06670557 0.03945671 0 -0.06661075 0.03948827 0 -0.06841173 0.04128925 0 -0.08338827 0.04128925 0 -0.08342651 0.04138158 0 -0.08347125 0.04147095 0 -0.06837348 0.04138158 0 -0.06651842 0.03952652 0 -0.06832875 0.04147095 0 -0.06642905 0.03957125 0 -0.0663431 0.03962225 0 -0.08352225 0.0415569 0 -0.06827776 0.0415569 0 -0.06626101 0.03967924 0 -0.08357924 0.04163899 0 -0.06822076 0.04163899 0 -0.08364195 0.0417168 0 -0.06815805 0.0417168 0 -0.08371005 0.04178995 0 -0.0661832 0.03974195 0 -0.06611005 0.03981005 0 -0.06808995 0.04178995 0 -0.06604195 0.03988319 0 -0.06597924 0.03996101 0 -0.06592225 0.0400431 0 -0.06587125 0.04012905 0 -0.06582652 0.04021842 0 -0.06578827 0.04031075 0 -0.06575671 0.04040557 0 -0.06573199 0.04050241 0 -0.06571425 0.04060076 0 -0.06570357 0.04070013 0 -0.0657 0.0408 0 -0.06570357 0.04089988 0 -0.06571425 0.04099924 0 0.055 -0.076 0 0.0513237 -0.1001106 0 0.05625 -0.09742786 0 0.06103645 -0.09450291 0 0.06567117 -0.09134303 0 0.0701426 -0.08795604 0 0.07443966 -0.08435039 0 -0.0837832 0.04185805 0 -0.06808995 0.05821005 0 -0.06815805 0.0582832 0 -0.08386101 0.04192076 0 -0.06801681 0.05814195 0 -0.06801681 0.04185805 0 -0.06822076 0.05836101 0 -0.0839431 0.04197776 0 -0.06793899 0.05807924 0 -0.06793899 0.04192076 0 -0.0678569 0.05802224 0 -0.0678569 0.04197776 0 -0.06777095 0.04202875 0 -0.06827776 0.0584431 0 -0.08402905 0.04202875 0 -0.08411842 0.04207349 0 -0.06832875 0.05852905 0 -0.06777095 0.05797125 0 -0.06768158 0.04207349 0 -0.08421075 0.04211173 0 -0.06837348 0.05861842 0 -0.06768158 0.05792651 0 -0.06758925 0.05788827 0 -0.06758925 0.04211173 0 -0.06841173 0.05871075 0 -0.08430557 0.04214329 0 -0.06749442 0.05785671 0 -0.06749442 0.04214329 0 -0.06844329 0.05880558 0 -0.068468 0.05890241 0 -0.06739759 0.05783199 0 -0.06739759 0.04216801 0 -0.06848575 0.05900076 0 -0.06729924 0.04218575 0 -0.06729924 0.05781425 0 -0.06719987 0.04219643 0 -0.06719987 0.05780357 0 -0.08967741 0.06792799 0 -0.06849643 0.05910012 0 -0.0671 0.0578 0 -0.0671 0.0422 0 -0.0685 0.0592 0 -0.06849643 0.05929987 0 -0.06700012 0.05780357 0 -0.06700012 0.04219643 0 -0.06690076 0.04218575 0 -0.06848575 0.05939924 0 -0.06690076 0.05781425 0 -0.068468 0.05949759 0 -0.06680241 0.05783199 0 -0.06680241 0.04216801 0 -0.08618 0.07231361 0 -0.06844329 0.05959443 0 -0.06670557 0.05785671 0 -0.06670557 0.04214329 0 -0.06661075 0.04211173 0 -0.06841173 0.05968925 0 -0.06661075 0.05788827 0 -0.06837348 0.05978158 0 -0.06651842 0.05792651 0 -0.06651842 0.04207349 0 -0.06642905 0.04202875 0 -0.06832875 0.05987095 0 -0.06642905 0.05797125 0 -0.06827776 0.0599569 0 -0.0663431 0.05802224 0 -0.0663431 0.04197776 0 -0.06822076 0.06003899 0 -0.06626101 0.04192076 0 -0.06626101 0.05807924 0 -0.0661832 0.04185805 0 -0.06815805 0.06011681 0 -0.0661832 0.05814195 0 -0.06611005 0.05821005 0 -0.06611005 0.04178995 0 -0.06604195 0.0582832 0 -0.06604195 0.0417168 0 -0.06597924 0.04163899 0 -0.06597924 0.05836101 0 -0.06592225 0.0415569 0 -0.06592225 0.0584431 0 -0.06587125 0.04147095 0 -0.06587125 0.05852905 0 -0.06582652 0.04138158 0 -0.06582652 0.05861842 0 -0.06578827 0.04128925 0 -0.06578827 0.05871075 0 -0.06575671 0.04119442 0 -0.06575671 0.05880558 0 -0.06777095 0.06042875 0 -0.08246834 0.07651943 0 -0.06768158 0.06047348 0 -0.0678569 0.06037775 0 -0.06793899 0.06032076 0 -0.06801681 0.06025805 0 -0.06808995 0.06018995 0 -0.025 0.024 0 0.025 -0.024 0 -0.06729924 0.06058575 0 -0.07855164 0.08053502 0 -0.06719987 0.06059643 0 -0.06739759 0.060568 0 -0.06749442 0.06054329 0 -0.06758925 0.06051173 0 0.06604195 -0.06011681 0 0.06611005 -0.06018995 0 0.0661832 -0.06025805 0 0.06597924 -0.06003899 0 0.06626101 -0.06032076 0 0.06592225 -0.0599569 0 0.0663431 -0.06037775 0 0.06587125 -0.05987095 0 0.06642905 -0.06042875 0 0.06582652 -0.05978158 0 0.06651842 -0.06047348 0 0.06578827 -0.05968925 0 0.06661075 -0.06051173 0 0.06575671 -0.05959443 0 0.06670557 -0.06054329 0 0.06680241 -0.060568 0 0.06573199 -0.05949759 0 0.06571425 -0.05939924 0 0.06690076 -0.06058575 0 0.06570357 -0.05929987 0 0.06700012 -0.06059643 0 0.0657 -0.0592 0 0.0671 -0.0606 0 0.06570357 -0.05910012 0 0.06719987 -0.06059643 0 0.07855164 -0.08053502 0 0.06571425 -0.05900076 0 0.06729924 -0.06058575 0 0.06739759 -0.060568 0 0.06749442 -0.06054329 0 0.06758925 -0.06051173 0 0.06768158 -0.06047348 0 0.08246834 -0.07651943 0 0.06777095 -0.06042875 0 0.0678569 -0.06037775 0 0.06793899 -0.06032076 0 0.06801681 -0.06025805 0 0.06808995 -0.06018995 0 0.06815805 -0.06011681 0 -0.07443966 0.08435039 0 -0.0671 0.0606 0 0.06822076 -0.06003899 0 0.08618 -0.07231361 0 0.06827776 -0.0599569 0 0.06832875 -0.05987095 0 0.06837348 -0.05978158 0 0.06841173 -0.05968925 0 0.06844329 -0.05959443 0 -0.06570357 0.05910012 0 -0.055 0.076 0 -0.06571425 0.05900076 0 -0.0657 0.0592 0 -0.06570357 0.05929987 0 -0.06571425 0.05939924 0 -0.06573199 0.05949759 0 -0.06575671 0.05959443 0 -0.06578827 0.05968925 0 -0.06582652 0.05978158 0 -0.06587125 0.05987095 0 -0.06592225 0.0599569 0 -0.06597924 0.06003899 0 -0.06604195 0.06011681 0 -0.06611005 0.06018995 0 -0.0661832 0.06025805 0 -0.06626101 0.06032076 0 -0.0663431 0.06037775 0 -0.06642905 0.06042875 0 -0.0701426 0.08795604 0 -0.06651842 0.06047348 0 -0.06661075 0.06051173 0 -0.06670557 0.06054329 0 -0.06680241 0.060568 0 -0.06690076 0.06058575 0 -0.06700012 0.06059643 0 0.08967741 -0.06792799 0 0.068468 -0.05949759 0 0.06848575 -0.05939924 0 0.06849643 -0.05929987 0 0.0685 -0.0592 0 0.06849643 -0.05910012 0 0.06611005 -0.05821005 0 0.06611005 -0.04178995 0 0.0661832 -0.05814195 0 0.0661832 -0.04185805 0 0.06626101 -0.05807924 0 0.06604195 -0.0582832 0 0.06604195 -0.0417168 0 0.06626101 -0.04192076 0 0.0663431 -0.05802224 0 0.06597924 -0.05836101 0 0.06597924 -0.04163899 0 0.0663431 -0.04197776 0 0.06592225 -0.0584431 0 0.06592225 -0.0415569 0 0.06587125 -0.04147095 0 0.06587125 -0.05852905 0 0.06642905 -0.05797125 0 0.06642905 -0.04202875 0 0.06651842 -0.05792651 0 0.06651842 -0.04207349 0 0.06661075 -0.05788827 0 0.06582652 -0.05861842 0 0.06582652 -0.04138158 0 0.06578827 -0.05871075 0 0.06578827 -0.04128925 0 0.06661075 -0.04211173 0 0.06670557 -0.05785671 0 0.06575671 -0.05880558 0 0.06575671 -0.04119442 0 0.06670557 -0.04214329 0 0.06680241 -0.04216801 0 0.06680241 -0.05783199 0 0.06690076 -0.04218575 0 0.06690076 -0.05781425 0 0.06700012 -0.05780357 0 0.06700012 -0.04219643 0 0.0671 -0.0578 0 0.0671 -0.0422 0 0.06719987 -0.04219643 0 0.06719987 -0.05780357 0 0.06729924 -0.04218575 0 0.06729924 -0.05781425 0 0.06739759 -0.04216801 0 0.06739759 -0.05783199 0 0.06749442 -0.04214329 0 0.06749442 -0.05785671 0 0.06758925 -0.04211173 0 0.06758925 -0.05788827 0 0.06768158 -0.04207349 0 0.06768158 -0.05792651 0 -0.06567117 0.09134303 0 0.06777095 -0.04202875 0 0.06777095 -0.05797125 0 0.0678569 -0.05802224 0 0.0678569 -0.04197776 0 0.06793899 -0.05807924 0 0.06793899 -0.04192076 0 0.06801681 -0.05814195 0 0.06801681 -0.04185805 0 0.06808995 -0.05821005 0 0.06808995 -0.04178995 0 0.09295186 -0.0633735 0 0.06848575 -0.05900076 0 0.068468 -0.05890241 0 0.06739759 -0.039432 0 0.055 -0.024 0 0.06749442 -0.03945671 0 0.06729924 -0.03941425 0 0.06719987 -0.03940357 0 0.0671 -0.0394 0 0.06700012 -0.03940357 0 0.06690076 -0.03941425 0 0.06680241 -0.039432 0 0.06670557 -0.03945671 0 0.06661075 -0.03948827 0 0.06651842 -0.03952652 0 0.06642905 -0.03957125 0 0.0663431 -0.03962225 0 0.06626101 -0.03967924 0 0.0661832 -0.03974195 0 0.06611005 -0.03981005 0 0.06604195 -0.03988319 0 0.06597924 -0.03996101 0 0.06592225 -0.0400431 0 0.06587125 -0.04012905 0 0.06582652 -0.04021842 0 0.06578827 -0.04031075 0 0.06575671 -0.04040557 0 0.06573199 -0.04050241 0 0.06571425 -0.04060076 0 0.06570357 -0.04070013 0 0.0657 -0.0408 0 0.06570357 -0.04089988 0 0.06571425 -0.04099924 0 0.06758925 -0.03948827 0 0.06768158 -0.03952652 0 -0.06103645 0.09450291 0 -0.05625 0.09742786 0 0.08371005 -0.04178995 0 0.08364195 -0.0417168 0 0.06815805 -0.0417168 0 0.06822076 -0.04163899 0 0.0837832 -0.04185805 0 0.06815805 -0.0582832 0 0.08357924 -0.04163899 0 0.08386101 -0.04192076 0 0.06822076 -0.05836101 0 0.06827776 -0.0415569 0 0.08352225 -0.0415569 0 0.0839431 -0.04197776 0 0.06827776 -0.0584431 0 0.06832875 -0.04147095 0 0.08347125 -0.04147095 0 0.06837348 -0.04138158 0 0.08402905 -0.04202875 0 0.06832875 -0.05852905 0 0.08342651 -0.04138158 0 0.08411842 -0.04207349 0 0.06837348 -0.05861842 0 0.08338827 -0.04128925 0 0.06841173 -0.04128925 0 0.08421075 -0.04211173 0 0.06841173 -0.05871075 0 0.08335671 -0.04119442 0 0.06844329 -0.04119442 0 0.068468 -0.04109759 0 0.08430557 -0.04214329 0 0.06844329 -0.05880558 0 0.08333199 -0.04109759 0 0.06848575 -0.04099924 0 0.0844024 -0.04216801 0 0.08331425 -0.04099924 0 0.08450076 -0.04218575 0 0.08330357 -0.04089988 0 0.06849643 -0.04089988 0 0.0685 -0.0408 0 0.08460013 -0.04219643 0 0.0833 -0.0408 0 0.06849643 -0.04070013 0 0.0847 -0.0422 0 0.09599522 -0.05866146 0 0.08330357 -0.04070013 0 0.08479987 -0.04219643 0 0.08331425 -0.04060076 0 0.06848575 -0.04060076 0 0.08489924 -0.04218575 0 0.08333199 -0.04050241 0 0.068468 -0.04050241 0 0.06844329 -0.04040557 0 0.08499759 -0.04216801 0 0.08509443 -0.04214329 0 0.08335671 -0.04040557 0 0.08518925 -0.04211173 0 0.08338827 -0.04031075 0 0.06841173 -0.04031075 0 0.08342651 -0.04021842 0 0.06837348 -0.04021842 0 0.08347125 -0.04012905 0 0.06832875 -0.04012905 0 0.06827776 -0.0400431 0 0.08352225 -0.0400431 0 0.08357924 -0.03996101 0 0.06822076 -0.03996101 0 0.08364195 -0.03988319 0 0.06815805 -0.03988319 0 0.08371005 -0.03981005 0 0.06808995 -0.03981005 0 0.0837832 -0.03974195 0 0.06801681 -0.03974195 0 0.06793899 -0.03967924 0 0.08386101 -0.03967924 0 0.0839431 -0.03962225 0 0.0678569 -0.03962225 0 0.08402905 -0.03957125 0 0.06777095 -0.03957125 0 0.08411842 -0.03952652 0 0.08421075 -0.03948827 0 0.08430557 -0.03945671 0 0.0844024 -0.039432 0 0.09879993 -0.05380357 0 0.08528158 -0.04207349 0 0.08537095 -0.04202875 0 0.08545689 -0.04197776 0 0.08553899 -0.04192076 0 0.08561681 -0.04185805 0 0.08568995 -0.04178995 0 0.08575805 -0.0417168 0 0.08450076 -0.03941425 0 0.08460013 -0.03940357 0 -0.0513237 0.1001106 0 0.025 0.024 0 -0.025 0.076 0 0.101359 -0.04881192 0 0.08582076 -0.04163899 0 0.08587775 -0.0415569 0 0.08592875 -0.04147095 0 0.08597349 -0.04138158 0 0.08601173 -0.04128925 0 0.08604329 -0.04119442 0 0.08606801 -0.04109759 0 -0.0462698 0.1025444 0 0.1036661 -0.04369891 0 0.08608575 -0.04099924 0 0.08609644 -0.04089988 0 0.0861 -0.0408 0 0.08609644 -0.04070013 0 0.08608575 -0.04060076 0 0.08606801 -0.04050241 0 0.08604329 -0.04040557 0 -0.04110086 0.1047233 0 0.08601173 -0.04031075 0 0.1057154 -0.03847726 0 0.08597349 -0.04021842 0 0.08592875 -0.04012905 0 0.08587775 -0.0400431 0 0.08582076 -0.03996101 0 0.08575805 -0.03988319 0 -0.03582975 0.1066418 0 0.1075019 -0.03315996 0 0.08568995 -0.03981005 0 0.08561681 -0.03974195 0 0.08553899 -0.03967924 0 0.08545689 -0.03962225 0 -0.03046955 0.1082952 0 0.055 0.024 0 0.1090212 -0.02776021 0 0.08537095 -0.03957125 0 0.08528158 -0.03952652 0 0.08518925 -0.03948827 0 0.08509443 -0.03945671 0 -0.02503361 0.1096794 0 0.1102694 -0.02229144 0 0.08499759 -0.039432 0 0.08489924 -0.03941425 0 0.08479987 -0.03940357 0 -0.01953542 0.1107909 0 0.1112435 -0.01676726 0 0.0847 -0.0394 0 -0.01398867 0.1116269 0 0.111941 -0.01120138 0 0.025 0.076 0 -0.008407136 0.1121854 0 0.06604195 0.03988319 0 0.06611005 0.03981005 0 0.0661832 0.03974195 0 0.06626101 0.03967924 0 0.06597924 0.03996101 0 0.06592225 0.0400431 0 0.0663431 0.03962225 0 0.06587125 0.04012905 0 0.06642905 0.03957125 0 0.06582652 0.04021842 0 0.06651842 0.03952652 0 0.06578827 0.04031075 0 0.06661075 0.03948827 0 0.06575671 0.04040557 0 0.06670557 0.03945671 0 0.06680241 0.039432 0 0.06573199 0.04050241 0 0.06571425 0.04060076 0 0.06690076 0.03941425 0 0.06700012 0.03940357 0 0.06570357 0.04070013 0 0.0657 0.0408 0 0.0671 0.0394 0 0.06570357 0.04089988 0 0.06719987 0.03940357 0 0.06729924 0.03941425 0 0.06571425 0.04099924 0 0.1123602 -0.005607662 0 0.06739759 0.039432 0 0.06749442 0.03945671 0 0.06758925 0.03948827 0 0.06768158 0.03952652 0 -0.002804703 0.112465 0 0.1125 0 0 0.002804703 0.112465 0 0.1123602 0.005607662 0 0.008407136 0.1121854 0 0.111941 0.01120138 0 0.06815805 0.03988319 0 0.08364195 0.03988319 0 0.06808995 0.03981005 0 0.06822076 0.03996101 0 0.08371005 0.03981005 0 0.0837832 0.03974195 0 0.06801681 0.03974195 0 0.08386101 0.03967924 0 0.06793899 0.03967924 0 0.08357924 0.03996101 0 0.06827776 0.0400431 0 0.08352225 0.0400431 0 0.0839431 0.03962225 0 0.0678569 0.03962225 0 0.06832875 0.04012905 0 0.08347125 0.04012905 0 0.08402905 0.03957125 0 0.06777095 0.03957125 0 0.06837348 0.04021842 0 0.08342651 0.04021842 0 0.06841173 0.04031075 0 0.08411842 0.03952652 0 0.08338827 0.04031075 0 0.08421075 0.03948827 0 0.06844329 0.04040557 0 0.08335671 0.04040557 0 0.08430557 0.03945671 0 0.068468 0.04050241 0 0.08333199 0.04050241 0 0.06848575 0.04060076 0 0.0844024 0.039432 0 0.08331425 0.04060076 0 0.08450076 0.03941425 0 0.08460013 0.03940357 0 0.06849643 0.04070013 0 0.08330357 0.04070013 0 0.0685 0.0408 0 0.0833 0.0408 0 0.08330357 0.04089988 0 0.06849643 0.04089988 0 0.08331425 0.04099924 0 0.06848575 0.04099924 0 0.06611005 0.04178995 0 0.06611005 0.05821005 0 0.0661832 0.04185805 0 0.06604195 0.0582832 0 0.06604195 0.0417168 0 0.0661832 0.05814195 0 0.06626101 0.05807924 0 0.06626101 0.04192076 0 0.06597924 0.05836101 0 0.06597924 0.04163899 0 0.06592225 0.0584431 0 0.06592225 0.0415569 0 0.06587125 0.04147095 0 0.0663431 0.05802224 0 0.0663431 0.04197776 0 0.06642905 0.04202875 0 0.06587125 0.05852905 0 0.06642905 0.05797125 0 0.06651842 0.04207349 0 0.08333199 0.04109759 0 0.068468 0.04109759 0 0.06844329 0.04119442 0 0.06582652 0.05861842 0 0.06582652 0.04138158 0 0.06578827 0.04128925 0 0.06651842 0.05792651 0 0.06661075 0.04211173 0 0.06661075 0.05788827 0 0.06670557 0.04214329 0 0.06578827 0.05871075 0 0.08335671 0.04119442 0 0.06575671 0.05880558 0 0.06575671 0.04119442 0 0.06670557 0.05785671 0 0.06680241 0.04216801 0 0.06680241 0.05783199 0 0.06690076 0.04218575 0 0.06841173 0.04128925 0 0.08338827 0.04128925 0 0.06690076 0.05781425 0 0.06700012 0.05780357 0 0.06700012 0.04219643 0 0.0671 0.0422 0 0.06837348 0.04138158 0 0.08342651 0.04138158 0 0.0671 0.0578 0 0.06832875 0.04147095 0 0.08347125 0.04147095 0 0.06827776 0.0415569 0 0.06719987 0.04219643 0 0.06719987 0.05780357 0 0.06729924 0.04218575 0 0.08352225 0.0415569 0 0.06729924 0.05781425 0 0.06822076 0.04163899 0 0.08357924 0.04163899 0 0.06739759 0.04216801 0 0.06739759 0.05783199 0 0.06749442 0.04214329 0 0.06749442 0.05785671 0 0.06815805 0.0417168 0 0.08364195 0.0417168 0 0.06758925 0.05788827 0 0.06758925 0.04211173 0 0.06808995 0.04178995 0 0.08371005 0.04178995 0 0.06768158 0.05792651 0 0.06768158 0.04207349 0 0.01398867 0.1116269 0 0.06777095 0.04202875 0 0.06777095 0.05797125 0 0.0678569 0.04197776 0 0.0678569 0.05802224 0 0.06793899 0.05807924 0 0.06793899 0.04192076 0 0.06801681 0.05814195 0 0.06801681 0.04185805 0 0.06808995 0.05821005 0 0.0837832 0.04185805 0 0.06815805 0.0582832 0 0.08386101 0.04192076 0 0.06822076 0.05836101 0 0.0839431 0.04197776 0 0.06827776 0.0584431 0 0.08402905 0.04202875 0 0.06832875 0.05852905 0 0.08411842 0.04207349 0 0.06837348 0.05861842 0 0.08421075 0.04211173 0 0.06841173 0.05871075 0 0.08430557 0.04214329 0 0.06844329 0.05880558 0 0.0844024 0.04216801 0 0.068468 0.05890241 0 0.0847 0.0394 0 0.1112435 0.01676726 0 0.08479987 0.03940357 0 0.01953542 0.1107909 0 0.06700012 0.06059643 0 0.055 0.076 0 0.0671 0.0606 0 0.06690076 0.06058575 0 0.06680241 0.060568 0 0.06670557 0.06054329 0 0.06661075 0.06051173 0 0.06651842 0.06047348 0 0.06642905 0.06042875 0 0.0663431 0.06037775 0 0.06626101 0.06032076 0 0.0661832 0.06025805 0 0.06611005 0.06018995 0 0.06604195 0.06011681 0 0.06597924 0.06003899 0 0.06592225 0.0599569 0 0.06587125 0.05987095 0 0.06582652 0.05978158 0 0.06578827 0.05968925 0 0.06575671 0.05959443 0 0.06573199 0.05949759 0 0.06571425 0.05939924 0 0.06570357 0.05929987 0 0.0657 0.0592 0 0.06570357 0.05910012 0 0.06571425 0.05900076 0 0.1102694 0.02229144 0 0.08489924 0.03941425 0 0.08499759 0.039432 0 0.08509443 0.03945671 0 0.02503361 0.1096794 0 0.1090212 0.02776021 0 0.08518925 0.03948827 0 0.08528158 0.03952652 0 0.08537095 0.03957125 0 0.08545689 0.03962225 0 0.03046955 0.1082952 0 0.1075019 0.03315996 0 0.08553899 0.03967924 0 0.08561681 0.03974195 0 0.08568995 0.03981005 0 0.08575805 0.03988319 0 0.03582975 0.1066418 0 0.1057154 0.03847726 0 0.08582076 0.03996101 0 0.08587775 0.0400431 0 0.08592875 0.04012905 0 0.08597349 0.04021842 0 0.08601173 0.04031075 0 0.08604329 0.04040557 0 0.04110086 0.1047233 0 0.08609644 0.04089988 0 0.1036661 0.04369891 0 0.0861 0.0408 0 0.08608575 0.04099924 0 0.08606801 0.04109759 0 0.08606801 0.04050241 0 0.08608575 0.04060076 0 0.08609644 0.04070013 0 0.0462698 0.1025444 0 0.08604329 0.04119442 0 0.101359 0.04881192 0 0.08601173 0.04128925 0 0.08597349 0.04138158 0 0.08592875 0.04147095 0 0.08587775 0.0415569 0 0.08582076 0.04163899 0 0.08575805 0.0417168 0 0.0513237 0.1001106 0 0.08568995 0.04178995 0 0.09879993 0.05380357 0 0.08561681 0.04185805 0 0.08553899 0.04192076 0 0.08545689 0.04197776 0 0.08537095 0.04202875 0 0.08528158 0.04207349 0 0.08518925 0.04211173 0 0.05625 0.09742786 0 0.09599522 0.05866146 0 0.08509443 0.04214329 0 0.08499759 0.04216801 0 0.08489924 0.04218575 0 0.08479987 0.04219643 0 0.0847 0.0422 0 0.06103645 0.09450291 0 0.09295186 0.0633735 0 0.08460013 0.04219643 0 0.08450076 0.04218575 0 0.06848575 0.05900076 0 0.06849643 0.05910012 0 0.06567117 0.09134303 0 0.06849643 0.05929987 0 0.08967741 0.06792799 0 0.0685 0.0592 0 0.06848575 0.05939924 0 0.068468 0.05949759 0 0.06844329 0.05959443 0 0.0701426 0.08795604 0 0.06841173 0.05968925 0 0.08618 0.07231361 0 0.06837348 0.05978158 0 0.06832875 0.05987095 0 0.06827776 0.0599569 0 0.06822076 0.06003899 0 0.06815805 0.06011681 0 0.07443966 0.08435039 0 0.06719987 0.06059643 0 0.06808995 0.06018995 0 0.08246834 0.07651943 0 0.06801681 0.06025805 0 0.06793899 0.06032076 0 0.0678569 0.06037775 0 0.06777095 0.06042875 0 0.06768158 0.06047348 0 0.06758925 0.06051173 0 0.07855164 0.08053502 0 0.06749442 0.06054329 0 0.06739759 0.060568 0 0.06729924 0.06058575 0 -0.06573199 -0.04109759 0 -0.06573199 -0.05890241 0 0.06573199 -0.05890241 0 0.06573199 -0.04109759 0 -0.06573199 0.05890241 0 -0.06573199 0.04109759 0 0.06573199 0.04109759 0 0.06573199 0.05890241 0 0.1125 0 0.035 0.1123602 -0.005607662 0.035 0.111941 -0.01120138 0.035 0.1112435 -0.01676726 0.035 0.1102694 -0.02229144 0.035 0.1090212 -0.02776021 0.035 0.1075019 -0.03315996 0.035 0.1057154 -0.03847726 0.035 0.1036661 -0.04369891 0.035 0.101359 -0.04881192 0.035 0.09879993 -0.05380357 0.035 0.09599522 -0.05866146 0.035 0.09295186 -0.0633735 0.035 0.08967741 -0.06792799 0.035 0.08618 -0.07231361 0.035 0.08246834 -0.07651943 0.035 0.07855164 -0.08053502 0.035 0.07443966 -0.08435039 0.035 0.0701426 -0.08795604 0.035 0.06567117 -0.09134303 0.035 0.06103645 -0.09450291 0.035 0.05625 -0.09742786 0.035 0.0513237 -0.1001106 0.035 0.0462698 -0.1025444 0.035 0.04110086 -0.1047233 0.035 0.03582975 -0.1066418 0.035 0.03046955 -0.1082952 0.035 0.02503361 -0.1096794 0.035 0.01953542 -0.1107909 0.035 0.01398867 -0.1116269 0.035 0.008407136 -0.1121854 0.035 0.002804703 -0.112465 0.035 -0.002804703 -0.112465 0.035 -0.008407136 -0.1121854 0.035 -0.01398867 -0.1116269 0.035 -0.01953542 -0.1107909 0.035 -0.02503361 -0.1096794 0.035 -0.03046955 -0.1082952 0.035 -0.03582975 -0.1066418 0.035 -0.04110086 -0.1047233 0.035 -0.0462698 -0.1025444 0.035 -0.0513237 -0.1001106 0.035 -0.05625 -0.09742786 0.035 -0.06103645 -0.09450291 0.035 -0.06567117 -0.09134303 0.035 -0.0701426 -0.08795604 0.035 -0.07443966 -0.08435039 0.035 -0.07855164 -0.08053502 0.035 -0.08246834 -0.07651943 0.035 -0.08618 -0.07231361 0.035 -0.08967741 -0.06792799 0.035 -0.09295186 -0.0633735 0.035 -0.09599522 -0.05866146 0.035 -0.09879993 -0.05380357 0.035 -0.101359 -0.04881192 0.035 -0.1036661 -0.04369891 0.035 -0.1057154 -0.03847726 0.035 -0.1075019 -0.03315996 0.035 -0.1090212 -0.02776021 0.035 -0.1102694 -0.02229144 0.035 -0.1112435 -0.01676726 0.035 -0.111941 -0.01120138 0.035 -0.1123602 -0.005607662 0.035 -0.1125 -3.85903e-16 0.035 -0.1123602 0.005607662 0.035 -0.111941 0.01120138 0.035 -0.1112435 0.01676726 0.035 -0.1102694 0.02229144 0.035 -0.1090212 0.02776021 0.035 -0.1075019 0.03315996 0.035 -0.1057154 0.03847726 0.035 -0.1036661 0.04369891 0.035 -0.101359 0.04881192 0.035 -0.09879993 0.05380357 0.035 -0.09599522 0.05866146 0.035 -0.09295186 0.0633735 0.035 -0.08967741 0.06792799 0.035 -0.08618 0.07231361 0.035 -0.08246834 0.07651943 0.035 -0.07855164 0.08053502 0.035 -0.07443966 0.08435039 0.035 -0.0701426 0.08795604 0.035 -0.06567117 0.09134303 0.035 -0.06103645 0.09450291 0.035 -0.05625 0.09742786 0.035 -0.0513237 0.1001106 0.035 -0.0462698 0.1025444 0.035 -0.04110086 0.1047233 0.035 -0.03582975 0.1066418 0.035 -0.03046955 0.1082952 0.035 -0.02503361 0.1096794 0.035 -0.01953542 0.1107909 0.035 -0.01398867 0.1116269 0.035 -0.008407136 0.1121854 0.035 -0.002804703 0.112465 0.035 0.002804703 0.112465 0.035 0.008407136 0.1121854 0.035 0.01398867 0.1116269 0.035 0.01953542 0.1107909 0.035 0.02503361 0.1096794 0.035 0.03046955 0.1082952 0.035 0.03582975 0.1066418 0.035 0.04110086 0.1047233 0.035 0.0462698 0.1025444 0.035 0.0513237 0.1001106 0.035 0.05625 0.09742786 0.035 0.06103645 0.09450291 0.035 0.06567117 0.09134303 0.035 0.0701426 0.08795604 0.035 0.07443966 0.08435039 0.035 0.07855164 0.08053502 0.035 0.08246834 0.07651943 0.035 0.08618 0.07231361 0.035 0.08967741 0.06792799 0.035 0.09295186 0.0633735 0.035 0.09599522 0.05866146 0.035 0.09879993 0.05380357 0.035 0.101359 0.04881192 0.035 0.1036661 0.04369891 0.035 0.1057154 0.03847726 0.035 0.1075019 0.03315996 0.035 0.1090212 0.02776021 0.035 0.1102694 0.02229144 0.035 0.1112435 0.01676726 0.035 0.111941 0.01120138 0.035 0.1123602 0.005607662 0.035 -0.0657 -0.0592 0.003 -0.06570357 -0.05910012 0.003 -0.06571425 -0.05900076 0.003 -0.06573199 -0.05890241 0.003 -0.06575671 -0.05880558 0.003 -0.06578827 -0.05871075 0.003 -0.06582652 -0.05861842 0.003 -0.06587125 -0.05852905 0.003 -0.06592225 -0.0584431 0.003 -0.06597924 -0.05836101 0.003 -0.06604195 -0.0582832 0.003 -0.06611005 -0.05821005 0.003 -0.0661832 -0.05814195 0.003 -0.06626101 -0.05807924 0.003 -0.0663431 -0.05802224 0.003 -0.06642905 -0.05797125 0.003 -0.06651842 -0.05792651 0.003 -0.06661075 -0.05788827 0.003 -0.06670557 -0.05785671 0.003 -0.06680241 -0.05783199 0.003 -0.06690076 -0.05781425 0.003 -0.06700012 -0.05780357 0.003 -0.0671 -0.0578 0.003 -0.06719987 -0.05780357 0.003 -0.06729924 -0.05781425 0.003 -0.06739759 -0.05783199 0.003 -0.06749442 -0.05785671 0.003 -0.06758925 -0.05788827 0.003 -0.06768158 -0.05792651 0.003 -0.06777095 -0.05797125 0.003 -0.0678569 -0.05802224 0.003 -0.06793899 -0.05807924 0.003 -0.06801681 -0.05814195 0.003 -0.06808995 -0.05821005 0.003 -0.06815805 -0.0582832 0.003 -0.06822076 -0.05836101 0.003 -0.06827776 -0.0584431 0.003 -0.06832875 -0.05852905 0.003 -0.06837348 -0.05861842 0.003 -0.06841173 -0.05871075 0.003 -0.06844329 -0.05880558 0.003 -0.068468 -0.05890241 0.003 -0.06848575 -0.05900076 0.003 -0.06849643 -0.05910012 0.003 -0.0685 -0.0592 0.003 -0.06849643 -0.05929987 0.003 -0.06848575 -0.05939924 0.003 -0.068468 -0.05949759 0.003 -0.06844329 -0.05959443 0.003 -0.06841173 -0.05968925 0.003 -0.06837348 -0.05978158 0.003 -0.06832875 -0.05987095 0.003 -0.06827776 -0.0599569 0.003 -0.06822076 -0.06003899 0.003 -0.06815805 -0.06011681 0.003 -0.06808995 -0.06018995 0.003 -0.06801681 -0.06025805 0.003 -0.06793899 -0.06032076 0.003 -0.0678569 -0.06037775 0.003 -0.06777095 -0.06042875 0.003 -0.06768158 -0.06047348 0.003 -0.06758925 -0.06051173 0.003 -0.06749442 -0.06054329 0.003 -0.06739759 -0.060568 0.003 -0.06729924 -0.06058575 0.003 -0.06719987 -0.06059643 0.003 -0.0671 -0.0606 0.003 -0.06700012 -0.06059643 0.003 -0.06690076 -0.06058575 0.003 -0.06680241 -0.060568 0.003 -0.06670557 -0.06054329 0.003 -0.06661075 -0.06051173 0.003 -0.06651842 -0.06047348 0.003 -0.06642905 -0.06042875 0.003 -0.0663431 -0.06037775 0.003 -0.06626101 -0.06032076 0.003 -0.0661832 -0.06025805 0.003 -0.06611005 -0.06018995 0.003 -0.06604195 -0.06011681 0.003 -0.06597924 -0.06003899 0.003 -0.06592225 -0.0599569 0.003 -0.06587125 -0.05987095 0.003 -0.06582652 -0.05978158 0.003 -0.06578827 -0.05968925 0.003 -0.06575671 -0.05959443 0.003 -0.06573199 -0.05949759 0.003 -0.06571425 -0.05939924 0.003 -0.06570357 -0.05929987 0.003 -0.0833 -0.0408 0.003 -0.08330357 -0.04070013 0.003 -0.08331425 -0.04060076 0.003 -0.08333199 -0.04050241 0.003 -0.08335671 -0.04040557 0.003 -0.08338827 -0.04031075 0.003 -0.08342651 -0.04021842 0.003 -0.08347125 -0.04012905 0.003 -0.08352225 -0.0400431 0.003 -0.08357924 -0.03996101 0.003 -0.08364195 -0.03988319 0.003 -0.08371005 -0.03981005 0.003 -0.0837832 -0.03974195 0.003 -0.08386101 -0.03967924 0.003 -0.0839431 -0.03962225 0.003 -0.08402905 -0.03957125 0.003 -0.08411842 -0.03952652 0.003 -0.08421075 -0.03948827 0.003 -0.08430557 -0.03945671 0.003 -0.0844024 -0.039432 0.003 -0.08450076 -0.03941425 0.003 -0.08460013 -0.03940357 0.003 -0.0847 -0.0394 0.003 -0.08479987 -0.03940357 0.003 -0.08489924 -0.03941425 0.003 -0.08499759 -0.039432 0.003 -0.08509443 -0.03945671 0.003 -0.08518925 -0.03948827 0.003 -0.08528158 -0.03952652 0.003 -0.08537095 -0.03957125 0.003 -0.08545689 -0.03962225 0.003 -0.08553899 -0.03967924 0.003 -0.08561681 -0.03974195 0.003 -0.08568995 -0.03981005 0.003 -0.08575805 -0.03988319 0.003 -0.08582076 -0.03996101 0.003 -0.08587775 -0.0400431 0.003 -0.08592875 -0.04012905 0.003 -0.08597349 -0.04021842 0.003 -0.08601173 -0.04031075 0.003 -0.08604329 -0.04040557 0.003 -0.08606801 -0.04050241 0.003 -0.08608575 -0.04060076 0.003 -0.08609644 -0.04070013 0.003 -0.0861 -0.0408 0.003 -0.08609644 -0.04089988 0.003 -0.08608575 -0.04099924 0.003 -0.08606801 -0.04109759 0.003 -0.08604329 -0.04119442 0.003 -0.08601173 -0.04128925 0.003 -0.08597349 -0.04138158 0.003 -0.08592875 -0.04147095 0.003 -0.08587775 -0.0415569 0.003 -0.08582076 -0.04163899 0.003 -0.08575805 -0.0417168 0.003 -0.08568995 -0.04178995 0.003 -0.08561681 -0.04185805 0.003 -0.08553899 -0.04192076 0.003 -0.08545689 -0.04197776 0.003 -0.08537095 -0.04202875 0.003 -0.08528158 -0.04207349 0.003 -0.08518925 -0.04211173 0.003 -0.08509443 -0.04214329 0.003 -0.08499759 -0.04216801 0.003 -0.08489924 -0.04218575 0.003 -0.08479987 -0.04219643 0.003 -0.0847 -0.0422 0.003 -0.08460013 -0.04219643 0.003 -0.08450076 -0.04218575 0.003 -0.0844024 -0.04216801 0.003 -0.08430557 -0.04214329 0.003 -0.08421075 -0.04211173 0.003 -0.08411842 -0.04207349 0.003 -0.08402905 -0.04202875 0.003 -0.0839431 -0.04197776 0.003 -0.08386101 -0.04192076 0.003 -0.0837832 -0.04185805 0.003 -0.08371005 -0.04178995 0.003 -0.08364195 -0.0417168 0.003 -0.08357924 -0.04163899 0.003 -0.08352225 -0.0415569 0.003 -0.08347125 -0.04147095 0.003 -0.08342651 -0.04138158 0.003 -0.08338827 -0.04128925 0.003 -0.08335671 -0.04119442 0.003 -0.08333199 -0.04109759 0.003 -0.08331425 -0.04099924 0.003 -0.08330357 -0.04089988 0.003 -0.0657 -0.0408 0.003 -0.06570357 -0.04070013 0.003 -0.06571425 -0.04060076 0.003 -0.06573199 -0.04050241 0.003 -0.06575671 -0.04040557 0.003 -0.06578827 -0.04031075 0.003 -0.06582652 -0.04021842 0.003 -0.06587125 -0.04012905 0.003 -0.06592225 -0.0400431 0.003 -0.06597924 -0.03996101 0.003 -0.06604195 -0.03988319 0.003 -0.06611005 -0.03981005 0.003 -0.0661832 -0.03974195 0.003 -0.06626101 -0.03967924 0.003 -0.0663431 -0.03962225 0.003 -0.06642905 -0.03957125 0.003 -0.06651842 -0.03952652 0.003 -0.06661075 -0.03948827 0.003 -0.06670557 -0.03945671 0.003 -0.06680241 -0.039432 0.003 -0.06690076 -0.03941425 0.003 -0.06700012 -0.03940357 0.003 -0.0671 -0.0394 0.003 -0.06719987 -0.03940357 0.003 -0.06729924 -0.03941425 0.003 -0.06739759 -0.039432 0.003 -0.06749442 -0.03945671 0.003 -0.06758925 -0.03948827 0.003 -0.06768158 -0.03952652 0.003 -0.06777095 -0.03957125 0.003 -0.0678569 -0.03962225 0.003 -0.06793899 -0.03967924 0.003 -0.06801681 -0.03974195 0.003 -0.06808995 -0.03981005 0.003 -0.06815805 -0.03988319 0.003 -0.06822076 -0.03996101 0.003 -0.06827776 -0.0400431 0.003 -0.06832875 -0.04012905 0.003 -0.06837348 -0.04021842 0.003 -0.06841173 -0.04031075 0.003 -0.06844329 -0.04040557 0.003 -0.068468 -0.04050241 0.003 -0.06848575 -0.04060076 0.003 -0.06849643 -0.04070013 0.003 -0.0685 -0.0408 0.003 -0.06849643 -0.04089988 0.003 -0.06848575 -0.04099924 0.003 -0.068468 -0.04109759 0.003 -0.06844329 -0.04119442 0.003 -0.06841173 -0.04128925 0.003 -0.06837348 -0.04138158 0.003 -0.06832875 -0.04147095 0.003 -0.06827776 -0.0415569 0.003 -0.06822076 -0.04163899 0.003 -0.06815805 -0.0417168 0.003 -0.06808995 -0.04178995 0.003 -0.06801681 -0.04185805 0.003 -0.06793899 -0.04192076 0.003 -0.0678569 -0.04197776 0.003 -0.06777095 -0.04202875 0.003 -0.06768158 -0.04207349 0.003 -0.06758925 -0.04211173 0.003 -0.06749442 -0.04214329 0.003 -0.06739759 -0.04216801 0.003 -0.06729924 -0.04218575 0.003 -0.06719987 -0.04219643 0.003 -0.0671 -0.0422 0.003 -0.06700012 -0.04219643 0.003 -0.06690076 -0.04218575 0.003 -0.06680241 -0.04216801 0.003 -0.06670557 -0.04214329 0.003 -0.06661075 -0.04211173 0.003 -0.06651842 -0.04207349 0.003 -0.06642905 -0.04202875 0.003 -0.0663431 -0.04197776 0.003 -0.06626101 -0.04192076 0.003 -0.0661832 -0.04185805 0.003 -0.06611005 -0.04178995 0.003 -0.06604195 -0.0417168 0.003 -0.06597924 -0.04163899 0.003 -0.06592225 -0.0415569 0.003 -0.06587125 -0.04147095 0.003 -0.06582652 -0.04138158 0.003 -0.06578827 -0.04128925 0.003 -0.06575671 -0.04119442 0.003 -0.06573199 -0.04109759 0.003 -0.06571425 -0.04099924 0.003 -0.06570357 -0.04089988 0.003 -0.025 -0.076 0.003 -0.025 -0.024 0.003 -0.055 -0.024 0.003 -0.055 -0.076 0.003 0.055 -0.076 0.003 0.055 -0.024 0.003 0.025 -0.024 0.003 0.025 -0.076 0.003 0.0685 -0.0592 0.003 0.06849643 -0.05910012 0.003 0.06848575 -0.05900076 0.003 0.068468 -0.05890241 0.003 0.06844329 -0.05880558 0.003 0.06841173 -0.05871075 0.003 0.06837348 -0.05861842 0.003 0.06832875 -0.05852905 0.003 0.06827776 -0.0584431 0.003 0.06822076 -0.05836101 0.003 0.06815805 -0.0582832 0.003 0.06808995 -0.05821005 0.003 0.06801681 -0.05814195 0.003 0.06793899 -0.05807924 0.003 0.0678569 -0.05802224 0.003 0.06777095 -0.05797125 0.003 0.06768158 -0.05792651 0.003 0.06758925 -0.05788827 0.003 0.06749442 -0.05785671 0.003 0.06739759 -0.05783199 0.003 0.06729924 -0.05781425 0.003 0.06719987 -0.05780357 0.003 0.0671 -0.0578 0.003 0.06700012 -0.05780357 0.003 0.06690076 -0.05781425 0.003 0.06680241 -0.05783199 0.003 0.06670557 -0.05785671 0.003 0.06661075 -0.05788827 0.003 0.06651842 -0.05792651 0.003 0.06642905 -0.05797125 0.003 0.0663431 -0.05802224 0.003 0.06626101 -0.05807924 0.003 0.0661832 -0.05814195 0.003 0.06611005 -0.05821005 0.003 0.06604195 -0.0582832 0.003 0.06597924 -0.05836101 0.003 0.06592225 -0.0584431 0.003 0.06587125 -0.05852905 0.003 0.06582652 -0.05861842 0.003 0.06578827 -0.05871075 0.003 0.06575671 -0.05880558 0.003 0.06573199 -0.05890241 0.003 0.06571425 -0.05900076 0.003 0.06570357 -0.05910012 0.003 0.0657 -0.0592 0.003 0.06570357 -0.05929987 0.003 0.06571425 -0.05939924 0.003 0.06573199 -0.05949759 0.003 0.06575671 -0.05959443 0.003 0.06578827 -0.05968925 0.003 0.06582652 -0.05978158 0.003 0.06587125 -0.05987095 0.003 0.06592225 -0.0599569 0.003 0.06597924 -0.06003899 0.003 0.06604195 -0.06011681 0.003 0.06611005 -0.06018995 0.003 0.0661832 -0.06025805 0.003 0.06626101 -0.06032076 0.003 0.0663431 -0.06037775 0.003 0.06642905 -0.06042875 0.003 0.06651842 -0.06047348 0.003 0.06661075 -0.06051173 0.003 0.06670557 -0.06054329 0.003 0.06680241 -0.060568 0.003 0.06690076 -0.06058575 0.003 0.06700012 -0.06059643 0.003 0.0671 -0.0606 0.003 0.06719987 -0.06059643 0.003 0.06729924 -0.06058575 0.003 0.06739759 -0.060568 0.003 0.06749442 -0.06054329 0.003 0.06758925 -0.06051173 0.003 0.06768158 -0.06047348 0.003 0.06777095 -0.06042875 0.003 0.0678569 -0.06037775 0.003 0.06793899 -0.06032076 0.003 0.06801681 -0.06025805 0.003 0.06808995 -0.06018995 0.003 0.06815805 -0.06011681 0.003 0.06822076 -0.06003899 0.003 0.06827776 -0.0599569 0.003 0.06832875 -0.05987095 0.003 0.06837348 -0.05978158 0.003 0.06841173 -0.05968925 0.003 0.06844329 -0.05959443 0.003 0.068468 -0.05949759 0.003 0.06848575 -0.05939924 0.003 0.06849643 -0.05929987 0.003 0.0685 -0.0408 0.003 0.06849643 -0.04070013 0.003 0.06848575 -0.04060076 0.003 0.068468 -0.04050241 0.003 0.06844329 -0.04040557 0.003 0.06841173 -0.04031075 0.003 0.06837348 -0.04021842 0.003 0.06832875 -0.04012905 0.003 0.06827776 -0.0400431 0.003 0.06822076 -0.03996101 0.003 0.06815805 -0.03988319 0.003 0.06808995 -0.03981005 0.003 0.06801681 -0.03974195 0.003 0.06793899 -0.03967924 0.003 0.0678569 -0.03962225 0.003 0.06777095 -0.03957125 0.003 0.06768158 -0.03952652 0.003 0.06758925 -0.03948827 0.003 0.06749442 -0.03945671 0.003 0.06739759 -0.039432 0.003 0.06729924 -0.03941425 0.003 0.06719987 -0.03940357 0.003 0.0671 -0.0394 0.003 0.06700012 -0.03940357 0.003 0.06690076 -0.03941425 0.003 0.06680241 -0.039432 0.003 0.06670557 -0.03945671 0.003 0.06661075 -0.03948827 0.003 0.06651842 -0.03952652 0.003 0.06642905 -0.03957125 0.003 0.0663431 -0.03962225 0.003 0.06626101 -0.03967924 0.003 0.0661832 -0.03974195 0.003 0.06611005 -0.03981005 0.003 0.06604195 -0.03988319 0.003 0.06597924 -0.03996101 0.003 0.06592225 -0.0400431 0.003 0.06587125 -0.04012905 0.003 0.06582652 -0.04021842 0.003 0.06578827 -0.04031075 0.003 0.06575671 -0.04040557 0.003 0.06573199 -0.04050241 0.003 0.06571425 -0.04060076 0.003 0.06570357 -0.04070013 0.003 0.0657 -0.0408 0.003 0.06570357 -0.04089988 0.003 0.06571425 -0.04099924 0.003 0.06573199 -0.04109759 0.003 0.06575671 -0.04119442 0.003 0.06578827 -0.04128925 0.003 0.06582652 -0.04138158 0.003 0.06587125 -0.04147095 0.003 0.06592225 -0.0415569 0.003 0.06597924 -0.04163899 0.003 0.06604195 -0.0417168 0.003 0.06611005 -0.04178995 0.003 0.0661832 -0.04185805 0.003 0.06626101 -0.04192076 0.003 0.0663431 -0.04197776 0.003 0.06642905 -0.04202875 0.003 0.06651842 -0.04207349 0.003 0.06661075 -0.04211173 0.003 0.06670557 -0.04214329 0.003 0.06680241 -0.04216801 0.003 0.06690076 -0.04218575 0.003 0.06700012 -0.04219643 0.003 0.0671 -0.0422 0.003 0.06719987 -0.04219643 0.003 0.06729924 -0.04218575 0.003 0.06739759 -0.04216801 0.003 0.06749442 -0.04214329 0.003 0.06758925 -0.04211173 0.003 0.06768158 -0.04207349 0.003 0.06777095 -0.04202875 0.003 0.0678569 -0.04197776 0.003 0.06793899 -0.04192076 0.003 0.06801681 -0.04185805 0.003 0.06808995 -0.04178995 0.003 0.06815805 -0.0417168 0.003 0.06822076 -0.04163899 0.003 0.06827776 -0.0415569 0.003 0.06832875 -0.04147095 0.003 0.06837348 -0.04138158 0.003 0.06841173 -0.04128925 0.003 0.06844329 -0.04119442 0.003 0.068468 -0.04109759 0.003 0.06848575 -0.04099924 0.003 0.06849643 -0.04089988 0.003 0.0861 -0.0408 0.003 0.08609644 -0.04070013 0.003 0.08608575 -0.04060076 0.003 0.08606801 -0.04050241 0.003 0.08604329 -0.04040557 0.003 0.08601173 -0.04031075 0.003 0.08597349 -0.04021842 0.003 0.08592875 -0.04012905 0.003 0.08587775 -0.0400431 0.003 0.08582076 -0.03996101 0.003 0.08575805 -0.03988319 0.003 0.08568995 -0.03981005 0.003 0.08561681 -0.03974195 0.003 0.08553899 -0.03967924 0.003 0.08545689 -0.03962225 0.003 0.08537095 -0.03957125 0.003 0.08528158 -0.03952652 0.003 0.08518925 -0.03948827 0.003 0.08509443 -0.03945671 0.003 0.08499759 -0.039432 0.003 0.08489924 -0.03941425 0.003 0.08479987 -0.03940357 0.003 0.0847 -0.0394 0.003 0.08460013 -0.03940357 0.003 0.08450076 -0.03941425 0.003 0.0844024 -0.039432 0.003 0.08430557 -0.03945671 0.003 0.08421075 -0.03948827 0.003 0.08411842 -0.03952652 0.003 0.08402905 -0.03957125 0.003 0.0839431 -0.03962225 0.003 0.08386101 -0.03967924 0.003 0.0837832 -0.03974195 0.003 0.08371005 -0.03981005 0.003 0.08364195 -0.03988319 0.003 0.08357924 -0.03996101 0.003 0.08352225 -0.0400431 0.003 0.08347125 -0.04012905 0.003 0.08342651 -0.04021842 0.003 0.08338827 -0.04031075 0.003 0.08335671 -0.04040557 0.003 0.08333199 -0.04050241 0.003 0.08331425 -0.04060076 0.003 0.08330357 -0.04070013 0.003 0.0833 -0.0408 0.003 0.08330357 -0.04089988 0.003 0.08331425 -0.04099924 0.003 0.08333199 -0.04109759 0.003 0.08335671 -0.04119442 0.003 0.08338827 -0.04128925 0.003 0.08342651 -0.04138158 0.003 0.08347125 -0.04147095 0.003 0.08352225 -0.0415569 0.003 0.08357924 -0.04163899 0.003 0.08364195 -0.0417168 0.003 0.08371005 -0.04178995 0.003 0.0837832 -0.04185805 0.003 0.08386101 -0.04192076 0.003 0.0839431 -0.04197776 0.003 0.08402905 -0.04202875 0.003 0.08411842 -0.04207349 0.003 0.08421075 -0.04211173 0.003 0.08430557 -0.04214329 0.003 0.0844024 -0.04216801 0.003 0.08450076 -0.04218575 0.003 0.08460013 -0.04219643 0.003 0.0847 -0.0422 0.003 0.08479987 -0.04219643 0.003 0.08489924 -0.04218575 0.003 0.08499759 -0.04216801 0.003 0.08509443 -0.04214329 0.003 0.08518925 -0.04211173 0.003 0.08528158 -0.04207349 0.003 0.08537095 -0.04202875 0.003 0.08545689 -0.04197776 0.003 0.08553899 -0.04192076 0.003 0.08561681 -0.04185805 0.003 0.08568995 -0.04178995 0.003 0.08575805 -0.0417168 0.003 0.08582076 -0.04163899 0.003 0.08587775 -0.0415569 0.003 0.08592875 -0.04147095 0.003 0.08597349 -0.04138158 0.003 0.08601173 -0.04128925 0.003 0.08604329 -0.04119442 0.003 0.08606801 -0.04109759 0.003 0.08608575 -0.04099924 0.003 0.08609644 -0.04089988 0.003 -0.0833 0.0408 0.003 -0.08330357 0.04089988 0.003 -0.08331425 0.04099924 0.003 -0.08333199 0.04109759 0.003 -0.08335671 0.04119442 0.003 -0.08338827 0.04128925 0.003 -0.08342651 0.04138158 0.003 -0.08347125 0.04147095 0.003 -0.08352225 0.0415569 0.003 -0.08357924 0.04163899 0.003 -0.08364195 0.0417168 0.003 -0.08371005 0.04178995 0.003 -0.0837832 0.04185805 0.003 -0.08386101 0.04192076 0.003 -0.0839431 0.04197776 0.003 -0.08402905 0.04202875 0.003 -0.08411842 0.04207349 0.003 -0.08421075 0.04211173 0.003 -0.08430557 0.04214329 0.003 -0.0844024 0.04216801 0.003 -0.08450076 0.04218575 0.003 -0.08460013 0.04219643 0.003 -0.0847 0.0422 0.003 -0.08479987 0.04219643 0.003 -0.08489924 0.04218575 0.003 -0.08499759 0.04216801 0.003 -0.08509443 0.04214329 0.003 -0.08518925 0.04211173 0.003 -0.08528158 0.04207349 0.003 -0.08537095 0.04202875 0.003 -0.08545689 0.04197776 0.003 -0.08553899 0.04192076 0.003 -0.08561681 0.04185805 0.003 -0.08568995 0.04178995 0.003 -0.08575805 0.0417168 0.003 -0.08582076 0.04163899 0.003 -0.08587775 0.0415569 0.003 -0.08592875 0.04147095 0.003 -0.08597349 0.04138158 0.003 -0.08601173 0.04128925 0.003 -0.08604329 0.04119442 0.003 -0.08606801 0.04109759 0.003 -0.08608575 0.04099924 0.003 -0.08609644 0.04089988 0.003 -0.0861 0.0408 0.003 -0.08609644 0.04070013 0.003 -0.08608575 0.04060076 0.003 -0.08606801 0.04050241 0.003 -0.08604329 0.04040557 0.003 -0.08601173 0.04031075 0.003 -0.08597349 0.04021842 0.003 -0.08592875 0.04012905 0.003 -0.08587775 0.0400431 0.003 -0.08582076 0.03996101 0.003 -0.08575805 0.03988319 0.003 -0.08568995 0.03981005 0.003 -0.08561681 0.03974195 0.003 -0.08553899 0.03967924 0.003 -0.08545689 0.03962225 0.003 -0.08537095 0.03957125 0.003 -0.08528158 0.03952652 0.003 -0.08518925 0.03948827 0.003 -0.08509443 0.03945671 0.003 -0.08499759 0.039432 0.003 -0.08489924 0.03941425 0.003 -0.08479987 0.03940357 0.003 -0.0847 0.0394 0.003 -0.08460013 0.03940357 0.003 -0.08450076 0.03941425 0.003 -0.0844024 0.039432 0.003 -0.08430557 0.03945671 0.003 -0.08421075 0.03948827 0.003 -0.08411842 0.03952652 0.003 -0.08402905 0.03957125 0.003 -0.0839431 0.03962225 0.003 -0.08386101 0.03967924 0.003 -0.0837832 0.03974195 0.003 -0.08371005 0.03981005 0.003 -0.08364195 0.03988319 0.003 -0.08357924 0.03996101 0.003 -0.08352225 0.0400431 0.003 -0.08347125 0.04012905 0.003 -0.08342651 0.04021842 0.003 -0.08338827 0.04031075 0.003 -0.08335671 0.04040557 0.003 -0.08333199 0.04050241 0.003 -0.08331425 0.04060076 0.003 -0.08330357 0.04070013 0.003 -0.0657 0.0408 0.003 -0.06570357 0.04089988 0.003 -0.06571425 0.04099924 0.003 -0.06573199 0.04109759 0.003 -0.06575671 0.04119442 0.003 -0.06578827 0.04128925 0.003 -0.06582652 0.04138158 0.003 -0.06587125 0.04147095 0.003 -0.06592225 0.0415569 0.003 -0.06597924 0.04163899 0.003 -0.06604195 0.0417168 0.003 -0.06611005 0.04178995 0.003 -0.0661832 0.04185805 0.003 -0.06626101 0.04192076 0.003 -0.0663431 0.04197776 0.003 -0.06642905 0.04202875 0.003 -0.06651842 0.04207349 0.003 -0.06661075 0.04211173 0.003 -0.06670557 0.04214329 0.003 -0.06680241 0.04216801 0.003 -0.06690076 0.04218575 0.003 -0.06700012 0.04219643 0.003 -0.0671 0.0422 0.003 -0.06719987 0.04219643 0.003 -0.06729924 0.04218575 0.003 -0.06739759 0.04216801 0.003 -0.06749442 0.04214329 0.003 -0.06758925 0.04211173 0.003 -0.06768158 0.04207349 0.003 -0.06777095 0.04202875 0.003 -0.0678569 0.04197776 0.003 -0.06793899 0.04192076 0.003 -0.06801681 0.04185805 0.003 -0.06808995 0.04178995 0.003 -0.06815805 0.0417168 0.003 -0.06822076 0.04163899 0.003 -0.06827776 0.0415569 0.003 -0.06832875 0.04147095 0.003 -0.06837348 0.04138158 0.003 -0.06841173 0.04128925 0.003 -0.06844329 0.04119442 0.003 -0.068468 0.04109759 0.003 -0.06848575 0.04099924 0.003 -0.06849643 0.04089988 0.003 -0.0685 0.0408 0.003 -0.06849643 0.04070013 0.003 -0.06848575 0.04060076 0.003 -0.068468 0.04050241 0.003 -0.06844329 0.04040557 0.003 -0.06841173 0.04031075 0.003 -0.06837348 0.04021842 0.003 -0.06832875 0.04012905 0.003 -0.06827776 0.0400431 0.003 -0.06822076 0.03996101 0.003 -0.06815805 0.03988319 0.003 -0.06808995 0.03981005 0.003 -0.06801681 0.03974195 0.003 -0.06793899 0.03967924 0.003 -0.0678569 0.03962225 0.003 -0.06777095 0.03957125 0.003 -0.06768158 0.03952652 0.003 -0.06758925 0.03948827 0.003 -0.06749442 0.03945671 0.003 -0.06739759 0.039432 0.003 -0.06729924 0.03941425 0.003 -0.06719987 0.03940357 0.003 -0.0671 0.0394 0.003 -0.06700012 0.03940357 0.003 -0.06690076 0.03941425 0.003 -0.06680241 0.039432 0.003 -0.06670557 0.03945671 0.003 -0.06661075 0.03948827 0.003 -0.06651842 0.03952652 0.003 -0.06642905 0.03957125 0.003 -0.0663431 0.03962225 0.003 -0.06626101 0.03967924 0.003 -0.0661832 0.03974195 0.003 -0.06611005 0.03981005 0.003 -0.06604195 0.03988319 0.003 -0.06597924 0.03996101 0.003 -0.06592225 0.0400431 0.003 -0.06587125 0.04012905 0.003 -0.06582652 0.04021842 0.003 -0.06578827 0.04031075 0.003 -0.06575671 0.04040557 0.003 -0.06573199 0.04050241 0.003 -0.06571425 0.04060076 0.003 -0.06570357 0.04070013 0.003 -0.0657 0.0592 0.003 -0.06570357 0.05929987 0.003 -0.06571425 0.05939924 0.003 -0.06573199 0.05949759 0.003 -0.06575671 0.05959443 0.003 -0.06578827 0.05968925 0.003 -0.06582652 0.05978158 0.003 -0.06587125 0.05987095 0.003 -0.06592225 0.0599569 0.003 -0.06597924 0.06003899 0.003 -0.06604195 0.06011681 0.003 -0.06611005 0.06018995 0.003 -0.0661832 0.06025805 0.003 -0.06626101 0.06032076 0.003 -0.0663431 0.06037775 0.003 -0.06642905 0.06042875 0.003 -0.06651842 0.06047348 0.003 -0.06661075 0.06051173 0.003 -0.06670557 0.06054329 0.003 -0.06680241 0.060568 0.003 -0.06690076 0.06058575 0.003 -0.06700012 0.06059643 0.003 -0.0671 0.0606 0.003 -0.06719987 0.06059643 0.003 -0.06729924 0.06058575 0.003 -0.06739759 0.060568 0.003 -0.06749442 0.06054329 0.003 -0.06758925 0.06051173 0.003 -0.06768158 0.06047348 0.003 -0.06777095 0.06042875 0.003 -0.0678569 0.06037775 0.003 -0.06793899 0.06032076 0.003 -0.06801681 0.06025805 0.003 -0.06808995 0.06018995 0.003 -0.06815805 0.06011681 0.003 -0.06822076 0.06003899 0.003 -0.06827776 0.0599569 0.003 -0.06832875 0.05987095 0.003 -0.06837348 0.05978158 0.003 -0.06841173 0.05968925 0.003 -0.06844329 0.05959443 0.003 -0.068468 0.05949759 0.003 -0.06848575 0.05939924 0.003 -0.06849643 0.05929987 0.003 -0.0685 0.0592 0.003 -0.06849643 0.05910012 0.003 -0.06848575 0.05900076 0.003 -0.068468 0.05890241 0.003 -0.06844329 0.05880558 0.003 -0.06841173 0.05871075 0.003 -0.06837348 0.05861842 0.003 -0.06832875 0.05852905 0.003 -0.06827776 0.0584431 0.003 -0.06822076 0.05836101 0.003 -0.06815805 0.0582832 0.003 -0.06808995 0.05821005 0.003 -0.06801681 0.05814195 0.003 -0.06793899 0.05807924 0.003 -0.0678569 0.05802224 0.003 -0.06777095 0.05797125 0.003 -0.06768158 0.05792651 0.003 -0.06758925 0.05788827 0.003 -0.06749442 0.05785671 0.003 -0.06739759 0.05783199 0.003 -0.06729924 0.05781425 0.003 -0.06719987 0.05780357 0.003 -0.0671 0.0578 0.003 -0.06700012 0.05780357 0.003 -0.06690076 0.05781425 0.003 -0.06680241 0.05783199 0.003 -0.06670557 0.05785671 0.003 -0.06661075 0.05788827 0.003 -0.06651842 0.05792651 0.003 -0.06642905 0.05797125 0.003 -0.0663431 0.05802224 0.003 -0.06626101 0.05807924 0.003 -0.0661832 0.05814195 0.003 -0.06611005 0.05821005 0.003 -0.06604195 0.0582832 0.003 -0.06597924 0.05836101 0.003 -0.06592225 0.0584431 0.003 -0.06587125 0.05852905 0.003 -0.06582652 0.05861842 0.003 -0.06578827 0.05871075 0.003 -0.06575671 0.05880558 0.003 -0.06573199 0.05890241 0.003 -0.06571425 0.05900076 0.003 -0.06570357 0.05910012 0.003 -0.025 0.024 0.003 -0.025 0.076 0.003 -0.055 0.076 0.003 -0.055 0.024 0.003 0.055 0.024 0.003 0.055 0.076 0.003 0.025 0.076 0.003 0.025 0.024 0.003 0.0685 0.0408 0.003 0.06849643 0.04089988 0.003 0.06848575 0.04099924 0.003 0.068468 0.04109759 0.003 0.06844329 0.04119442 0.003 0.06841173 0.04128925 0.003 0.06837348 0.04138158 0.003 0.06832875 0.04147095 0.003 0.06827776 0.0415569 0.003 0.06822076 0.04163899 0.003 0.06815805 0.0417168 0.003 0.06808995 0.04178995 0.003 0.06801681 0.04185805 0.003 0.06793899 0.04192076 0.003 0.0678569 0.04197776 0.003 0.06777095 0.04202875 0.003 0.06768158 0.04207349 0.003 0.06758925 0.04211173 0.003 0.06749442 0.04214329 0.003 0.06739759 0.04216801 0.003 0.06729924 0.04218575 0.003 0.06719987 0.04219643 0.003 0.0671 0.0422 0.003 0.06700012 0.04219643 0.003 0.06690076 0.04218575 0.003 0.06680241 0.04216801 0.003 0.06670557 0.04214329 0.003 0.06661075 0.04211173 0.003 0.06651842 0.04207349 0.003 0.06642905 0.04202875 0.003 0.0663431 0.04197776 0.003 0.06626101 0.04192076 0.003 0.0661832 0.04185805 0.003 0.06611005 0.04178995 0.003 0.06604195 0.0417168 0.003 0.06597924 0.04163899 0.003 0.06592225 0.0415569 0.003 0.06587125 0.04147095 0.003 0.06582652 0.04138158 0.003 0.06578827 0.04128925 0.003 0.06575671 0.04119442 0.003 0.06573199 0.04109759 0.003 0.06571425 0.04099924 0.003 0.06570357 0.04089988 0.003 0.0657 0.0408 0.003 0.06570357 0.04070013 0.003 0.06571425 0.04060076 0.003 0.06573199 0.04050241 0.003 0.06575671 0.04040557 0.003 0.06578827 0.04031075 0.003 0.06582652 0.04021842 0.003 0.06587125 0.04012905 0.003 0.06592225 0.0400431 0.003 0.06597924 0.03996101 0.003 0.06604195 0.03988319 0.003 0.06611005 0.03981005 0.003 0.0661832 0.03974195 0.003 0.06626101 0.03967924 0.003 0.0663431 0.03962225 0.003 0.06642905 0.03957125 0.003 0.06651842 0.03952652 0.003 0.06661075 0.03948827 0.003 0.06670557 0.03945671 0.003 0.06680241 0.039432 0.003 0.06690076 0.03941425 0.003 0.06700012 0.03940357 0.003 0.0671 0.0394 0.003 0.06719987 0.03940357 0.003 0.06729924 0.03941425 0.003 0.06739759 0.039432 0.003 0.06749442 0.03945671 0.003 0.06758925 0.03948827 0.003 0.06768158 0.03952652 0.003 0.06777095 0.03957125 0.003 0.0678569 0.03962225 0.003 0.06793899 0.03967924 0.003 0.06801681 0.03974195 0.003 0.06808995 0.03981005 0.003 0.06815805 0.03988319 0.003 0.06822076 0.03996101 0.003 0.06827776 0.0400431 0.003 0.06832875 0.04012905 0.003 0.06837348 0.04021842 0.003 0.06841173 0.04031075 0.003 0.06844329 0.04040557 0.003 0.068468 0.04050241 0.003 0.06848575 0.04060076 0.003 0.06849643 0.04070013 0.003 0.0861 0.0408 0.003 0.08609644 0.04089988 0.003 0.08608575 0.04099924 0.003 0.08606801 0.04109759 0.003 0.08604329 0.04119442 0.003 0.08601173 0.04128925 0.003 0.08597349 0.04138158 0.003 0.08592875 0.04147095 0.003 0.08587775 0.0415569 0.003 0.08582076 0.04163899 0.003 0.08575805 0.0417168 0.003 0.08568995 0.04178995 0.003 0.08561681 0.04185805 0.003 0.08553899 0.04192076 0.003 0.08545689 0.04197776 0.003 0.08537095 0.04202875 0.003 0.08528158 0.04207349 0.003 0.08518925 0.04211173 0.003 0.08509443 0.04214329 0.003 0.08499759 0.04216801 0.003 0.08489924 0.04218575 0.003 0.08479987 0.04219643 0.003 0.0847 0.0422 0.003 0.08460013 0.04219643 0.003 0.08450076 0.04218575 0.003 0.0844024 0.04216801 0.003 0.08430557 0.04214329 0.003 0.08421075 0.04211173 0.003 0.08411842 0.04207349 0.003 0.08402905 0.04202875 0.003 0.0839431 0.04197776 0.003 0.08386101 0.04192076 0.003 0.0837832 0.04185805 0.003 0.08371005 0.04178995 0.003 0.08364195 0.0417168 0.003 0.08357924 0.04163899 0.003 0.08352225 0.0415569 0.003 0.08347125 0.04147095 0.003 0.08342651 0.04138158 0.003 0.08338827 0.04128925 0.003 0.08335671 0.04119442 0.003 0.08333199 0.04109759 0.003 0.08331425 0.04099924 0.003 0.08330357 0.04089988 0.003 0.0833 0.0408 0.003 0.08330357 0.04070013 0.003 0.08331425 0.04060076 0.003 0.08333199 0.04050241 0.003 0.08335671 0.04040557 0.003 0.08338827 0.04031075 0.003 0.08342651 0.04021842 0.003 0.08347125 0.04012905 0.003 0.08352225 0.0400431 0.003 0.08357924 0.03996101 0.003 0.08364195 0.03988319 0.003 0.08371005 0.03981005 0.003 0.0837832 0.03974195 0.003 0.08386101 0.03967924 0.003 0.0839431 0.03962225 0.003 0.08402905 0.03957125 0.003 0.08411842 0.03952652 0.003 0.08421075 0.03948827 0.003 0.08430557 0.03945671 0.003 0.0844024 0.039432 0.003 0.08450076 0.03941425 0.003 0.08460013 0.03940357 0.003 0.0847 0.0394 0.003 0.08479987 0.03940357 0.003 0.08489924 0.03941425 0.003 0.08499759 0.039432 0.003 0.08509443 0.03945671 0.003 0.08518925 0.03948827 0.003 0.08528158 0.03952652 0.003 0.08537095 0.03957125 0.003 0.08545689 0.03962225 0.003 0.08553899 0.03967924 0.003 0.08561681 0.03974195 0.003 0.08568995 0.03981005 0.003 0.08575805 0.03988319 0.003 0.08582076 0.03996101 0.003 0.08587775 0.0400431 0.003 0.08592875 0.04012905 0.003 0.08597349 0.04021842 0.003 0.08601173 0.04031075 0.003 0.08604329 0.04040557 0.003 0.08606801 0.04050241 0.003 0.08608575 0.04060076 0.003 0.08609644 0.04070013 0.003 0.0685 0.0592 0.003 0.06849643 0.05929987 0.003 0.06848575 0.05939924 0.003 0.068468 0.05949759 0.003 0.06844329 0.05959443 0.003 0.06841173 0.05968925 0.003 0.06837348 0.05978158 0.003 0.06832875 0.05987095 0.003 0.06827776 0.0599569 0.003 0.06822076 0.06003899 0.003 0.06815805 0.06011681 0.003 0.06808995 0.06018995 0.003 0.06801681 0.06025805 0.003 0.06793899 0.06032076 0.003 0.0678569 0.06037775 0.003 0.06777095 0.06042875 0.003 0.06768158 0.06047348 0.003 0.06758925 0.06051173 0.003 0.06749442 0.06054329 0.003 0.06739759 0.060568 0.003 0.06729924 0.06058575 0.003 0.06719987 0.06059643 0.003 0.0671 0.0606 0.003 0.06700012 0.06059643 0.003 0.06690076 0.06058575 0.003 0.06680241 0.060568 0.003 0.06670557 0.06054329 0.003 0.06661075 0.06051173 0.003 0.06651842 0.06047348 0.003 0.06642905 0.06042875 0.003 0.0663431 0.06037775 0.003 0.06626101 0.06032076 0.003 0.0661832 0.06025805 0.003 0.06611005 0.06018995 0.003 0.06604195 0.06011681 0.003 0.06597924 0.06003899 0.003 0.06592225 0.0599569 0.003 0.06587125 0.05987095 0.003 0.06582652 0.05978158 0.003 0.06578827 0.05968925 0.003 0.06575671 0.05959443 0.003 0.06573199 0.05949759 0.003 0.06571425 0.05939924 0.003 0.06570357 0.05929987 0.003 0.0657 0.0592 0.003 0.06570357 0.05910012 0.003 0.06571425 0.05900076 0.003 0.06573199 0.05890241 0.003 0.06575671 0.05880558 0.003 0.06578827 0.05871075 0.003 0.06582652 0.05861842 0.003 0.06587125 0.05852905 0.003 0.06592225 0.0584431 0.003 0.06597924 0.05836101 0.003 0.06604195 0.0582832 0.003 0.06611005 0.05821005 0.003 0.0661832 0.05814195 0.003 0.06626101 0.05807924 0.003 0.0663431 0.05802224 0.003 0.06642905 0.05797125 0.003 0.06651842 0.05792651 0.003 0.06661075 0.05788827 0.003 0.06670557 0.05785671 0.003 0.06680241 0.05783199 0.003 0.06690076 0.05781425 0.003 0.06700012 0.05780357 0.003 0.0671 0.0578 0.003 0.06719987 0.05780357 0.003 0.06729924 0.05781425 0.003 0.06739759 0.05783199 0.003 0.06749442 0.05785671 0.003 0.06758925 0.05788827 0.003 0.06768158 0.05792651 0.003 0.06777095 0.05797125 0.003 0.0678569 0.05802224 0.003 0.06793899 0.05807924 0.003 0.06801681 0.05814195 0.003 0.06808995 0.05821005 0.003 0.06815805 0.0582832 0.003 0.06822076 0.05836101 0.003 0.06827776 0.0584431 0.003 0.06832875 0.05852905 0.003 0.06837348 0.05861842 0.003 0.06841173 0.05871075 0.003 0.06844329 0.05880558 0.003 0.068468 0.05890241 0.003 0.06848575 0.05900076 0.003 0.06849643 0.05910012 0.003 -0.0724546 -0.08210104 0.003 -0.06827213 -0.08561055 0.003 -0.06391993 -0.08890721 0.003 -0.05940882 -0.09198284 0.003 -0.05475 -0.09482978 0.003 -0.04995507 -0.09744096 0.003 -0.04503594 -0.09980989 0.003 -0.08026918 -0.07447891 0.003 -0.08388187 -0.07038525 0.003 -0.07645693 -0.07838742 0.003 -0.08728601 -0.06611658 0.003 -0.09047314 -0.06168355 0.003 -0.09616526 -0.05236881 0.003 -0.09865609 -0.04751027 0.003 -0.09343535 -0.05709716 0.003 -0.1009016 -0.04253361 0.003 -0.1028963 -0.03745121 0.003 -0.1046352 -0.03227569 0.003 -0.106114 -0.02701994 0.003 -0.1073289 -0.021697 0.003 -0.108277 -0.01632013 0.003 -0.04000484 -0.1019307 0.003 -0.03487429 -0.103798 0.003 -0.02965703 -0.1054074 0.003 -0.02436604 -0.1067546 0.003 -0.01901447 -0.1078364 0.003 -0.01361564 -0.1086502 0.003 -0.008182945 -0.1091938 0.003 -0.002729911 -0.109466 0.003 -0.1095 -3.756123e-16 0.003 -0.1093639 -0.005458125 0.003 -0.1089559 -0.01090268 0.003 0.02965703 -0.1054074 0.003 0.03487429 -0.103798 0.003 0.04000484 -0.1019307 0.003 0.04503594 -0.09980989 0.003 0.002729911 -0.109466 0.003 0.008182945 -0.1091938 0.003 0.01361564 -0.1086502 0.003 0.01901447 -0.1078364 0.003 0.02436604 -0.1067546 0.003 -0.1028963 0.03745121 0.003 -0.1046352 0.03227569 0.003 -0.106114 0.02701994 0.003 -0.1009016 0.04253361 0.003 -0.1073289 0.021697 0.003 -0.108277 0.01632013 0.003 -0.09865609 0.04751027 0.003 -0.09616526 0.05236881 0.003 -0.09343535 0.05709716 0.003 -0.1089559 0.01090268 0.003 -0.1093639 0.005458125 0.003 -0.09047314 0.06168355 0.003 0.04995507 -0.09744096 0.003 0.05475 -0.09482978 0.003 0.05940882 -0.09198284 0.003 0.06391993 -0.08890721 0.003 0.06827213 -0.08561055 0.003 0.0724546 -0.08210104 0.003 -0.08728601 0.06611658 0.003 -0.08388187 0.07038525 0.003 -0.08026918 0.07447891 0.003 -0.07645693 0.07838742 0.003 0.07645693 -0.07838742 0.003 0.08026918 -0.07447891 0.003 -0.0724546 0.08210104 0.003 0.08388187 -0.07038525 0.003 -0.06827213 0.08561055 0.003 0.08728601 -0.06611658 0.003 -0.06391993 0.08890721 0.003 0.09047314 -0.06168355 0.003 -0.05940882 0.09198284 0.003 -0.05475 0.09482978 0.003 0.09343535 -0.05709716 0.003 0.09616526 -0.05236881 0.003 -0.04995507 0.09744096 0.003 0.09865609 -0.04751027 0.003 -0.04503594 0.09980989 0.003 0.1009016 -0.04253361 0.003 -0.04000484 0.1019307 0.003 0.1028963 -0.03745121 0.003 -0.03487429 0.103798 0.003 0.1046352 -0.03227569 0.003 -0.02965703 0.1054074 0.003 0.106114 -0.02701994 0.003 -0.02436604 0.1067546 0.003 0.1073289 -0.021697 0.003 -0.01901447 0.1078364 0.003 0.108277 -0.01632013 0.003 -0.01361564 0.1086502 0.003 0.1089559 -0.01090268 0.003 -0.008182945 0.1091938 0.003 0.1093639 -0.005458125 0.003 -0.002729911 0.109466 0.003 0.1095 0 0.003 0.002729911 0.109466 0.003 0.1093639 0.005458125 0.003 0.008182945 0.1091938 0.003 0.1089559 0.01090268 0.003 0.01361564 0.1086502 0.003 0.108277 0.01632013 0.003 0.01901447 0.1078364 0.003 0.1073289 0.021697 0.003 0.02436604 0.1067546 0.003 0.106114 0.02701994 0.003 0.02965703 0.1054074 0.003 0.1046352 0.03227569 0.003 0.03487429 0.103798 0.003 0.1028963 0.03745121 0.003 0.04000484 0.1019307 0.003 0.1009016 0.04253361 0.003 0.04503594 0.09980989 0.003 0.09865609 0.04751027 0.003 0.04995507 0.09744096 0.003 0.09616526 0.05236881 0.003 0.05475 0.09482978 0.003 0.09343535 0.05709716 0.003 0.05940882 0.09198284 0.003 0.09047314 0.06168355 0.003 0.06391993 0.08890721 0.003 0.08728601 0.06611658 0.003 0.06827213 0.08561055 0.003 0.08388187 0.07038525 0.003 0.0724546 0.08210104 0.003 0.08026918 0.07447891 0.003 0.07645693 0.07838742 0.003 0.1095 4.800739e-15 0.03 0.109457 -0.003068419 0.03 0.1091132 -0.009195619 0.03 0.108541 -0.01446028 0.035 0.1091132 -0.009195619 0.035 0.109328 -0.006134428 0.03 0.1077149 -0.01969112 0.035 0.1066369 -0.02487591 0.035 0.1053095 -0.03000251 0.035 0.1037358 -0.03505894 0.035 0.1019195 -0.04003337 0.035 0.09986475 -0.04491417 0.035 0.09757645 -0.04968991 0.035 0.09505992 -0.05434944 0.035 0.09232106 -0.05888185 0.035 0.08936627 -0.06327654 0.035 0.08620246 -0.06752322 0.035 0.08283703 -0.07161198 0.035 0.07927785 -0.07553325 0.035 0.07553325 -0.07927785 0.035 0.07161198 -0.08283703 0.035 0.06752322 -0.08620246 0.035 0.06327654 -0.08936627 0.035 0.05888185 -0.09232106 0.035 0.05434944 -0.09505992 0.035 0.04968991 -0.09757645 0.035 0.04491417 -0.09986475 0.035 0.04003337 -0.1019195 0.035 0.03505894 -0.1037358 0.035 0.03000251 -0.1053095 0.035 0.02487591 -0.1066369 0.035 0.01969112 -0.1077149 0.035 0.01446028 -0.108541 0.035 0.009195619 -0.1091132 0.03 0.009195619 -0.1091132 0.035 0.004601875 -0.1094033 0.03 -2.011482e-17 -0.1095 0.03 -0.004601875 -0.1094033 0.03 -0.009195619 -0.1091132 0.03 -0.01446028 -0.108541 0.035 -0.009195619 -0.1091132 0.035 -0.01969112 -0.1077149 0.035 -0.02487591 -0.1066369 0.035 -0.03000251 -0.1053095 0.035 -0.03505894 -0.1037358 0.035 -0.04003337 -0.1019195 0.035 -0.04491417 -0.09986475 0.035 -0.04968991 -0.09757645 0.035 -0.05434944 -0.09505992 0.035 -0.05888185 -0.09232106 0.035 -0.06327654 -0.08936627 0.035 -0.06752322 -0.08620246 0.035 -0.07161198 -0.08283703 0.035 -0.07553325 -0.07927785 0.035 -0.07927785 -0.07553325 0.035 -0.08283703 -0.07161198 0.035 -0.08620246 -0.06752322 0.035 -0.08936627 -0.06327654 0.035 -0.09232106 -0.05888185 0.035 -0.09505992 -0.05434944 0.035 -0.09757645 -0.04968991 0.035 -0.09986475 -0.04491417 0.035 -0.1019195 -0.04003337 0.035 -0.1037358 -0.03505894 0.035 -0.1053095 -0.03000251 0.035 -0.1066369 -0.02487591 0.035 -0.1077149 -0.01969112 0.035 -0.108541 -0.01446028 0.035 -0.1091132 -0.009195619 0.03 -0.1091132 -0.009195619 0.035 -0.1094033 -0.004601875 0.03 -0.1095 1.340988e-17 0.03 -0.1094033 0.004601875 0.03 -0.1091132 0.009195619 0.03 -0.108541 0.01446028 0.035 -0.1091132 0.009195619 0.035 -0.1077149 0.01969112 0.035 -0.1066369 0.02487591 0.035 -0.1053095 0.03000251 0.035 -0.1037358 0.03505894 0.035 -0.1019195 0.04003337 0.035 -0.09986475 0.04491417 0.035 -0.09757645 0.04968991 0.035 -0.09505992 0.05434944 0.035 -0.09232106 0.05888185 0.035 -0.08936627 0.06327654 0.035 -0.08620246 0.06752322 0.035 -0.08283703 0.07161198 0.035 -0.07927785 0.07553325 0.035 -0.07553325 0.07927785 0.035 -0.07161198 0.08283703 0.035 -0.06752322 0.08620246 0.035 -0.06327654 0.08936627 0.035 -0.05888185 0.09232106 0.035 -0.05434944 0.09505992 0.035 -0.04968991 0.09757645 0.035 -0.04491417 0.09986475 0.035 -0.04003337 0.1019195 0.035 -0.03505894 0.1037358 0.035 -0.03000251 0.1053095 0.035 -0.02487591 0.1066369 0.035 -0.01969112 0.1077149 0.035 -0.01446028 0.108541 0.035 -0.009195619 0.1091132 0.03 -0.009195619 0.1091132 0.035 -0.004601875 0.1094033 0.03 6.704941e-18 0.1095 0.03 0.004601875 0.1094033 0.03 0.009195619 0.1091132 0.03 0.01446028 0.108541 0.035 0.009195619 0.1091132 0.035 0.01969112 0.1077149 0.035 0.02487591 0.1066369 0.035 0.03000251 0.1053095 0.035 0.03505894 0.1037358 0.035 0.04003337 0.1019195 0.035 0.04491417 0.09986475 0.035 0.04968991 0.09757645 0.035 0.05434944 0.09505992 0.035 0.05888185 0.09232106 0.035 0.06327654 0.08936627 0.035 0.06752322 0.08620246 0.035 0.07161198 0.08283703 0.035 0.07553325 0.07927785 0.035 0.07927785 0.07553325 0.035 0.08283703 0.07161198 0.035 0.08620246 0.06752322 0.035 0.08936627 0.06327654 0.035 0.09232106 0.05888185 0.035 0.09505992 0.05434944 0.035 0.09757645 0.04968991 0.035 0.09986475 0.04491417 0.035 0.1019195 0.04003337 0.035 0.1037358 0.03505894 0.035 0.1053095 0.03000251 0.035 0.1066369 0.02487591 0.035 0.1077149 0.01969112 0.035 0.108541 0.01446028 0.035 0.1091132 0.009195619 0.03 0.1091132 0.009195619 0.035 0.109328 0.006134428 0.03 0.109457 0.003068419 0.03 0.09281911 0.004829629 0.035 0.09281911 0.004829629 0.03 0.09258221 0.004759841 0.035 0.09258221 0.004759841 0.03 0.09234906 0.004678441 0.035 0.09234906 0.004678441 0.03 0.09212021 0.004585629 0.035 0.09212021 0.004585629 0.03 0.09189622 0.004481629 0.035 0.09189622 0.004481629 0.03 0.09167764 0.004366697 0.03 0.09167764 0.004366697 0.035 0.091465 0.004241113 0.035 0.091465 0.004241113 0.03 0.09125882 0.004105182 0.035 0.09125882 0.004105182 0.03 0.09105961 0.003959237 0.035 0.09105961 0.003959237 0.03 0.09086784 0.003803633 0.035 0.09086784 0.003803633 0.03 0.09068399 0.003638751 0.035 0.09068399 0.003638751 0.03 0.09050851 0.003464992 0.035 0.09050851 0.003464992 0.03 0.09034181 0.00328278 0.035 0.09034181 0.00328278 0.03 0.09018433 0.00309256 0.035 0.09018433 0.00309256 0.03 0.09003642 0.002894795 0.035 0.09003642 0.002894795 0.03 0.08989846 0.002689969 0.035 0.08989846 0.002689969 0.03 0.08977077 0.00247858 0.035 0.08977077 0.00247858 0.03 0.08965369 0.002261146 0.035 0.08965369 0.002261146 0.03 0.08954749 0.002038195 0.035 0.08954749 0.002038195 0.03 0.08945242 0.001810272 0.035 0.08945242 0.001810272 0.03 0.08936871 0.001577933 0.035 0.08936871 0.001577933 0.03 0.08929659 0.001341744 0.035 0.08929659 0.001341744 0.03 0.08923621 0.001102283 0.035 0.08923621 0.001102283 0.03 0.08918774 0.0008601321 0.035 0.08918774 0.0008601321 0.03 0.08915128 0.0006158832 0.035 0.08915128 0.0006158832 0.03 0.08912692 0.0003701319 0.035 0.08912692 0.0003701319 0.03 0.08911472 0.0001234777 0.035 0.08911472 0.0001234777 0.03 0.08911472 -0.0001234777 0.035 0.08911472 -0.0001234777 0.03 0.08912692 -0.0003701319 0.035 0.08912692 -0.0003701319 0.03 0.08915128 -0.0006158832 0.035 0.08915128 -0.0006158832 0.03 0.08918774 -0.0008601321 0.035 0.08918774 -0.0008601321 0.03 0.08923621 -0.001102283 0.035 0.08923621 -0.001102283 0.03 0.08929659 -0.001341744 0.03 0.08929659 -0.001341744 0.035 0.08936871 -0.001577933 0.03 0.08936871 -0.001577933 0.035 0.08945242 -0.001810272 0.035 0.08945242 -0.001810272 0.03 0.08954749 -0.002038195 0.03 0.08954749 -0.002038195 0.035 0.08965369 -0.002261146 0.035 0.08965369 -0.002261146 0.03 0.08977077 -0.00247858 0.035 0.08977077 -0.00247858 0.03 0.08989846 -0.002689969 0.03 0.08989846 -0.002689969 0.035 0.09003642 -0.002894795 0.03 0.09003642 -0.002894795 0.035 0.09018433 -0.00309256 0.035 0.09018433 -0.00309256 0.03 0.09034181 -0.00328278 0.03 0.09034181 -0.00328278 0.035 0.09050851 -0.003464992 0.035 0.09050851 -0.003464992 0.03 0.09068399 -0.003638751 0.035 0.09068399 -0.003638751 0.03 0.09086784 -0.003803633 0.035 0.09086784 -0.003803633 0.03 0.09105961 -0.003959237 0.035 0.09105961 -0.003959237 0.03 0.09125882 -0.004105182 0.035 0.09125882 -0.004105182 0.03 0.091465 -0.004241113 0.035 0.091465 -0.004241113 0.03 0.09167764 -0.004366697 0.035 0.09167764 -0.004366697 0.03 0.09189622 -0.004481629 0.03 0.09189622 -0.004481629 0.035 0.09212021 -0.004585629 0.035 0.09212021 -0.004585629 0.03 0.09234906 -0.004678441 0.035 0.09234906 -0.004678441 0.03 0.09258221 -0.004759841 0.035 0.09258221 -0.004759841 0.03 0.09281911 -0.004829629 0.035 0.09281911 -0.004829629 0.03 0.09312325 -0.0009899495 0.03 0.0931964 -0.001058049 0.03 0.09305515 -0.000916805 0.03 0.09327422 -0.001120758 0.03 0.09299245 -0.0008389887 0.03 0.0933563 -0.001177755 0.03 0.09293545 -0.0007568972 0.03 0.09344225 -0.001228751 0.03 0.09288445 -0.0006709486 0.03 0.09283971 -0.000581581 0.03 0.09353162 -0.001273485 0.03 0.09362395 -0.00131173 0.03 0.09280147 -0.0004892499 0.03 0.09371877 -0.00134329 0.03 0.09276991 -0.0003944256 0.03 0.09381561 -0.001368006 0.03 0.09274519 -0.0002975914 0.03 0.09391396 -0.00138575 0.03 0.09272745 -0.0001992408 0.03 0.09401333 -0.001396433 0.03 0.09271677 -9.987485e-05 0.03 0.0941132 -0.0014 0.03 0.0927132 2.036625e-18 0.03 0.09421307 -0.001396433 0.03 0.09271677 9.987485e-05 0.03 0.09431244 -0.00138575 0.03 0.09272745 0.0001992408 0.03 0.09441079 -0.001368006 0.03 0.09274519 0.0002975914 0.03 0.09276991 0.0003944256 0.03 0.09450763 -0.00134329 0.03 0.09460245 -0.00131173 0.03 0.09280147 0.0004892499 0.03 0.09283971 0.000581581 0.03 0.09469478 -0.001273485 0.03 0.09478415 -0.001228751 0.03 0.09288445 0.0006709486 0.03 0.09487009 -0.001177755 0.03 0.09293545 0.0007568972 0.03 0.09299245 0.0008389887 0.03 0.09495219 -0.001120758 0.03 0.09305515 0.000916805 0.03 0.09503001 -0.001058049 0.03 0.09510315 -0.0009899495 0.03 0.09312325 0.0009899495 0.03 0.0931964 0.001058049 0.03 0.09327422 0.001120758 0.03 0.0933563 0.001177755 0.03 0.09344225 0.001228751 0.03 0.09353162 0.001273485 0.03 0.09362395 0.00131173 0.03 0.09371877 0.00134329 0.03 0.09503001 0.001058049 0.03 0.09510315 0.0009899495 0.03 0.09495219 0.001120758 0.03 0.09487009 0.001177755 0.03 0.09478415 0.001228751 0.03 0.09469478 0.001273485 0.03 0.09460245 0.00131173 0.03 0.09450763 0.00134329 0.03 0.09441079 0.001368006 0.03 0.09431244 0.00138575 0.03 0.09421307 0.001396433 0.03 0.0941132 0.0014 0.03 0.09401333 0.001396433 0.03 0.09391396 0.00138575 0.03 0.09381561 0.001368006 0.03 0.09517125 -0.000916805 0.03 0.09523396 -0.0008389887 0.03 0.09529095 -0.0007568972 0.03 0.09534195 -0.0006709486 0.03 0.09538669 -0.000581581 0.03 0.09542493 -0.0004892499 0.03 0.09545649 -0.0003944256 0.03 0.09548121 -0.0002975914 0.03 0.09549895 -0.0001992408 0.03 0.09550964 -9.987485e-05 0.03 0.0955132 0 0.03 0.09550964 9.987485e-05 0.03 0.09549895 0.0001992408 0.03 0.09548121 0.0002975914 0.03 0.09545649 0.0003944256 0.03 0.09542493 0.0004892499 0.03 0.09538669 0.000581581 0.03 0.09534195 0.0006709486 0.03 0.09529095 0.0007568972 0.03 0.09523396 0.0008389887 0.03 0.09517125 0.000916805 0.03 0.0955132 0 0.035 0.09550964 9.987485e-05 0.035 0.09549895 0.0001992408 0.035 0.09548121 0.0002975914 0.035 0.09545649 0.0003944256 0.035 0.09542493 0.0004892499 0.035 0.09538669 0.000581581 0.035 0.09534195 0.0006709486 0.035 0.09529095 0.0007568972 0.035 0.09523396 0.0008389887 0.035 0.09517125 0.000916805 0.035 0.09510315 0.0009899495 0.035 0.09503001 0.001058049 0.035 0.09495219 0.001120758 0.035 0.09487009 0.001177755 0.035 0.09478415 0.001228751 0.035 0.09469478 0.001273485 0.035 0.09460245 0.00131173 0.035 0.09450763 0.00134329 0.035 0.09441079 0.001368006 0.035 0.09431244 0.00138575 0.035 0.09421307 0.001396433 0.035 0.0941132 0.0014 0.035 0.09401333 0.001396433 0.035 0.09391396 0.00138575 0.035 0.09381561 0.001368006 0.035 0.09371877 0.00134329 0.035 0.09362395 0.00131173 0.035 0.09353162 0.001273485 0.035 0.09344225 0.001228751 0.035 0.0933563 0.001177755 0.035 0.09327422 0.001120758 0.035 0.0931964 0.001058049 0.035 0.09312325 0.0009899495 0.035 0.09305515 0.000916805 0.035 0.09299245 0.0008389887 0.035 0.09293545 0.0007568972 0.035 0.09288445 0.0006709486 0.035 0.09283971 0.000581581 0.035 0.09280147 0.0004892499 0.035 0.09276991 0.0003944256 0.035 0.09274519 0.0002975914 0.035 0.09272745 0.0001992408 0.035 0.09271677 9.987485e-05 0.035 0.0927132 2.036625e-18 0.035 0.09271677 -9.987485e-05 0.035 0.09272745 -0.0001992408 0.035 0.09274519 -0.0002975914 0.035 0.09276991 -0.0003944256 0.035 0.09280147 -0.0004892499 0.035 0.09283971 -0.000581581 0.035 0.09288445 -0.0006709486 0.035 0.09293545 -0.0007568972 0.035 0.09299245 -0.0008389887 0.035 0.09305515 -0.000916805 0.035 0.09312325 -0.0009899495 0.035 0.0931964 -0.001058049 0.035 0.09327422 -0.001120758 0.035 0.0933563 -0.001177755 0.035 0.09344225 -0.001228751 0.035 0.09353162 -0.001273485 0.035 0.09362395 -0.00131173 0.035 0.09371877 -0.00134329 0.035 0.09381561 -0.001368006 0.035 0.09391396 -0.00138575 0.035 0.09401333 -0.001396433 0.035 0.0941132 -0.0014 0.035 0.09421307 -0.001396433 0.035 0.09431244 -0.00138575 0.035 0.09441079 -0.001368006 0.035 0.09450763 -0.00134329 0.035 0.09460245 -0.00131173 0.035 0.09469478 -0.001273485 0.035 0.09478415 -0.001228751 0.035 0.09487009 -0.001177755 0.035 0.09495219 -0.001120758 0.035 0.09503001 -0.001058049 0.035 0.09510315 -0.0009899495 0.035 0.09517125 -0.000916805 0.035 0.09523396 -0.0008389887 0.035 0.09529095 -0.0007568972 0.035 0.09534195 -0.0006709486 0.035 0.09538669 -0.000581581 0.035 0.09542493 -0.0004892499 0.035 0.09545649 -0.0003944256 0.035 0.09548121 -0.0002975914 0.035 0.09549895 -0.0001992408 0.035 0.09550964 -9.987485e-05 0.035 0.004829629 -0.09281911 0.035 0.004829629 -0.09281911 0.03 -0.004829629 -0.09281911 0.03 -0.0009899495 -0.09510315 0.03 -0.001058049 -0.09503001 0.03 -0.000916805 -0.09517125 0.03 -0.001120758 -0.09495219 0.03 -0.0008389887 -0.09523396 0.03 -0.0007568972 -0.09529095 0.03 -0.001177755 -0.09487009 0.03 -0.001228751 -0.09478415 0.03 -0.0006709486 -0.09534195 0.03 -0.001273485 -0.09469478 0.03 -0.000581581 -0.09538669 0.03 -0.00131173 -0.09460245 0.03 -0.0004892499 -0.09542493 0.03 -0.0003944256 -0.09545649 0.03 -0.00134329 -0.09450763 0.03 -0.0002975914 -0.09548121 0.03 -0.001368006 -0.09441079 0.03 -0.00138575 -0.09431244 0.03 -0.0001992408 -0.09549895 0.03 -9.987485e-05 -0.09550964 0.03 -0.001396433 -0.09421307 0.03 -0.0014 -0.0941132 0.03 2.229724e-18 -0.0955132 0.03 -0.001396433 -0.09401333 0.03 9.987485e-05 -0.09550964 0.03 -0.00138575 -0.09391396 0.03 0.0001992408 -0.09549895 0.03 -0.001368006 -0.09381561 0.03 0.0002975914 -0.09548121 0.03 -0.00134329 -0.09371877 0.03 -0.004759841 -0.09258221 0.03 0.0003944256 -0.09545649 0.03 -0.00131173 -0.09362395 0.03 -0.004585629 -0.09212021 0.03 -0.004678441 -0.09234906 0.03 0.0004892499 -0.09542493 0.03 -0.001273485 -0.09353162 0.03 -0.004481629 -0.09189622 0.03 0.000581581 -0.09538669 0.03 -0.001228751 -0.09344225 0.03 -0.004241113 -0.091465 0.03 -0.004366697 -0.09167764 0.03 0.0006709486 -0.09534195 0.03 -0.001177755 -0.0933563 0.03 -0.004105182 -0.09125882 0.03 0.0007568972 -0.09529095 0.03 -0.003959237 -0.09105961 0.03 -0.001120758 -0.09327422 0.03 0.0008389887 -0.09523396 0.03 -0.001058049 -0.0931964 0.03 -0.003638751 -0.09068399 0.03 -0.003803633 -0.09086784 0.03 0.000916805 -0.09517125 0.03 -0.0009899495 -0.09312325 0.03 0.0009899495 -0.09510315 0.03 -0.003464992 -0.09050851 0.03 -0.000916805 -0.09305515 0.03 -0.00328278 -0.09034181 0.03 -0.00309256 -0.09018433 0.03 -0.0008389887 -0.09299245 0.03 -0.002894795 -0.09003642 0.03 -0.0007568972 -0.09293545 0.03 -0.002689969 -0.08989846 0.03 -0.00247858 -0.08977077 0.03 -0.0006709486 -0.09288445 0.03 -0.002261146 -0.08965369 0.03 -0.000581581 -0.09283971 0.03 -0.002038195 -0.08954749 0.03 -0.001810272 -0.08945242 0.03 -0.0004892499 -0.09280147 0.03 -0.001577933 -0.08936871 0.03 -0.0003944256 -0.09276991 0.03 -0.001341744 -0.08929659 0.03 -0.0002975914 -0.09274519 0.03 -0.001102283 -0.08923621 0.03 -0.0008601321 -0.08918774 0.03 -0.0001992408 -0.09272745 0.03 -0.0006158832 -0.08915128 0.03 -9.987485e-05 -0.09271677 0.03 -0.0003701319 -0.08912692 0.03 -0.0001234777 -0.08911472 0.03 7.074502e-19 -0.0927132 0.03 0.0001234777 -0.08911472 0.03 9.987485e-05 -0.09271677 0.03 0.0003701319 -0.08912692 0.03 0.0006158832 -0.08915128 0.03 0.0001992408 -0.09272745 0.03 0.0008601321 -0.08918774 0.03 0.0002975914 -0.09274519 0.03 0.001102283 -0.08923621 0.03 0.001058049 -0.09503001 0.03 0.001120758 -0.09495219 0.03 0.001177755 -0.09487009 0.03 0.001228751 -0.09478415 0.03 0.001273485 -0.09469478 0.03 0.00131173 -0.09460245 0.03 0.00134329 -0.09450763 0.03 0.001368006 -0.09441079 0.03 0.00138575 -0.09431244 0.03 0.001396433 -0.09421307 0.03 0.0014 -0.0941132 0.03 0.001396433 -0.09401333 0.03 0.00138575 -0.09391396 0.03 0.001368006 -0.09381561 0.03 0.00134329 -0.09371877 0.03 0.001341744 -0.08929659 0.03 0.0003944256 -0.09276991 0.03 0.00131173 -0.09362395 0.03 0.004759841 -0.09258221 0.03 0.001577933 -0.08936871 0.03 0.0004892499 -0.09280147 0.03 0.004678441 -0.09234906 0.03 0.001810272 -0.08945242 0.03 0.000581581 -0.09283971 0.03 0.004585629 -0.09212021 0.03 0.001273485 -0.09353162 0.03 0.002038195 -0.08954749 0.03 0.001228751 -0.09344225 0.03 0.004481629 -0.09189622 0.03 0.002261146 -0.08965369 0.03 0.0006709486 -0.09288445 0.03 0.004366697 -0.09167764 0.03 0.00247858 -0.08977077 0.03 0.0007568972 -0.09293545 0.03 0.004241113 -0.091465 0.03 0.001177755 -0.0933563 0.03 0.002689969 -0.08989846 0.03 0.004105182 -0.09125882 0.03 0.001120758 -0.09327422 0.03 0.002894795 -0.09003642 0.03 0.0008389887 -0.09299245 0.03 0.003959237 -0.09105961 0.03 0.001058049 -0.0931964 0.03 0.00309256 -0.09018433 0.03 0.000916805 -0.09305515 0.03 0.003803633 -0.09086784 0.03 0.00328278 -0.09034181 0.03 0.003638751 -0.09068399 0.03 0.0009899495 -0.09312325 0.03 0.003464992 -0.09050851 0.03 -0.004829629 -0.09281911 0.035 -0.09281911 -0.004829629 0.035 -0.09281911 -0.004829629 0.03 -0.09510315 -0.0009899495 0.03 -0.09503001 -0.001058049 0.03 -0.09517125 -0.000916805 0.03 -0.09495219 -0.001120758 0.03 -0.09523396 -0.0008389887 0.03 -0.09487009 -0.001177755 0.03 -0.09529095 -0.0007568972 0.03 -0.09534195 -0.0006709486 0.03 -0.09478415 -0.001228751 0.03 -0.09538669 -0.000581581 0.03 -0.09469478 -0.001273485 0.03 -0.09460245 -0.00131173 0.03 -0.09542493 -0.0004892499 0.03 -0.09450763 -0.00134329 0.03 -0.09545649 -0.0003944256 0.03 -0.09441079 -0.001368006 0.03 -0.09548121 -0.0002975914 0.03 -0.09431244 -0.00138575 0.03 -0.09549895 -0.0001992408 0.03 -0.09550964 -9.987485e-05 0.03 -0.09421307 -0.001396433 0.03 -0.0941132 -0.0014 0.03 -0.0955132 2.036625e-18 0.03 -0.09401333 -0.001396433 0.03 -0.09550964 9.987485e-05 0.03 -0.09391396 -0.00138575 0.03 -0.09549895 0.0001992408 0.03 -0.09548121 0.0002975914 0.03 -0.09381561 -0.001368006 0.03 -0.09545649 0.0003944256 0.03 -0.09371877 -0.00134329 0.03 -0.09258221 -0.004759841 0.03 -0.09542493 0.0004892499 0.03 -0.09362395 -0.00131173 0.03 -0.09234906 -0.004678441 0.03 -0.09212021 -0.004585629 0.03 -0.09538669 0.000581581 0.03 -0.09353162 -0.001273485 0.03 -0.09189622 -0.004481629 0.03 -0.09534195 0.0006709486 0.03 -0.09344225 -0.001228751 0.03 -0.09167764 -0.004366697 0.03 -0.091465 -0.004241113 0.03 -0.0933563 -0.001177755 0.03 -0.09125882 -0.004105182 0.03 -0.09529095 0.0007568972 0.03 -0.09523396 0.0008389887 0.03 -0.09327422 -0.001120758 0.03 -0.09105961 -0.003959237 0.03 -0.09517125 0.000916805 0.03 -0.0931964 -0.001058049 0.03 -0.09086784 -0.003803633 0.03 -0.09068399 -0.003638751 0.03 -0.09312325 -0.0009899495 0.03 -0.09510315 0.0009899495 0.03 -0.09050851 -0.003464992 0.03 -0.09305515 -0.000916805 0.03 -0.09034181 -0.00328278 0.03 -0.09299245 -0.0008389887 0.03 -0.09018433 -0.00309256 0.03 -0.09293545 -0.0007568972 0.03 -0.09003642 -0.002894795 0.03 -0.08989846 -0.002689969 0.03 -0.09288445 -0.0006709486 0.03 -0.08977077 -0.00247858 0.03 -0.08965369 -0.002261146 0.03 -0.09283971 -0.000581581 0.03 -0.08954749 -0.002038195 0.03 -0.09280147 -0.0004892499 0.03 -0.08945242 -0.001810272 0.03 -0.09276991 -0.0003944256 0.03 -0.08936871 -0.001577933 0.03 -0.09274519 -0.0002975914 0.03 -0.08929659 -0.001341744 0.03 -0.08923621 -0.001102283 0.03 -0.08918774 -0.0008601321 0.03 -0.09272745 -0.0001992408 0.03 -0.09271677 -9.987485e-05 0.03 -0.08915128 -0.0006158832 0.03 -0.08912692 -0.0003701319 0.03 -0.0927132 0 0.03 -0.08911472 -0.0001234777 0.03 -0.09271677 9.987485e-05 0.03 -0.08911472 0.0001234777 0.03 -0.08912692 0.0003701319 0.03 -0.08915128 0.0006158832 0.03 -0.09272745 0.0001992408 0.03 -0.08918774 0.0008601321 0.03 -0.09274519 0.0002975914 0.03 -0.08923621 0.001102283 0.03 -0.09281911 0.004829629 0.03 -0.09381561 0.001368006 0.03 -0.09371877 0.00134329 0.03 -0.09391396 0.00138575 0.03 -0.09401333 0.001396433 0.03 -0.0941132 0.0014 0.03 -0.09421307 0.001396433 0.03 -0.09431244 0.00138575 0.03 -0.09441079 0.001368006 0.03 -0.09450763 0.00134329 0.03 -0.09460245 0.00131173 0.03 -0.09469478 0.001273485 0.03 -0.09478415 0.001228751 0.03 -0.09487009 0.001177755 0.03 -0.09495219 0.001120758 0.03 -0.09503001 0.001058049 0.03 -0.09276991 0.0003944256 0.03 -0.08929659 0.001341744 0.03 -0.09258221 0.004759841 0.03 -0.09362395 0.00131173 0.03 -0.09280147 0.0004892499 0.03 -0.08936871 0.001577933 0.03 -0.09234906 0.004678441 0.03 -0.09283971 0.000581581 0.03 -0.08945242 0.001810272 0.03 -0.09212021 0.004585629 0.03 -0.09353162 0.001273485 0.03 -0.08954749 0.002038195 0.03 -0.09189622 0.004481629 0.03 -0.09344225 0.001228751 0.03 -0.08965369 0.002261146 0.03 -0.09288445 0.0006709486 0.03 -0.09167764 0.004366697 0.03 -0.08977077 0.00247858 0.03 -0.09293545 0.0007568972 0.03 -0.091465 0.004241113 0.03 -0.0933563 0.001177755 0.03 -0.08989846 0.002689969 0.03 -0.09125882 0.004105182 0.03 -0.09327422 0.001120758 0.03 -0.09003642 0.002894795 0.03 -0.09299245 0.0008389887 0.03 -0.09105961 0.003959237 0.03 -0.0931964 0.001058049 0.03 -0.09018433 0.00309256 0.03 -0.09305515 0.000916805 0.03 -0.09086784 0.003803633 0.03 -0.09034181 0.00328278 0.03 -0.09068399 0.003638751 0.03 -0.09312325 0.0009899495 0.03 -0.09050851 0.003464992 0.03 -0.09281911 0.004829629 0.035 -0.004829629 0.09281911 0.035 -0.004829629 0.09281911 0.03 -0.003638751 0.09068399 0.03 -0.0009899495 0.09312325 0.03 -0.003464992 0.09050851 0.03 -0.001058049 0.0931964 0.03 -0.003959237 0.09105961 0.03 -0.003803633 0.09086784 0.03 -0.000916805 0.09305515 0.03 -0.00328278 0.09034181 0.03 -0.00309256 0.09018433 0.03 -0.001120758 0.09327422 0.03 -0.004105182 0.09125882 0.03 -0.0008389887 0.09299245 0.03 -0.002894795 0.09003642 0.03 -0.0007568972 0.09293545 0.03 -0.002689969 0.08989846 0.03 -0.00247858 0.08977077 0.03 -0.001177755 0.0933563 0.03 -0.004241113 0.091465 0.03 -0.004481629 0.09189622 0.03 -0.001228751 0.09344225 0.03 -0.004366697 0.09167764 0.03 -0.0006709486 0.09288445 0.03 -0.002261146 0.08965369 0.03 -0.004585629 0.09212021 0.03 -0.001273485 0.09353162 0.03 -0.000581581 0.09283971 0.03 -0.002038195 0.08954749 0.03 -0.001810272 0.08945242 0.03 -0.0004892499 0.09280147 0.03 -0.001577933 0.08936871 0.03 -0.004759841 0.09258221 0.03 -0.00131173 0.09362395 0.03 -0.004678441 0.09234906 0.03 -0.0003944256 0.09276991 0.03 -0.001341744 0.08929659 0.03 -0.00134329 0.09371877 0.03 -0.001368006 0.09381561 0.03 -0.0002975914 0.09274519 0.03 -0.001102283 0.08923621 0.03 -0.0008601321 0.08918774 0.03 -0.00138575 0.09391396 0.03 -0.0001992408 0.09272745 0.03 -0.0006158832 0.08915128 0.03 -9.987485e-05 0.09271677 0.03 -0.0003701319 0.08912692 0.03 -0.0001234777 0.08911472 0.03 -0.001396433 0.09401333 0.03 -0.0014 0.0941132 0.03 2.229724e-18 0.0927132 0.03 0.0001234777 0.08911472 0.03 -0.001396433 0.09421307 0.03 9.987485e-05 0.09271677 0.03 0.0003701319 0.08912692 0.03 0.0006158832 0.08915128 0.03 -0.00138575 0.09431244 0.03 0.0001992408 0.09272745 0.03 0.0008601321 0.08918774 0.03 -0.001368006 0.09441079 0.03 0.0002975914 0.09274519 0.03 0.001102283 0.08923621 0.03 0.001341744 0.08929659 0.03 -0.00134329 0.09450763 0.03 0.0003944256 0.09276991 0.03 0.001577933 0.08936871 0.03 -0.00131173 0.09460245 0.03 0.0004892499 0.09280147 0.03 0.001810272 0.08945242 0.03 -0.001273485 0.09469478 0.03 0.000581581 0.09283971 0.03 0.002038195 0.08954749 0.03 0.002261146 0.08965369 0.03 -0.001228751 0.09478415 0.03 0.0006709486 0.09288445 0.03 0.00247858 0.08977077 0.03 -0.001177755 0.09487009 0.03 0.0007568972 0.09293545 0.03 0.002689969 0.08989846 0.03 0.002894795 0.09003642 0.03 -0.001120758 0.09495219 0.03 0.0008389887 0.09299245 0.03 0.00309256 0.09018433 0.03 -0.001058049 0.09503001 0.03 0.000916805 0.09305515 0.03 0.00328278 0.09034181 0.03 0.003464992 0.09050851 0.03 -0.0009899495 0.09510315 0.03 0.0009899495 0.09312325 0.03 0.003638751 0.09068399 0.03 0.001058049 0.0931964 0.03 0.003803633 0.09086784 0.03 0.001120758 0.09327422 0.03 0.003959237 0.09105961 0.03 0.004105182 0.09125882 0.03 0.001177755 0.0933563 0.03 0.001228751 0.09344225 0.03 0.004241113 0.091465 0.03 0.004366697 0.09167764 0.03 0.001273485 0.09353162 0.03 0.004481629 0.09189622 0.03 0.004585629 0.09212021 0.03 0.00131173 0.09362395 0.03 0.004678441 0.09234906 0.03 0.004759841 0.09258221 0.03 0.00134329 0.09371877 0.03 0.004829629 0.09281911 0.03 0.001368006 0.09381561 0.03 0.00138575 0.09391396 0.03 0.001396433 0.09401333 0.03 0.0014 0.0941132 0.03 0.001396433 0.09421307 0.03 0.00138575 0.09431244 0.03 0.001368006 0.09441079 0.03 0.00134329 0.09450763 0.03 0.00131173 0.09460245 0.03 0.001273485 0.09469478 0.03 0.001228751 0.09478415 0.03 0.001177755 0.09487009 0.03 0.001120758 0.09495219 0.03 0.001058049 0.09503001 0.03 0.0009899495 0.09510315 0.03 -0.000916805 0.09517125 0.03 -0.0004892499 0.09542493 0.03 -0.0003944256 0.09545649 0.03 -0.000581581 0.09538669 0.03 -0.0006709486 0.09534195 0.03 -0.0007568972 0.09529095 0.03 -0.0008389887 0.09523396 0.03 0.0002975914 0.09548121 0.03 0.0003944256 0.09545649 0.03 0.0001992408 0.09549895 0.03 9.987485e-05 0.09550964 0.03 7.074502e-19 0.0955132 0.03 -9.987485e-05 0.09550964 0.03 -0.0001992408 0.09549895 0.03 -0.0002975914 0.09548121 0.03 0.0008389887 0.09523396 0.03 0.000916805 0.09517125 0.03 0.0007568972 0.09529095 0.03 0.0006709486 0.09534195 0.03 0.000581581 0.09538669 0.03 0.0004892499 0.09542493 0.03 0.004829629 0.09281911 0.035 -0.004759841 0.09258221 0.035 -0.004678441 0.09234906 0.035 -0.004585629 0.09212021 0.035 -0.004481629 0.09189622 0.035 -0.004366697 0.09167764 0.035 -0.004241113 0.091465 0.035 -0.004105182 0.09125882 0.035 -0.003959237 0.09105961 0.035 -0.003803633 0.09086784 0.035 -0.003638751 0.09068399 0.035 -0.003464992 0.09050851 0.035 -0.00328278 0.09034181 0.035 -0.00309256 0.09018433 0.035 -0.002894795 0.09003642 0.035 -0.002689969 0.08989846 0.035 -0.00247858 0.08977077 0.035 -0.002261146 0.08965369 0.035 -0.002038195 0.08954749 0.035 -0.001810272 0.08945242 0.035 -0.001577933 0.08936871 0.035 -0.001341744 0.08929659 0.035 -0.001102283 0.08923621 0.035 -0.0008601321 0.08918774 0.035 -0.0006158832 0.08915128 0.035 -0.0003701319 0.08912692 0.035 -0.0001234777 0.08911472 0.035 0.0001234777 0.08911472 0.035 0.0003701319 0.08912692 0.035 0.0006158832 0.08915128 0.035 0.0008601321 0.08918774 0.035 0.001102283 0.08923621 0.035 0.001341744 0.08929659 0.035 0.001577933 0.08936871 0.035 0.001810272 0.08945242 0.035 0.002038195 0.08954749 0.035 0.002261146 0.08965369 0.035 0.00247858 0.08977077 0.035 0.002689969 0.08989846 0.035 0.002894795 0.09003642 0.035 0.00309256 0.09018433 0.035 0.00328278 0.09034181 0.035 0.003464992 0.09050851 0.035 0.003638751 0.09068399 0.035 0.003803633 0.09086784 0.035 0.003959237 0.09105961 0.035 0.004105182 0.09125882 0.035 0.004241113 0.091465 0.035 0.004366697 0.09167764 0.035 0.004481629 0.09189622 0.035 0.004585629 0.09212021 0.035 0.004678441 0.09234906 0.035 0.004759841 0.09258221 0.035 0.0014 0.0941132 0.035 0.001396433 0.09421307 0.035 0.00138575 0.09431244 0.035 0.001368006 0.09441079 0.035 0.00134329 0.09450763 0.035 0.00131173 0.09460245 0.035 0.001273485 0.09469478 0.035 0.001228751 0.09478415 0.035 0.001177755 0.09487009 0.035 0.001120758 0.09495219 0.035 0.001058049 0.09503001 0.035 0.0009899495 0.09510315 0.035 0.000916805 0.09517125 0.035 0.0008389887 0.09523396 0.035 0.0007568972 0.09529095 0.035 0.0006709486 0.09534195 0.035 0.000581581 0.09538669 0.035 0.0004892499 0.09542493 0.035 0.0003944256 0.09545649 0.035 0.0002975914 0.09548121 0.035 0.0001992408 0.09549895 0.035 9.987485e-05 0.09550964 0.035 7.074502e-19 0.0955132 0.035 -9.987485e-05 0.09550964 0.035 -0.0001992408 0.09549895 0.035 -0.0002975914 0.09548121 0.035 -0.0003944256 0.09545649 0.035 -0.0004892499 0.09542493 0.035 -0.000581581 0.09538669 0.035 -0.0006709486 0.09534195 0.035 -0.0007568972 0.09529095 0.035 -0.0008389887 0.09523396 0.035 -0.000916805 0.09517125 0.035 -0.0009899495 0.09510315 0.035 -0.001058049 0.09503001 0.035 -0.001120758 0.09495219 0.035 -0.001177755 0.09487009 0.035 -0.001228751 0.09478415 0.035 -0.001273485 0.09469478 0.035 -0.00131173 0.09460245 0.035 -0.00134329 0.09450763 0.035 -0.001368006 0.09441079 0.035 -0.00138575 0.09431244 0.035 -0.001396433 0.09421307 0.035 -0.0014 0.0941132 0.035 -0.001396433 0.09401333 0.035 -0.00138575 0.09391396 0.035 -0.001368006 0.09381561 0.035 -0.00134329 0.09371877 0.035 -0.00131173 0.09362395 0.035 -0.001273485 0.09353162 0.035 -0.001228751 0.09344225 0.035 -0.001177755 0.0933563 0.035 -0.001120758 0.09327422 0.035 -0.001058049 0.0931964 0.035 -0.0009899495 0.09312325 0.035 -0.000916805 0.09305515 0.035 -0.0008389887 0.09299245 0.035 -0.0007568972 0.09293545 0.035 -0.0006709486 0.09288445 0.035 -0.000581581 0.09283971 0.035 -0.0004892499 0.09280147 0.035 -0.0003944256 0.09276991 0.035 -0.0002975914 0.09274519 0.035 -0.0001992408 0.09272745 0.035 -9.987485e-05 0.09271677 0.035 2.229724e-18 0.0927132 0.035 9.987485e-05 0.09271677 0.035 0.0001992408 0.09272745 0.035 0.0002975914 0.09274519 0.035 0.0003944256 0.09276991 0.035 0.0004892499 0.09280147 0.035 0.000581581 0.09283971 0.035 0.0006709486 0.09288445 0.035 0.0007568972 0.09293545 0.035 0.0008389887 0.09299245 0.035 0.000916805 0.09305515 0.035 0.0009899495 0.09312325 0.035 0.001058049 0.0931964 0.035 0.001120758 0.09327422 0.035 0.001177755 0.0933563 0.035 0.001228751 0.09344225 0.035 0.001273485 0.09353162 0.035 0.00131173 0.09362395 0.035 0.00134329 0.09371877 0.035 0.001368006 0.09381561 0.035 0.00138575 0.09391396 0.035 0.001396433 0.09401333 0.035 -0.09258221 -0.004759841 0.035 -0.09234906 -0.004678441 0.035 -0.09212021 -0.004585629 0.035 -0.09189622 -0.004481629 0.035 -0.09167764 -0.004366697 0.035 -0.091465 -0.004241113 0.035 -0.09125882 -0.004105182 0.035 -0.09105961 -0.003959237 0.035 -0.09086784 -0.003803633 0.035 -0.09068399 -0.003638751 0.035 -0.09050851 -0.003464992 0.035 -0.09034181 -0.00328278 0.035 -0.09018433 -0.00309256 0.035 -0.09003642 -0.002894795 0.035 -0.08989846 -0.002689969 0.035 -0.08977077 -0.00247858 0.035 -0.08965369 -0.002261146 0.035 -0.08954749 -0.002038195 0.035 -0.08945242 -0.001810272 0.035 -0.08936871 -0.001577933 0.035 -0.08929659 -0.001341744 0.035 -0.08923621 -0.001102283 0.035 -0.08918774 -0.0008601321 0.035 -0.08915128 -0.0006158832 0.035 -0.08912692 -0.0003701319 0.035 -0.08911472 -0.0001234777 0.035 -0.08911472 0.0001234777 0.035 -0.08912692 0.0003701319 0.035 -0.08915128 0.0006158832 0.035 -0.08918774 0.0008601321 0.035 -0.08923621 0.001102283 0.035 -0.08929659 0.001341744 0.035 -0.08936871 0.001577933 0.035 -0.08945242 0.001810272 0.035 -0.08954749 0.002038195 0.035 -0.08965369 0.002261146 0.035 -0.08977077 0.00247858 0.035 -0.08989846 0.002689969 0.035 -0.09003642 0.002894795 0.035 -0.09018433 0.00309256 0.035 -0.09034181 0.00328278 0.035 -0.09050851 0.003464992 0.035 -0.09068399 0.003638751 0.035 -0.09086784 0.003803633 0.035 -0.09105961 0.003959237 0.035 -0.09125882 0.004105182 0.035 -0.091465 0.004241113 0.035 -0.09167764 0.004366697 0.035 -0.09189622 0.004481629 0.035 -0.09212021 0.004585629 0.035 -0.09234906 0.004678441 0.035 -0.09258221 0.004759841 0.035 -0.0927132 0 0.035 -0.09271677 9.987485e-05 0.035 -0.09272745 0.0001992408 0.035 -0.09274519 0.0002975914 0.035 -0.09276991 0.0003944256 0.035 -0.09280147 0.0004892499 0.035 -0.09283971 0.000581581 0.035 -0.09288445 0.0006709486 0.035 -0.09293545 0.0007568972 0.035 -0.09299245 0.0008389887 0.035 -0.09305515 0.000916805 0.035 -0.09312325 0.0009899495 0.035 -0.0931964 0.001058049 0.035 -0.09327422 0.001120758 0.035 -0.0933563 0.001177755 0.035 -0.09344225 0.001228751 0.035 -0.09353162 0.001273485 0.035 -0.09362395 0.00131173 0.035 -0.09371877 0.00134329 0.035 -0.09381561 0.001368006 0.035 -0.09391396 0.00138575 0.035 -0.09401333 0.001396433 0.035 -0.0941132 0.0014 0.035 -0.09421307 0.001396433 0.035 -0.09431244 0.00138575 0.035 -0.09441079 0.001368006 0.035 -0.09450763 0.00134329 0.035 -0.09460245 0.00131173 0.035 -0.09469478 0.001273485 0.035 -0.09478415 0.001228751 0.035 -0.09487009 0.001177755 0.035 -0.09495219 0.001120758 0.035 -0.09503001 0.001058049 0.035 -0.09510315 0.0009899495 0.035 -0.09517125 0.000916805 0.035 -0.09523396 0.0008389887 0.035 -0.09529095 0.0007568972 0.035 -0.09534195 0.0006709486 0.035 -0.09538669 0.000581581 0.035 -0.09542493 0.0004892499 0.035 -0.09545649 0.0003944256 0.035 -0.09548121 0.0002975914 0.035 -0.09549895 0.0001992408 0.035 -0.09550964 9.987485e-05 0.035 -0.0955132 2.036625e-18 0.035 -0.09550964 -9.987485e-05 0.035 -0.09549895 -0.0001992408 0.035 -0.09548121 -0.0002975914 0.035 -0.09545649 -0.0003944256 0.035 -0.09542493 -0.0004892499 0.035 -0.09538669 -0.000581581 0.035 -0.09534195 -0.0006709486 0.035 -0.09529095 -0.0007568972 0.035 -0.09523396 -0.0008389887 0.035 -0.09517125 -0.000916805 0.035 -0.09510315 -0.0009899495 0.035 -0.09503001 -0.001058049 0.035 -0.09495219 -0.001120758 0.035 -0.09487009 -0.001177755 0.035 -0.09478415 -0.001228751 0.035 -0.09469478 -0.001273485 0.035 -0.09460245 -0.00131173 0.035 -0.09450763 -0.00134329 0.035 -0.09441079 -0.001368006 0.035 -0.09431244 -0.00138575 0.035 -0.09421307 -0.001396433 0.035 -0.0941132 -0.0014 0.035 -0.09401333 -0.001396433 0.035 -0.09391396 -0.00138575 0.035 -0.09381561 -0.001368006 0.035 -0.09371877 -0.00134329 0.035 -0.09362395 -0.00131173 0.035 -0.09353162 -0.001273485 0.035 -0.09344225 -0.001228751 0.035 -0.0933563 -0.001177755 0.035 -0.09327422 -0.001120758 0.035 -0.0931964 -0.001058049 0.035 -0.09312325 -0.0009899495 0.035 -0.09305515 -0.000916805 0.035 -0.09299245 -0.0008389887 0.035 -0.09293545 -0.0007568972 0.035 -0.09288445 -0.0006709486 0.035 -0.09283971 -0.000581581 0.035 -0.09280147 -0.0004892499 0.035 -0.09276991 -0.0003944256 0.035 -0.09274519 -0.0002975914 0.035 -0.09272745 -0.0001992408 0.035 -0.09271677 -9.987485e-05 0.035 0.004759841 -0.09258221 0.035 0.004678441 -0.09234906 0.035 0.004585629 -0.09212021 0.035 0.004481629 -0.09189622 0.035 0.004366697 -0.09167764 0.035 0.004241113 -0.091465 0.035 0.004105182 -0.09125882 0.035 0.003959237 -0.09105961 0.035 0.003803633 -0.09086784 0.035 0.003638751 -0.09068399 0.035 0.003464992 -0.09050851 0.035 0.00328278 -0.09034181 0.035 0.00309256 -0.09018433 0.035 0.002894795 -0.09003642 0.035 0.002689969 -0.08989846 0.035 0.00247858 -0.08977077 0.035 0.002261146 -0.08965369 0.035 0.002038195 -0.08954749 0.035 0.001810272 -0.08945242 0.035 0.001577933 -0.08936871 0.035 0.001341744 -0.08929659 0.035 0.001102283 -0.08923621 0.035 0.0008601321 -0.08918774 0.035 0.0006158832 -0.08915128 0.035 0.0003701319 -0.08912692 0.035 0.0001234777 -0.08911472 0.035 -0.0001234777 -0.08911472 0.035 -0.0003701319 -0.08912692 0.035 -0.0006158832 -0.08915128 0.035 -0.0008601321 -0.08918774 0.035 -0.001102283 -0.08923621 0.035 -0.001341744 -0.08929659 0.035 -0.001577933 -0.08936871 0.035 -0.001810272 -0.08945242 0.035 -0.002038195 -0.08954749 0.035 -0.002261146 -0.08965369 0.035 -0.00247858 -0.08977077 0.035 -0.002689969 -0.08989846 0.035 -0.002894795 -0.09003642 0.035 -0.00309256 -0.09018433 0.035 -0.00328278 -0.09034181 0.035 -0.003464992 -0.09050851 0.035 -0.003638751 -0.09068399 0.035 -0.003803633 -0.09086784 0.035 -0.003959237 -0.09105961 0.035 -0.004105182 -0.09125882 0.035 -0.004241113 -0.091465 0.035 -0.004366697 -0.09167764 0.035 -0.004481629 -0.09189622 0.035 -0.004585629 -0.09212021 0.035 -0.004678441 -0.09234906 0.035 -0.004759841 -0.09258221 0.035 0.0014 -0.0941132 0.035 0.001396433 -0.09401333 0.035 0.00138575 -0.09391396 0.035 0.001368006 -0.09381561 0.035 0.00134329 -0.09371877 0.035 0.00131173 -0.09362395 0.035 0.001273485 -0.09353162 0.035 0.001228751 -0.09344225 0.035 0.001177755 -0.0933563 0.035 0.001120758 -0.09327422 0.035 0.001058049 -0.0931964 0.035 0.0009899495 -0.09312325 0.035 0.000916805 -0.09305515 0.035 0.0008389887 -0.09299245 0.035 0.0007568972 -0.09293545 0.035 0.0006709486 -0.09288445 0.035 0.000581581 -0.09283971 0.035 0.0004892499 -0.09280147 0.035 0.0003944256 -0.09276991 0.035 0.0002975914 -0.09274519 0.035 0.0001992408 -0.09272745 0.035 9.987485e-05 -0.09271677 0.035 7.074502e-19 -0.0927132 0.035 -9.987485e-05 -0.09271677 0.035 -0.0001992408 -0.09272745 0.035 -0.0002975914 -0.09274519 0.035 -0.0003944256 -0.09276991 0.035 -0.0004892499 -0.09280147 0.035 -0.000581581 -0.09283971 0.035 -0.0006709486 -0.09288445 0.035 -0.0007568972 -0.09293545 0.035 -0.0008389887 -0.09299245 0.035 -0.000916805 -0.09305515 0.035 -0.0009899495 -0.09312325 0.035 -0.001058049 -0.0931964 0.035 -0.001120758 -0.09327422 0.035 -0.001177755 -0.0933563 0.035 -0.001228751 -0.09344225 0.035 -0.001273485 -0.09353162 0.035 -0.00131173 -0.09362395 0.035 -0.00134329 -0.09371877 0.035 -0.001368006 -0.09381561 0.035 -0.00138575 -0.09391396 0.035 -0.001396433 -0.09401333 0.035 -0.0014 -0.0941132 0.035 -0.001396433 -0.09421307 0.035 -0.00138575 -0.09431244 0.035 -0.001368006 -0.09441079 0.035 -0.00134329 -0.09450763 0.035 -0.00131173 -0.09460245 0.035 -0.001273485 -0.09469478 0.035 -0.001228751 -0.09478415 0.035 -0.001177755 -0.09487009 0.035 -0.001120758 -0.09495219 0.035 -0.001058049 -0.09503001 0.035 -0.0009899495 -0.09510315 0.035 -0.000916805 -0.09517125 0.035 -0.0008389887 -0.09523396 0.035 -0.0007568972 -0.09529095 0.035 -0.0006709486 -0.09534195 0.035 -0.000581581 -0.09538669 0.035 -0.0004892499 -0.09542493 0.035 -0.0003944256 -0.09545649 0.035 -0.0002975914 -0.09548121 0.035 -0.0001992408 -0.09549895 0.035 -9.987485e-05 -0.09550964 0.035 2.229724e-18 -0.0955132 0.035 9.987485e-05 -0.09550964 0.035 0.0001992408 -0.09549895 0.035 0.0002975914 -0.09548121 0.035 0.0003944256 -0.09545649 0.035 0.0004892499 -0.09542493 0.035 0.000581581 -0.09538669 0.035 0.0006709486 -0.09534195 0.035 0.0007568972 -0.09529095 0.035 0.0008389887 -0.09523396 0.035 0.000916805 -0.09517125 0.035 0.0009899495 -0.09510315 0.035 0.001058049 -0.09503001 0.035 0.001120758 -0.09495219 0.035 0.001177755 -0.09487009 0.035 0.001228751 -0.09478415 0.035 0.001273485 -0.09469478 0.035 0.00131173 -0.09460245 0.035 0.00134329 -0.09450763 0.035 0.001368006 -0.09441079 0.035 0.00138575 -0.09431244 0.035 0.001396433 -0.09421307 0.035</float_array>
          <technique_common>
            <accessor count="3800" source="#cubeverts-array0-array" stride="3">
              <param type="float" name="X" />
              <param type="float" name="Y" />
              <param type="float" name="Z" />
            </accessor>
          </technique_common>
        </source>
        <source id="cubenormals-array0">
          <float_array count="23028" id="cubenormals-array0-array">0 0 -1 0 0 -1 0 0 -1 0 0 -1 0 0 -1 0 0 -1 0 -0 -1 0 0 -1 0 0 -1 0 -0 -1 0 0 -1 0 -0 -1 0 0 -1 0 0 -1 0 -0 -1 0 0 -1 0 -0 -1 0 0 -1 0 -0 -1 0 0 -1 0 -0 -1 0 0 -1 0 0 -1 0 -0 -1 0 0 -1 0 -0 -1 0 0 -1 0 0 -1 0 0 -1 0 -0 -1 0 0 -1 0 -0 -1 0 0 -1 0 0 -1 0 0 -1 0 0 -1 0 0 -1 0 0 -1 0 0 -1 0 0 -1 0 -0 -1 0 -0 -1 0 0 -1 0 -0 -1 0 0 -1 0 0 -1 0 -0 -1 0 0 -1 0 0 -1 0 0 -1 0 -0 -1 0 0 -1 0 -0 -1 0 0 -1 0 0 -1 0 0 -1 0 -0 -1 0 -0 -1 0 0 -1 0 0 -1 0 0 -1 0 0 -1 0 -0 -1 0 -0 -1 0 0 -1 0 0 -1 0 -0 -1 0 0 -1 0 0 -1 0 0 -1 0 0 -1 0 -0 -1 0 0 -1 0 0 -1 0 -0 -1 0 0 -1 0 0 -1 0 0 -1 0 -0 -1 0 0 -1 0 0 -1 0 0 -1 0 0 -1 0 0 -1 0 0 -1 0 0 -1 0 0 -1 0 0 -1 0 0 -1 0 0 -1 0 0 -1 0 0 -1 0 0 -1 0 0 -1 0 0 -1 0 0 -1 0 0 -1 0 0 -1 0 0 -1 0 0 -1 0 0 -1 0 0 -1 0 0 -1 0 0 -1 0 0 -1 0 0 -1 0 0 -1 0 0 -1 0 0 -1 0 0 -1 0 0 -1 0 0 -1 0 0 -1 0 0 -1 0 0 -1 0 0 -1 0 0 -1 0 0 -1 0 0 -1 0 0 -1 0 0 -1 0 0 -1 0 0 -1 0 0 -1 0 0 -1 0 0 -1 0 0 -1 0 0 -1 0 0 -1 0 0 -1 0 0 -1 0 0 -1 0 0 -1 0 0 -1 0 0 -1 0 0 -1 0 0 -1 0 -0 -1 0 0 -1 0 0 -1 0 0 -1 0 0 -1 0 0 -1 0 0 -1 0 0 -1 0 -0 -1 0 -0 -1 0 0 -1 0 0 -1 0 0 -1 0 0 -1 0 -0 -1 0 0 -1 0 0 -1 0 0 -1 0 -0 -1 0 -0 -1 0 0 -1 0 0 -1 0 0 -1 0 0 -1 0 0 -1 0 -0 -1 0 -0 -1 0 0 -1 0 0 -1 0 0 -1 0 0 -1 0 0 -1 0 0 -1 0 -0 -1 0 0 -1 0 0 -1 0 0 -1 0 0 -1 0 -0 -1 0 0 -1 0 0 -1 0 0 -1 0 0 -1 0 0 -1 0 -0 -1 0 0 -1 0 0 -1 0 0 -1 0 0 -1 0 0 -1 0 0 -1 0 0 -1 0 0 -1 0 0 -1 0 0 -1 0 0 -1 0 0 -1 0 0 -1 0 0 -1 0 0 -1 0 0 -1 0 0 -1 0 0 -1 0 0 -1 0 0 -1 0 0 -1 0 0 -1 0 0 -1 0 0 -1 0 0 -1 0 0 -1 0 0 -1 0 0 -1 0 0 -1 0 0 -1 0 0 -1 0 0 -1 0 0 -1 0 0 -1 0 0 -1 0 0 -1 0 0 -1 0 0 -1 0 0 -1 0 0 -1 0 0 -1 0 0 -1 0 0 -1 0 0 -1 0 0 -1 0 0 -1 0 0 -1 0 0 -1 0 0 -1 0 0 -1 0 0 -1 0 0 -1 0 0 -1 0 0 -1 0 0 -1 0 0 -1 0 0 -1 0 0 -1 0 0 -1 0 0 -1 0 0 -1 0 0 -1 0 0 -1 0 0 -1 0 0 -1 0 0 -1 0 0 -1 0 0 -1 0 0 -1 0 0 -1 0 0 -1 0 0 -1 0 0 -1 0 0 -1 0 0 -1 0 0 -1 0 0 -1 0 0 -1 0 0 -1 0 0 -1 0 0 -1 0 0 -1 0 0 -1 0 0 -1 0 0 -1 0 0 -1 0 0 -1 0 0 -1 0 0 -1 0 0 -1 0 0 -1 0 0 -1 0 0 -1 0 0 -1 0 0 -1 0 0 -1 0 0 -1 0 0 -1 0 0 -1 0 0 -1 0 0 -1 0 0 -1 0 0 -1 0 0 -1 0 0 -1 0 0 -1 0 0 -1 0 0 -1 0 0 -1 0 0 -1 0 0 -1 0 0 -1 0 -0 -1 0 -0 -1 0 0 -1 0 0 -1 0 0 -1 0 0 -1 0 0 -1 0 0 -1 0 0 -1 0 0 -1 0 0 -1 0 0 -1 0 0 -1 0 0 -1 0 -0 -1 0 0 -1 0 -0 -1 0 -0 -1 0 0 -1 0 0 -1 0 -0 -1 0 -0 -1 0 -0 -1 0 0 -1 0 0 -1 0 -0 -1 0 -0 -1 0 0 -1 0 0 -1 0 -0 -1 0 -0 -1 0 -0 -1 0 -0 -1 0 0 -1 0 0 -1 0 -0 -1 0 -0 -1 0 -0 -1 0 0 -1 0 0 -1 0 -0 -1 0 0 -1 0 -0 -1 0 -0 -1 0 0 -1 0 -0 -1 0 0 -1 0 0 -1 0 0 -1 0 0 -1 0 0 -1 0 0 -1 0 0 -1 0 -0 -1 0 0 -1 0 0 -1 0 0 -1 0 0 -1 0 0 -1 0 0 -1 0 0 -1 0 0 -1 0 0 -1 0 0 -1 0 0 -1 0 0 -1 0 0 -1 0 0 -1 0 0 -1 0 -0 -1 0 -0 -1 0 -0 -1 0 -0 -1 0 -0 -1 0 -0 -1 0 -0 -1 0 -0 -1 0 0 -1 0 0 -1 0 0 -1 0 0 -1 0 0 -1 0 -0 -1 0 0 -1 0 -0 -1 -0 -0 -1 0 -0 -1 -0 -0 -1 0 -0 -1 0 0 -1 0 0 -1 0 -0 -1 0 -0 -1 0 -0 -1 -0 -0 -1 0 0 -1 0 -0 -1 0 -0 -1 0 -0 -1 0 0 -1 0 -0 -1 0 -0 -1 0 0 -1 0 0 -1 0 -0 -1 0 -0 -1 0 0 -1 0 0 -1 0 0 -1 0 0 -1 0 -0 -1 0 0 -1 0 0 -1 0 0 -1 0 -0 -1 0 0 -1 0 -0 -1 0 0 -1 0 -0 -1 0 0 -1 0 0 -1 0 0 -1 0 0 -1 0 0 -1 0 0 -1 0 0 -1 0 0 -1 0 0 -1 0 0 -1 0 0 -1 0 0 -1 0 0 -1 0 0 -1 0 0 -1 0 0 -1 0 0 -1 0 0 -1 0 0 -1 0 0 -1 0 0 -1 0 0 -1 0 0 -1 0 0 -1 0 0 -1 0 0 -1 0 0 -1 0 0 -1 0 0 -1 0 0 -1 0 0 -1 0 0 -1 0 0 -1 0 0 -1 0 0 -1 0 0 -1 0 0 -1 0 0 -1 0 0 -1 0 0 -1 0 0 -1 0 0 -1 0 0 -1 0 0 -1 0 0 -1 0 0 -1 0 0 -1 0 0 -1 0 0 -1 0 0 -1 0 0 -1 0 0 -1 0 0 -1 0 0 -1 0 0 -1 0 0 -1 0 0 -1 0 0 -1 0 0 -1 0 0 -1 0 0 -1 0 0 -1 0 0 -1 0 0 -1 0 0 -1 0 0 -1 0 0 -1 0 0 -1 0 0 -1 0 0 -1 0 0 -1 0 0 -1 0 0 -1 0 0 -1 0 0 -1 0 0 -1 0 0 -1 0 0 -1 0 0 -1 0 0 -1 0 0 -1 0 0 -1 0 0 -1 0 0 -1 0 0 -1 0 0 -1 0 0 -1 0 0 -1 0 0 -1 0 0 -1 0 0 -1 0 0 -1 0 0 -1 0 0 -1 0 -0 -1 0 0 -1 0 0 -1 0 0 -1 0 0 -1 0 0 -1 0 0 -1 0 0 -1 0 0 -1 0 0 -1 0 0 -1 0 0 -1 0 0 -1 0 0 -1 0 -0 -1 0 0 -1 0 0 -1 0 0 -1 0 0 -1 0 0 -1 0 0 -1 0 0 -1 0 0 -1 0 0 -1 0 0 -1 0 0 -1 0 0 -1 0 0 -1 0 0 -1 0 0 -1 0 0 -1 0 0 -1 0 0 -1 0 0 -1 0 0 -1 0 0 -1 0 0 -1 0 0 -1 0 0 -1 0 0 -1 0 0 -1 0 0 -1 0 0 -1 0 0 -1 0 0 -1 0 0 -1 0 0 -1 0 0 -1 0 0 -1 0 0 -1 0 0 -1 0 0 -1 0 0 -1 0 0 -1 0 0 -1 0 0 -1 0 0 -1 0 0 -1 0 0 -1 0 0 -1 0 0 -1 0 0 -1 0 0 -1 0 0 -1 0 0 -1 0 0 -1 0 0 -1 0 0 -1 0 0 -1 0 -0 -1 0 0 -1 0 -0 -1 0 0 -1 0 -0 -1 0 0 -1 0 -0 -1 0 0 -1 0 -0 -1 0 0 -1 0 -0 -1 0 0 -1 0 -0 -1 0 -0 -1 0 0 -1 0 0 -1 0 -0 -1 0 0 -1 0 -0 -1 0 0 -1 0 -0 -1 0 0 -1 0 0 -1 0 0 -1 0 0 -1 0 0 -1 0 0 -1 0 0 -1 0 0 -1 0 0 -1 0 0 -1 0 0 -1 0 0 -1 0 0 -1 0 0 -1 0 0 -1 0 0 -1 0 0 -1 0 0 -1 0 0 -1 0 -0 -1 0 -0 -1 0 -0 -1 0 -0 -1 0 -0 -1 0 -0 -1 0 0 -1 0 -0 -1 0 -0 -1 0 0 -1 0 0 -1 0 0 -1 0 0 -1 0 0 -1 0 0 -1 0 0 -1 0 0 -1 0 0 -1 0 0 -1 0 0 -1 0 0 -1 0 0 -1 0 0 -1 0 0 -1 0 -0 -1 0 0 -1 0 0 -1 0 0 -1 0 0 -1 0 0 -1 0 0 -1 0 0 -1 0 0 -1 0 0 -1 0 -0 -1 0 -0 -1 0 -0 -1 0 -0 -1 0 0 -1 0 0 -1 0 0 -1 0 0 -1 0 0 -1 0 0 -1 0 0 -1 0 0 -1 0 0 -1 0 0 -1 0 0 -1 0 0 -1 0 0 -1 0 0 -1 0 0 -1 0 0 -1 0 0 -1 0 0 -1 0 0 -1 0 0 -1 0 0 -1 0 0 -1 0 0 -1 0 0 -1 0 0 -1 0 0 -1 0 0 -1 0 0 -1 0 0 -1 0 0 -1 0 0 -1 0 0 -1 0 0 -1 0 0 -1 0 0 -1 0 0 -1 0 0 -1 0 0 -1 0 0 -1 0 0 -1 0 0 -1 0 0 -1 0 0 -1 0 0 -1 0 0 -1 0 0 -1 0 0 -1 0 0 -1 0 0 -1 0 0 -1 0 0 -1 0 0 -1 0 0 -1 0 0 -1 0 0 -1 0 0 -1 0 0 -1 0 0 -1 0 0 -1 0 0 -1 0 0 -1 0 0 -1 0 0 -1 0 0 -1 0 0 -1 0 0 -1 0 0 -1 0 0 -1 0 0 -1 0 0 -1 0 0 -1 0 0 -1 0 0 -1 0 0 -1 0 0 -1 0 0 -1 0 0 -1 0 0 -1 0 0 -1 0 0 -1 0 0 -1 0 0 -1 0 0 -1 0 0 -1 0 0 -1 0 0 -1 0 0 -1 0 0 -1 0 0 -1 0 0 -1 0 0 -1 0 0 -1 0 0 -1 0 0 -1 0 0 -1 0 0 -1 0 0 -1 0 -0 -1 0 -0 -1 0 0 -1 0 -0 -1 0 0 -1 0 0 -1 0 -0 -1 0 -0 -1 0 0 -1 0 0 -1 0 -0 -1 0 -0 -1 0 -0 -1 0 0 -1 0 0 -1 0 -0 -1 0 0 -1 0 0 -1 0 -0 -1 0 0 -1 0 -0 -1 0 0 -1 0 -0 -1 0 0 -1 0 -0 -1 0 -0 -1 0 -0 -1 0 0 -1 0 0 -1 0 -0 -1 0 0 -1 0 -0 -1 0 0 -1 0 0 -1 0 0 -1 0 0 -1 0 -0 -1 0 -0 -1 0 0 -1 0 0 -1 0 0 -1 0 0 -1 0 0 -1 0 0 -1 0 0 -1 0 0 -1 0 0 -1 0 0 -1 0 0 -1 0 0 -1 0 0 -1 0 0 -1 0 0 -1 0 0 -1 0 0 -1 0 0 -1 0 0 -1 0 0 -1 0 0 -1 0 0 -1 0 0 -1 0 0 -1 0 0 -1 0 0 -1 0 0 -1 0 0 -1 0 0 -1 0 0 -1 0 0 -1 0 0 -1 0 0 -1 0 0 -1 0 0 -1 0 0 -1 0 0 -1 0 0 -1 0 0 -1 0 0 -1 0 0 -1 0 0 -1 0 0 -1 0 0 -1 0 0 -1 0 0 -1 0 -0 -1 0 -0 -1 0 -0 -1 0 -0 -1 0 -0 -1 0 -0 -1 0 -0 -1 0 0 -1 0 0 -1 0 0 -1 0 0 -1 0 0 -1 0 0 -1 0 -0 -1 0 -0 -1 0 -0 -1 0 -0 -1 0 -0 -1 0 -0 -1 0 -0 -1 0 0 -1 0 -0 -1 0 0 -1 0 -0 -1 0 -0 -1 0 -0 -1 0 0 -1 0 0 -1 0 0 -1 0 0 -1 0 0 -1 0 0 -1 0 0 -1 0 0 -1 0 0 -1 0 0 -1 0 0 -1 0 0 -1 0 0 -1 0 0 -1 0 0 -1 0 0 -1 0 0 -1 0 0 -1 0 0 -1 0 0 -1 0 0 -1 0 0 -1 0 0 -1 0 0 -1 0 0 -1 0 0 -1 0 0 -1 0 0 -1 0 0 -1 0 0 -1 0 0 -1 0 0 -1 0 0 -1 0 0 -1 0 0 -1 0 -0 -1 0 0 -1 0 0 -1 0 0 -1 0 -0 -1 0 0 -1 0 -0 -1 0 -0 -1 0 0 -1 0 0 -1 0 -0 -1 0 0 -1 0 -0 -1 0 0 -1 0 -0 -1 0 0 -1 0 -0 -1 0 0 -1 0 -0 -1 0 -0 -1 0 0 -1 0 0 -1 0 -0 -1 0 -0 -1 0 0 -1 0 0 -1 0 -0 -1 0 0 -1 0 -0 -1 0 -0 -1 0 0 -1 0 0 -1 0 -0 -1 0 -0 -1 0 -0 -1 0 -0 -1 0 0 -1 0 -0 -1 0 0 -1 0 0 -1 0 0 -1 0 0 -1 0 0 -1 0 0 -1 0 -0 -1 0 -0 -1 0 0 -1 0 -0 -1 -0 -0 -1 0 -0 -1 -0 -0 -1 0 0 -1 0 -0 -1 0 0 -1 -0 -0 -1 0 -0 -1 0 -0 -1 0 0 -1 -0 -0 -1 0 -0 -1 0 -0 -1 0 -0 -1 0 0 -1 0 -0 -1 -0 -0 -1 0 -0 -1 0 0 -1 0 -0 -1 0 -0 -1 0 0 -1 0 -0 -1 0 -0 -1 0 -0 -1 0 0 -1 0 -0 -1 0 0 -1 0 -0 -1 0 0 -1 0 -0 -1 0 -0 -1 0 0 -1 0 -0 -1 0 0 -1 0 0 -1 0 0 -1 0 0 -1 0 0 -1 0 0 -1 0 0 -1 0 0 -1 0 0 -1 0 0 -1 0 0 -1 0 0 -1 0 0 -1 0 0 -1 0 0 -1 0 0 -1 0 0 -1 0 0 -1 0 0 -1 0 0 -1 0 0 -1 0 0 -1 0 0 -1 0 0 -1 0 0 -1 0 0 -1 0 0 -1 0 0 -1 0 0 -1 0 0 -1 0 0 -1 0 0 -1 0 0 -1 0 0 -1 0 0 -1 0 0 -1 0 0 -1 0 0 -1 0 0 -1 0 0 -1 0 0 -1 0 0 -1 0 0 -1 0 0 -1 0 0 -1 0 0 -1 0 0 -1 0 0 -1 0 0 -1 0 0 -1 0 0 -1 0 0 -1 0 0 -1 0 0 -1 0 0 -1 0 0 -1 0 0 -1 0 0 -1 0 0 -1 0 0 -1 0 0 -1 0 0 -1 0 0 -1 0 0 -1 0 0 -1 0 0 -1 0 0 -1 0 0 -1 0 0 -1 0 0 -1 0 0 -1 0 0 -1 0 0 -1 0 0 -1 0 0 -1 0 0 -1 0 0 -1 0 0 -1 0 0 -1 0 0 -1 0 0 -1 0 0 -1 0 0 -1 0 0 -1 0 0 -1 0 0 -1 0 0 -1 0 0 -1 0 0 -1 0 0 -1 0 0 -1 0 0 -1 0 0 -1 0 0 -1 0 0 -1 0 0 -1 0 0 -1 0 0 -1 0 0 -1 -0 -0 -1 0 -0 -1 0 0 -1 0 0 -1 0 0 -1 0 0 -1 0 0 -1 0 0 -1 0 0 -1 0 0 -1 0 0 -1 0 0 -1 0 0 -1 0 0 -1 0 0 -1 0 0 -1 0 0 -1 0 0 -1 0 0 -1 0 0 -1 0 0 -1 0 0 -1 0 0 -1 0 0 -1 0 0 -1 0 0 -1 0 0 -1 0 0 -1 0 0 -1 0 -0 -1 0 -0 -1 0 -0 -1 0 0 -1 0 0 -1 0 -0 -1 0 -0 -1 0 -0 -1 0 -0 -1 0 -0 -1 0 0 -1 0 -0 -1 0 -0 -1 0 -0 -1 0 -0 -1 0 -0 -1 0 0 -1 0 -0 -1 0 -0 -1 0 -0 -1 0 -0 -1 0 -0 -1 0 -0 -1 0 -0 -1 0 0 -1 0 0 -1 0 0 -1 0 0 -1 0 -0 -1 0 -0 -1 0 -0 -1 0 -0 -1 0 0 -1 0 -0 -1 0 0 -1 0 0 -1 0 0 -1 0 0 -1 0 0 -1 0 0 -1 0 0 -1 0 0 -1 0 0 -1 0 0 -1 0 0 -1 0 0 -1 0 0 -1 0 0 -1 0 0 -1 0 0 -1 0 0 -1 0 0 -1 0 0 -1 0 0 -1 0 0 -1 0 0 -1 0 0 -1 0 0 -1 0 -0 -1 0 0 -1 0 0 -1 0 0 -1 0 0 -1 0 0 -1 0 -0 -1 0 -0 -1 0 -0 -1 0 0 -1 0 0 -1 0 0 -1 0 0 -1 0 0 -1 0 -0 -1 0 -0 -1 0 0 -1 0 0 -1 0 0 -1 0 0 -1 0 0 -1 0 0 -1 0 0 -1 0 0 -1 0 0 -1 0 -0 -1 0 0 -1 0 0 -1 0 0 -1 0 0 -1 0 0 -1 0 0 -1 0 0 -1 0 0 -1 0 0 -1 0 0 -1 0 0 -1 0 0 -1 0 0 -1 0 -0 -1 0 -0 -1 0 -0 -1 0 -0 -1 0 0 -1 0 0 -1 0 0 -1 0 0 -1 0 0 -1 0 0 -1 0 0 -1 0 0 -1 0 0 -1 0 -0 -1 0 -0 -1 0 -0 -1 0 0 -1 0 0 -1 0 0 -1 0 0 -1 0 0 -1 0 0 -1 0 0 -1 0 0 -1 0 0 -1 0.9996892 -0.02493077 0 0.9996892 -0.02493077 0 0.9972038 -0.07472976 0 0.9972038 -0.07472976 0 0.9922392 -0.1243437 0 0.9922392 -0.1243437 0 0.974928 -0.2225204 0 0.9848076 -0.173649 0 0.9848076 -0.173649 0 0.974928 -0.2225204 0 0.9479277 -0.3184857 0 0.9626242 -0.2708409 0 0.9626242 -0.2708409 0 0.9479277 -0.3184857 0 0.9115059 -0.411287 0 0.9308738 -0.3653411 0 0.9308738 -0.3653411 0 0.9115059 -0.411287 0 0.8898716 -0.4562111 0 0.8898716 -0.4562111 0 0.8660254 -0.5000001 0 0.8400255 -0.5425469 0 0.8660254 -0.5000001 0 0.8400255 -0.5425469 0 0.8119382 -0.5837434 0 0.8119382 -0.5837434 0 0.7818317 -0.6234894 0 0.7818317 -0.6234894 0 0.7158666 -0.698237 0 0.7497813 -0.6616857 0 0.7497813 -0.6616857 0 0.7158666 -0.698237 0 0.6801732 -0.7330514 0 0.6801732 -0.7330514 0 0.6427867 -0.7660452 0 0.6427867 -0.7660452 0 0.603805 -0.7971321 0 0.603805 -0.7971321 0 0.5633196 -0.8262391 0 0.5633196 -0.8262391 0 0.5214354 -0.8532908 0 0.5214354 -0.8532908 0 0.4782545 -0.8782213 0 0.4782545 -0.8782213 0 0.3884345 -0.9214763 0 0.4338836 -0.9009689 0 0.4338836 -0.9009689 0 0.3884345 -0.9214763 0 0.2947558 -0.9555727 0 0.3420195 -0.9396929 0 0.3420195 -0.9396929 0 0.2947558 -0.9555727 0 0.2467575 -0.9690773 0 0.2467575 -0.9690773 0 0.1981459 -0.9801726 0 0.1981459 -0.9801726 0 0.149042 -0.9888309 0 0.149042 -0.9888309 0 0.09956804 -0.9950308 0 0.09956804 -0.9950308 0 0.04984657 -0.9987569 0 0.04984657 -0.9987569 0 0 -1 0 0 -1 0 -0.04984657 -0.9987569 0 -0.04984657 -0.9987569 0 -0.09956804 -0.9950308 0 -0.09956804 -0.9950308 0 -0.149042 -0.9888309 0 -0.149042 -0.9888309 0 -0.1981459 -0.9801726 0 -0.1981459 -0.9801726 0 -0.2467575 -0.9690773 0 -0.2467575 -0.9690773 0 -0.2947558 -0.9555727 0 -0.3420195 -0.9396929 0 -0.2947558 -0.9555727 0 -0.3420195 -0.9396929 0 -0.3884345 -0.9214763 0 -0.3884345 -0.9214763 0 -0.4338836 -0.9009689 0 -0.4338836 -0.9009689 0 -0.4782545 -0.8782213 0 -0.4782545 -0.8782213 0 -0.5214354 -0.8532908 0 -0.5633196 -0.8262391 0 -0.5214354 -0.8532908 0 -0.5633196 -0.8262391 0 -0.603805 -0.7971321 0 -0.603805 -0.7971321 0 -0.6427867 -0.7660452 0 -0.6427867 -0.7660452 0 -0.6801732 -0.7330514 0 -0.6801732 -0.7330514 0 -0.7158666 -0.698237 0 -0.7497813 -0.6616857 0 -0.7158666 -0.698237 0 -0.7497813 -0.6616857 0 -0.7818317 -0.6234894 0 -0.7818317 -0.6234894 0 -0.8119382 -0.5837434 0 -0.8119382 -0.5837434 0 -0.8400255 -0.5425469 0 -0.8400255 -0.5425469 0 -0.8660254 -0.5000001 0 -0.8660254 -0.5000001 0 -0.8898716 -0.4562111 0 -0.8898716 -0.4562111 0 -0.9115059 -0.411287 0 -0.9115059 -0.411287 0 -0.9308738 -0.3653411 0 -0.9308738 -0.3653411 0 -0.9479277 -0.3184857 0 -0.9479277 -0.3184857 0 -0.974928 -0.2225204 0 -0.9626242 -0.2708409 0 -0.9626242 -0.2708409 0 -0.974928 -0.2225204 0 -0.9922392 -0.1243437 0 -0.9848076 -0.173649 0 -0.9848076 -0.173649 0 -0.9922392 -0.1243437 0 -0.9972038 -0.07472976 0 -0.9972038 -0.07472976 0 -0.9996892 -0.02493077 0 -0.9996892 0.02493077 0 -0.9996892 -0.02493077 0 -0.9996892 0.02493077 0 -0.9972038 0.07472976 0 -0.9972038 0.07472976 0 -0.9922392 0.1243437 0 -0.9922392 0.1243437 0 -0.9848076 0.173649 0 -0.974928 0.2225204 0 -0.9848076 0.173649 0 -0.974928 0.2225204 0 -0.9626242 0.2708409 0 -0.9626242 0.2708409 0 -0.9479277 0.3184857 0 -0.9479277 0.3184857 0 -0.9308738 0.3653411 0 -0.9308738 0.3653411 0 -0.9115059 0.411287 0 -0.9115059 0.411287 0 -0.8898716 0.4562111 0 -0.8660254 0.5000001 0 -0.8898716 0.4562111 0 -0.8660254 0.5000001 0 -0.8400255 0.5425469 0 -0.8400255 0.5425469 0 -0.8119382 0.5837434 0 -0.8119382 0.5837434 0 -0.7818317 0.6234894 0 -0.7818317 0.6234894 0 -0.7158666 0.698237 0 -0.7497813 0.6616857 0 -0.7497813 0.6616857 0 -0.7158666 0.698237 0 -0.6427867 0.7660452 0 -0.6801732 0.7330514 0 -0.6801732 0.7330514 0 -0.603805 0.7971321 0 -0.6427867 0.7660452 0 -0.5633196 0.8262391 0 -0.603805 0.7971321 0 -0.5633196 0.8262391 0 -0.4782545 0.8782213 0 -0.5214354 0.8532908 0 -0.5214354 0.8532908 0 -0.4782545 0.8782213 0 -0.3884345 0.9214763 0 -0.4338836 0.9009689 0 -0.4338836 0.9009689 0 -0.3420195 0.9396929 0 -0.3884345 0.9214763 0 -0.3420195 0.9396929 0 -0.2947558 0.9555727 0 -0.2947558 0.9555727 0 -0.2467575 0.9690773 0 -0.1981459 0.9801726 0 -0.2467575 0.9690773 0 -0.1981459 0.9801726 0 -0.149042 0.9888309 0 -0.149042 0.9888309 0 -0.09956804 0.9950308 0 -0.04984657 0.9987569 0 -0.09956804 0.9950308 0 -0.04984657 0.9987569 0 0 1 0 0 1 -0 0.04984657 0.9987569 0 0.04984657 0.9987569 -0 0.149042 0.9888309 -0 0.09956804 0.9950308 -0 0.09956804 0.9950308 0 0.1981459 0.9801726 -0 0.149042 0.9888309 -0 0.2467575 0.9690773 -0 0.1981459 0.9801726 -0 0.2467575 0.9690773 -0 0.2947558 0.9555727 -0 0.2947558 0.9555727 0 0.3420195 0.9396929 -0 0.3420195 0.9396929 0 0.4338836 0.9009689 -0 0.3884345 0.9214763 -0 0.3884345 0.9214763 0 0.4338836 0.9009689 -0 0.4782545 0.8782213 -0 0.4782545 0.8782213 0 0.5633196 0.8262391 -0 0.5214354 0.8532908 -0 0.5214354 0.8532908 0 0.5633196 0.8262391 -0 0.603805 0.7971321 -0 0.603805 0.7971321 0 0.6801732 0.7330514 -0 0.6427867 0.7660452 -0 0.6427867 0.7660452 0 0.6801732 0.7330514 -0 0.7497813 0.6616857 -0 0.7158666 0.698237 -0 0.7158666 0.698237 0 0.7497813 0.6616857 -0 0.7818317 0.6234894 0 0.8119382 0.5837434 -0 0.7818317 0.6234894 -0 0.8119382 0.5837434 -0 0.8400255 0.5425469 0 0.8660254 0.5000001 -0 0.8400255 0.5425469 -0 0.8660254 0.5000001 -0 0.8898716 0.4562111 -0 0.8898716 0.4562111 0 0.9115059 0.411287 -0 0.9115059 0.411287 0 0.9479277 0.3184857 -0 0.9308738 0.3653411 -0 0.9308738 0.3653411 0 0.9479277 0.3184857 -0 0.9626242 0.2708409 -0 0.9626242 0.2708409 0 0.974928 0.2225204 -0 0.974928 0.2225204 0 0.9848076 0.173649 -0 0.9848076 0.173649 0 0.9922392 0.1243437 -0 0.9922392 0.1243437 0 0.9972038 0.07472976 -0 0.9972038 0.07472976 0 0.9996892 0.02493077 -0 0.9996892 0.02493077 0 -0.9993616 -0.03572693 -0 -0.9993616 -0.03572693 0 -0.9942721 -0.1068781 0 -0.9942721 -0.1068781 -0 -0.9841084 -0.1775686 0 -0.9841084 -0.1775686 -0 -0.9689454 -0.247275 0 -0.9689454 -0.247275 -0 -0.9488206 -0.3158155 0 -0.9238744 -0.3826956 0 -0.9488206 -0.3158155 -0 -0.9238744 -0.3826956 0 -0.8942362 -0.4475952 0 -0.8942362 -0.4475952 0 -0.8599851 -0.5103191 0 -0.8599851 -0.5103191 0 -0.8214495 -0.5702814 -0 -0.8214495 -0.5702814 0 -0.7786146 -0.6275025 -0 -0.7786146 -0.6275025 0 -0.7319051 -0.6814065 -0 -0.7319051 -0.6814065 0 -0.6814255 -0.7318873 0 -0.6814255 -0.7318873 -0 -0.6274748 -0.7786368 0 -0.6274748 -0.7786368 -0 -0.5703328 -0.8214136 0 -0.5102459 -0.8600286 0 -0.5703328 -0.8214136 -0 -0.5102459 -0.8600286 0 -0.4476411 -0.8942133 0 -0.4476411 -0.8942133 -0 -0.3826631 -0.923888 0 -0.3158155 -0.9488206 0 -0.3826631 -0.923888 -0 -0.3158155 -0.9488206 0 -0.2473108 -0.9689361 0 -0.2473108 -0.9689361 -0 -0.1775316 -0.9841152 0 -0.1775316 -0.9841152 -0 -0.1069159 -0.9942681 0 -0.1069159 -0.9942681 -0 -0.03568881 -0.9993629 0 -0.03568881 -0.9993629 -0 0.03568881 -0.9993629 0 0.03568881 -0.9993629 0 0.1069159 -0.9942681 0 0.1069159 -0.9942681 0 0.1775316 -0.9841152 0 0.1775316 -0.9841152 0 0.2473108 -0.9689361 0 0.2473108 -0.9689361 0 0.3158155 -0.9488206 0 0.3826631 -0.923888 0 0.3158155 -0.9488206 0 0.3826631 -0.923888 0 0.4476105 -0.8942286 0 0.4476105 -0.8942286 0 0.5102794 -0.8600087 0 0.5703328 -0.8214136 0 0.5102794 -0.8600087 0 0.5703328 -0.8214136 0 0.6274376 -0.7786669 0 0.6274376 -0.7786669 0 0.6814255 -0.7318873 0 0.6814255 -0.7318873 0 0.7319051 -0.6814065 0 0.7319051 -0.6814065 0 0.7786519 -0.6274562 0 0.7786519 -0.6274562 0 0.8214136 -0.5703328 0 0.8214136 -0.5703328 0 0.8600186 -0.5102627 0 0.8600186 -0.5102627 0 0.8942362 -0.4475952 0 0.9238744 -0.3826956 0 0.8942362 -0.4475952 0 0.9488206 -0.3158155 0 0.9238744 -0.3826956 0 0.9488206 -0.3158155 0 0.9689454 -0.247275 0 0.9841084 -0.1775686 0 0.9689454 -0.247275 0 0.9942721 -0.1068781 0 0.9841084 -0.1775686 0 0.9942721 -0.1068781 0 0.9993616 -0.03572693 0 0.9993616 -0.03572693 0 0.9993615 0.03572829 0 0.9993615 0.03572829 0 0.9942726 0.1068741 0 0.9841084 0.1775686 -0 0.9942726 0.1068741 0 0.9841084 0.1775686 0 0.9689454 0.247275 0 0.9689454 0.247275 0 0.9488206 0.3158155 0 0.9238744 0.3826956 -0 0.9488206 0.3158155 0 0.8942362 0.4475952 -0 0.9238744 0.3826956 0 0.8942362 0.4475952 0 0.8600186 0.5102627 0 0.8214136 0.5703328 -0 0.8600186 0.5102627 0 0.8214136 0.5703328 0 0.7786519 0.6274562 0 0.7786519 0.6274562 0 0.7318873 0.6814255 0 0.6814255 0.7318873 -0 0.7318873 0.6814255 0 0.6814255 0.7318873 0 0.6274607 0.7786483 0 0.6274607 0.7786483 0 0.5703071 0.8214316 0 0.5703071 0.8214316 0 0.5102794 0.8600087 -0 0.5102794 0.8600087 0 0.4476105 0.8942286 0 0.4476105 0.8942286 0 0.3826956 0.9238744 0 0.3826956 0.9238744 0 0.3157811 0.9488321 0 0.3157811 0.9488321 0 0.2473108 0.9689361 0 0.2473108 0.9689361 0 0.1775686 0.9841084 0 0.1775686 0.9841084 0 0.1068781 0.9942721 0 0.1068781 0.9942721 0 0.03568881 0.9993629 0 0.03568881 0.9993629 0 -0.03568881 0.9993629 0 -0.03568881 0.9993629 0 -0.1068781 0.9942721 0 -0.1068781 0.9942721 0 -0.1775686 0.9841084 0 -0.1775686 0.9841084 0 -0.2473108 0.9689361 0 -0.2473108 0.9689361 0 -0.3157811 0.9488321 0 -0.3157811 0.9488321 0 -0.3826956 0.9238744 0 -0.3826956 0.9238744 0 -0.4476411 0.8942133 0 -0.4476411 0.8942133 0 -0.5102459 0.8600286 0 -0.5102459 0.8600286 0 -0.5703071 0.8214316 0 -0.627498 0.7786182 0 -0.5703071 0.8214316 0 -0.627498 0.7786182 0 -0.6814255 0.7318873 0 -0.6814255 0.7318873 0 -0.7318873 0.6814255 0 -0.7318873 0.6814255 0 -0.7786146 0.6275025 0 -0.7786146 0.6275025 0 -0.8214495 0.5702814 0 -0.8214495 0.5702814 0 -0.8599851 0.5103191 0 -0.8599851 0.5103191 0 -0.8942362 0.4475952 0 -0.8942362 0.4475952 0 -0.9238744 0.3826956 0 -0.9238744 0.3826956 0 -0.9488206 0.3158155 0 -0.9488206 0.3158155 0 -0.9689454 0.247275 0 -0.9689454 0.247275 0 -0.9841084 0.1775686 0 -0.9841084 0.1775686 0 -0.9942726 0.1068741 0 -0.9942726 0.1068741 0 -0.9993615 0.03572829 0 -0.9993615 0.03572829 0 -0.9993643 -0.03565205 -0 -0.9993643 -0.03565205 0 -0.9942726 -0.1068741 0 -0.9942726 -0.1068741 -0 -0.9841084 -0.1775686 0 -0.9841084 -0.1775686 -0 -0.9689271 -0.2473467 0 -0.9689271 -0.2473467 -0 -0.9488435 -0.3157468 0 -0.9238744 -0.3826956 0 -0.9488435 -0.3157468 -0 -0.9238744 -0.3826956 0 -0.8942056 -0.4476563 0 -0.8942056 -0.4476563 0 -0.8600186 -0.5102627 0 -0.8600186 -0.5102627 0 -0.8214495 -0.5702814 -0 -0.8214495 -0.5702814 0 -0.7786146 -0.6275025 -0 -0.7786146 -0.6275025 0 -0.7318873 -0.6814255 -0 -0.7318873 -0.6814255 0 -0.6814255 -0.7318873 0 -0.6814255 -0.7318873 -0 -0.627498 -0.7786182 0 -0.627498 -0.7786182 -0 -0.5703071 -0.8214316 0 -0.5102459 -0.8600286 0 -0.5703071 -0.8214316 -0 -0.5102459 -0.8600286 0 -0.4476411 -0.8942133 0 -0.4476411 -0.8942133 -0 -0.3826956 -0.9238744 0 -0.3157811 -0.9488321 0 -0.3826956 -0.9238744 -0 -0.3157811 -0.9488321 0 -0.2473108 -0.9689361 0 -0.2473108 -0.9689361 -0 -0.1775552 -0.9841109 0 -0.1775552 -0.9841109 -0 -0.1068781 -0.9942721 0 -0.1068781 -0.9942721 -0 -0.03569153 -0.9993629 0 -0.03569153 -0.9993629 -0 0.03568881 -0.9993629 0 0.03568881 -0.9993629 0 0.1068781 -0.9942721 0 0.1068781 -0.9942721 0 0.1775686 -0.9841084 0 0.1775686 -0.9841084 0 0.2472925 -0.9689409 0 0.2472925 -0.9689409 0 0.315804 -0.9488244 0 0.3826956 -0.9238744 0 0.315804 -0.9488244 0 0.3826956 -0.9238744 0 0.4476105 -0.8942286 0 0.4476105 -0.8942286 0 0.5102794 -0.8600087 0 0.5703071 -0.8214316 0 0.5102794 -0.8600087 0 0.5703071 -0.8214316 0 0.6274607 -0.7786483 0 0.6274607 -0.7786483 0 0.6814255 -0.7318873 0 0.6814255 -0.7318873 0 0.7318873 -0.6814255 0 0.7318873 -0.6814255 0 0.7786519 -0.6274562 0 0.7786519 -0.6274562 0 0.8214136 -0.5703328 0 0.8214136 -0.5703328 0 0.8600186 -0.5102627 0 0.8600186 -0.5102627 0 0.8942056 -0.4476563 0 0.9239014 -0.3826305 0 0.8942056 -0.4476563 0 0.9488206 -0.3158155 0 0.9239014 -0.3826305 0 0.9488206 -0.3158155 0 0.9689271 -0.2473467 0 0.9841218 -0.1774946 0 0.9689271 -0.2473467 0 0.9942644 -0.1069496 0 0.9841218 -0.1774946 0 0.9942644 -0.1069496 0 0.9993643 -0.03565205 0 0.9993643 -0.03565205 0 0.9993643 0.03565069 0 0.9993643 0.03565069 0 0.994264 0.1069536 0 0.9841218 0.1774946 -0 0.994264 0.1069536 0 0.9841218 0.1774946 0 0.9689271 0.2473467 0 0.9689271 0.2473467 0 0.9488206 0.3158155 0 0.9239014 0.3826305 -0 0.9488206 0.3158155 0 0.8942056 0.4476563 -0 0.9239014 0.3826305 0 0.8942056 0.4476563 0 0.8600186 0.5102627 0 0.8214136 0.5703328 -0 0.8600186 0.5102627 0 0.8214136 0.5703328 0 0.7786519 0.6274562 0 0.7786519 0.6274562 0 0.7319051 0.6814065 0 0.6814255 0.7318873 -0 0.7319051 0.6814065 0 0.6814255 0.7318873 0 0.6274376 0.7786669 0 0.6274376 0.7786669 0 0.5703328 0.8214136 0 0.5703328 0.8214136 0 0.5102794 0.8600087 -0 0.5102794 0.8600087 0 0.4476105 0.8942286 0 0.4476105 0.8942286 0 0.3826631 0.923888 0 0.3826631 0.923888 0 0.3158384 0.948813 0 0.3158384 0.948813 0 0.2472925 0.9689409 0 0.2472925 0.9689409 0 0.1775316 0.9841152 0 0.1775316 0.9841152 0 0.1069159 0.9942681 0 0.1069159 0.9942681 0 0.03568881 0.9993629 0 0.03568881 0.9993629 0 -0.03569153 0.9993629 0 -0.03569153 0.9993629 0 -0.1069159 0.9942681 0 -0.1069159 0.9942681 0 -0.1775182 0.9841176 0 -0.1775182 0.9841176 0 -0.2473108 0.9689361 0 -0.2473108 0.9689361 0 -0.3158155 0.9488206 0 -0.3158155 0.9488206 0 -0.3826631 0.923888 0 -0.3826631 0.923888 0 -0.4476411 0.8942133 0 -0.4476411 0.8942133 0 -0.5102459 0.8600286 0 -0.5102459 0.8600286 0 -0.5703328 0.8214136 0 -0.6274748 0.7786368 0 -0.5703328 0.8214136 0 -0.6274748 0.7786368 0 -0.6814255 0.7318873 0 -0.6814255 0.7318873 0 -0.7319051 0.6814065 0 -0.7319051 0.6814065 0 -0.7786146 0.6275025 0 -0.7786146 0.6275025 0 -0.8214495 0.5702814 0 -0.8214495 0.5702814 0 -0.8600186 0.5102627 0 -0.8600186 0.5102627 0 -0.8942056 0.4476563 0 -0.8942056 0.4476563 0 -0.9238744 0.3826956 0 -0.9238744 0.3826956 0 -0.9488435 0.3157468 0 -0.9488435 0.3157468 0 -0.9689271 0.2473467 0 -0.9689271 0.2473467 0 -0.9841084 0.1775686 0 -0.9841084 0.1775686 0 -0.9942721 0.1068781 0 -0.9942721 0.1068781 0 -0.9993643 0.03565069 0 -0.9993643 0.03565069 0 -0.9993615 -0.03572829 -0 -0.9993615 -0.03572829 0 -0.9942726 -0.1068741 0 -0.9942726 -0.1068741 -0 -0.9841084 -0.1775686 0 -0.9841084 -0.1775686 -0 -0.9689454 -0.247275 0 -0.9689454 -0.247275 -0 -0.9488206 -0.3158155 0 -0.9238744 -0.3826956 0 -0.9488206 -0.3158155 -0 -0.9238744 -0.3826956 0 -0.8942362 -0.4475952 0 -0.8942362 -0.4475952 0 -0.8599851 -0.5103191 0 -0.8599851 -0.5103191 0 -0.8214495 -0.5702814 -0 -0.8214495 -0.5702814 0 -0.7786146 -0.6275025 -0 -0.7786146 -0.6275025 0 -0.7318873 -0.6814255 -0 -0.7318873 -0.6814255 0 -0.6814255 -0.7318873 0 -0.6814255 -0.7318873 -0 -0.627498 -0.7786182 0 -0.627498 -0.7786182 -0 -0.5703071 -0.8214316 0 -0.5102459 -0.8600286 0 -0.5703071 -0.8214316 -0 -0.5102459 -0.8600286 0 -0.4476411 -0.8942133 0 -0.4476411 -0.8942133 -0 -0.3826956 -0.9238744 0 -0.3157811 -0.9488321 0 -0.3826956 -0.9238744 -0 -0.3157811 -0.9488321 0 -0.2473108 -0.9689361 0 -0.2473108 -0.9689361 -0 -0.1775686 -0.9841084 0 -0.1775686 -0.9841084 -0 -0.1068781 -0.9942721 0 -0.1068781 -0.9942721 -0 -0.03568881 -0.9993629 0 -0.03568881 -0.9993629 -0 0.03568881 -0.9993629 0 0.03568881 -0.9993629 0 0.1068781 -0.9942721 0 0.1068781 -0.9942721 0 0.1775686 -0.9841084 0 0.1775686 -0.9841084 0 0.2473108 -0.9689361 0 0.2473108 -0.9689361 0 0.3157811 -0.9488321 0 0.3826956 -0.9238744 0 0.3157811 -0.9488321 0 0.3826956 -0.9238744 0 0.4476105 -0.8942286 0 0.4476105 -0.8942286 0 0.5102794 -0.8600087 0 0.5703071 -0.8214316 0 0.5102794 -0.8600087 0 0.5703071 -0.8214316 0 0.6274607 -0.7786483 0 0.6274607 -0.7786483 0 0.6814255 -0.7318873 0 0.6814255 -0.7318873 0 0.7318873 -0.6814255 0 0.7318873 -0.6814255 0 0.7786519 -0.6274562 0 0.7786519 -0.6274562 0 0.8214136 -0.5703328 0 0.8214136 -0.5703328 0 0.8600186 -0.5102627 0 0.8600186 -0.5102627 0 0.8942362 -0.4475952 0 0.9238744 -0.3826956 0 0.8942362 -0.4475952 0 0.9488206 -0.3158155 0 0.9238744 -0.3826956 0 0.9488206 -0.3158155 0 0.9689454 -0.247275 0 0.9841084 -0.1775686 0 0.9689454 -0.247275 0 0.9942726 -0.1068741 0 0.9841084 -0.1775686 0 0.9942726 -0.1068741 0 0.9993615 -0.03572829 0 0.9993615 -0.03572829 0 0.9993616 0.03572693 0 0.9993616 0.03572693 0 0.9942721 0.1068781 0 0.9841084 0.1775686 -0 0.9942721 0.1068781 0 0.9841084 0.1775686 0 0.9689454 0.247275 0 0.9689454 0.247275 0 0.9488206 0.3158155 0 0.9238744 0.3826956 -0 0.9488206 0.3158155 0 0.8942362 0.4475952 -0 0.9238744 0.3826956 0 0.8942362 0.4475952 0 0.8600186 0.5102627 0 0.8214136 0.5703328 -0 0.8600186 0.5102627 0 0.8214136 0.5703328 0 0.7786519 0.6274562 0 0.7786519 0.6274562 0 0.7319051 0.6814065 0 0.6814255 0.7318873 -0 0.7319051 0.6814065 0 0.6814255 0.7318873 0 0.6274376 0.7786669 0 0.6274376 0.7786669 0 0.5703328 0.8214136 0 0.5703328 0.8214136 0 0.5102794 0.8600087 -0 0.5102794 0.8600087 0 0.4476105 0.8942286 0 0.4476105 0.8942286 0 0.3826631 0.923888 0 0.3826631 0.923888 0 0.3158155 0.9488206 0 0.3158155 0.9488206 0 0.2473108 0.9689361 0 0.2473108 0.9689361 0 0.1775316 0.9841152 0 0.1775316 0.9841152 0 0.1069159 0.9942681 0 0.1069159 0.9942681 0 0.03568881 0.9993629 0 0.03568881 0.9993629 0 -0.03568881 0.9993629 0 -0.03568881 0.9993629 0 -0.1069159 0.9942681 0 -0.1069159 0.9942681 0 -0.1775316 0.9841152 0 -0.1775316 0.9841152 0 -0.2473108 0.9689361 0 -0.2473108 0.9689361 0 -0.3158155 0.9488206 0 -0.3158155 0.9488206 0 -0.3826631 0.923888 0 -0.3826631 0.923888 0 -0.4476411 0.8942133 0 -0.4476411 0.8942133 0 -0.5102459 0.8600286 0 -0.5102459 0.8600286 0 -0.5703328 0.8214136 0 -0.6274748 0.7786368 0 -0.5703328 0.8214136 0 -0.6274748 0.7786368 0 -0.6814255 0.7318873 0 -0.6814255 0.7318873 0 -0.7319051 0.6814065 0 -0.7319051 0.6814065 0 -0.7786146 0.6275025 0 -0.7786146 0.6275025 0 -0.8214495 0.5702814 0 -0.8214495 0.5702814 0 -0.8599851 0.5103191 0 -0.8599851 0.5103191 0 -0.8942362 0.4475952 0 -0.8942362 0.4475952 0 -0.9238744 0.3826956 0 -0.9238744 0.3826956 0 -0.9488206 0.3158155 0 -0.9488206 0.3158155 0 -0.9689454 0.247275 0 -0.9689454 0.247275 0 -0.9841084 0.1775686 0 -0.9841084 0.1775686 0 -0.9942721 0.1068781 0 -0.9942721 0.1068781 0 -0.9993616 0.03572693 0 -0.9993616 0.03572693 0 -1 0 0 -1 0 0 0 -1 -0 -0 -1 0 1 0 0 1 0 0 0 1 0 -0 1 0 -1 0 0 -1 0 0 0 -1 -0 -0 -1 0 1 0 0 1 0 0 0 1 0 -0 1 0 -0.9993616 -0.03572693 -0 -0.9993616 -0.03572693 0 -0.9942721 -0.1068781 0 -0.9942721 -0.1068781 -0 -0.9841084 -0.1775686 0 -0.9841084 -0.1775686 -0 -0.9689454 -0.247275 0 -0.9689454 -0.247275 -0 -0.9488206 -0.3158155 0 -0.9238744 -0.3826956 0 -0.9488206 -0.3158155 -0 -0.9238744 -0.3826956 0 -0.8942362 -0.4475952 0 -0.8942362 -0.4475952 0 -0.8600186 -0.5102627 0 -0.8600186 -0.5102627 0 -0.8214136 -0.5703328 -0 -0.8214136 -0.5703328 0 -0.7786519 -0.6274562 -0 -0.7786519 -0.6274562 0 -0.7319051 -0.6814065 -0 -0.7319051 -0.6814065 0 -0.6814255 -0.7318873 0 -0.6814255 -0.7318873 -0 -0.6274376 -0.7786669 0 -0.6274376 -0.7786669 -0 -0.5703328 -0.8214136 0 -0.5102794 -0.8600087 0 -0.5703328 -0.8214136 -0 -0.5102794 -0.8600087 0 -0.4476105 -0.8942286 0 -0.4476105 -0.8942286 -0 -0.3826631 -0.923888 0 -0.3158155 -0.9488206 0 -0.3826631 -0.923888 -0 -0.3158155 -0.9488206 0 -0.2473108 -0.9689361 0 -0.2473108 -0.9689361 -0 -0.1775316 -0.9841152 0 -0.1775316 -0.9841152 -0 -0.1069159 -0.9942681 0 -0.1069159 -0.9942681 -0 -0.03568881 -0.9993629 0 -0.03568881 -0.9993629 -0 0.03568881 -0.9993629 0 0.03568881 -0.9993629 0 0.1069159 -0.9942681 0 0.1069159 -0.9942681 0 0.1775316 -0.9841152 0 0.1775316 -0.9841152 0 0.2473108 -0.9689361 0 0.2473108 -0.9689361 0 0.3158155 -0.9488206 0 0.3826631 -0.923888 0 0.3158155 -0.9488206 0 0.3826631 -0.923888 0 0.4476411 -0.8942133 0 0.4476411 -0.8942133 0 0.5102459 -0.8600286 0 0.5703328 -0.8214136 0 0.5102459 -0.8600286 0 0.5703328 -0.8214136 0 0.6274748 -0.7786368 0 0.6274748 -0.7786368 0 0.6814255 -0.7318873 0 0.6814255 -0.7318873 0 0.7319051 -0.6814065 0 0.7319051 -0.6814065 0 0.7786146 -0.6275025 0 0.7786146 -0.6275025 0 0.8214495 -0.5702814 0 0.8214495 -0.5702814 0 0.8599851 -0.5103191 0 0.8599851 -0.5103191 0 0.8942362 -0.4475952 0 0.9238744 -0.3826956 0 0.8942362 -0.4475952 0 0.9488206 -0.3158155 0 0.9238744 -0.3826956 0 0.9488206 -0.3158155 0 0.9689454 -0.247275 0 0.9841084 -0.1775686 0 0.9689454 -0.247275 0 0.9942721 -0.1068781 0 0.9841084 -0.1775686 0 0.9942721 -0.1068781 0 0.9993616 -0.03572693 0 0.9993616 -0.03572693 0 0.9993615 0.03572829 0 0.9993615 0.03572829 0 0.9942726 0.1068741 0 0.9841084 0.1775686 -0 0.9942726 0.1068741 0 0.9841084 0.1775686 0 0.9689454 0.247275 0 0.9689454 0.247275 0 0.9488206 0.3158155 0 0.9238744 0.3826956 -0 0.9488206 0.3158155 0 0.8942362 0.4475952 -0 0.9238744 0.3826956 0 0.8942362 0.4475952 0 0.8599851 0.5103191 0 0.8214495 0.5702814 -0 0.8599851 0.5103191 0 0.8214495 0.5702814 0 0.7786146 0.6275025 0 0.7786146 0.6275025 0 0.7318873 0.6814255 0 0.6814255 0.7318873 -0 0.7318873 0.6814255 0 0.6814255 0.7318873 0 0.627498 0.7786182 0 0.627498 0.7786182 0 0.5703071 0.8214316 0 0.5703071 0.8214316 0 0.5102459 0.8600286 -0 0.5102459 0.8600286 0 0.4476411 0.8942133 0 0.4476411 0.8942133 0 0.3826956 0.9238744 0 0.3826956 0.9238744 0 0.3157811 0.9488321 0 0.3157811 0.9488321 0 0.2473108 0.9689361 0 0.2473108 0.9689361 0 0.1775686 0.9841084 0 0.1775686 0.9841084 0 0.1068781 0.9942721 0 0.1068781 0.9942721 0 0.03568881 0.9993629 0 0.03568881 0.9993629 0 -0.03568881 0.9993629 0 -0.03568881 0.9993629 0 -0.1068781 0.9942721 0 -0.1068781 0.9942721 0 -0.1775686 0.9841084 0 -0.1775686 0.9841084 0 -0.2473108 0.9689361 0 -0.2473108 0.9689361 0 -0.3157811 0.9488321 0 -0.3157811 0.9488321 0 -0.3826956 0.9238744 0 -0.3826956 0.9238744 0 -0.4476105 0.8942286 0 -0.4476105 0.8942286 0 -0.5102794 0.8600087 0 -0.5102794 0.8600087 0 -0.5703071 0.8214316 0 -0.6274607 0.7786483 0 -0.5703071 0.8214316 0 -0.6274607 0.7786483 0 -0.6814255 0.7318873 0 -0.6814255 0.7318873 0 -0.7318873 0.6814255 0 -0.7318873 0.6814255 0 -0.7786519 0.6274562 0 -0.7786519 0.6274562 0 -0.8214136 0.5703328 0 -0.8214136 0.5703328 0 -0.8600186 0.5102627 0 -0.8600186 0.5102627 0 -0.8942362 0.4475952 0 -0.8942362 0.4475952 0 -0.9238744 0.3826956 0 -0.9238744 0.3826956 0 -0.9488206 0.3158155 0 -0.9488206 0.3158155 0 -0.9689454 0.247275 0 -0.9689454 0.247275 0 -0.9841084 0.1775686 0 -0.9841084 0.1775686 0 -0.9942726 0.1068741 0 -0.9942726 0.1068741 0 -0.9993615 0.03572829 0 -0.9993615 0.03572829 0 -0.9993615 -0.03572829 -0 -0.9993615 -0.03572829 0 -0.9942726 -0.1068741 0 -0.9942726 -0.1068741 -0 -0.9841084 -0.1775686 0 -0.9841084 -0.1775686 -0 -0.9689454 -0.247275 0 -0.9689454 -0.247275 -0 -0.9488206 -0.3158155 0 -0.9238744 -0.3826956 0 -0.9488206 -0.3158155 -0 -0.9238744 -0.3826956 0 -0.8942362 -0.4475952 0 -0.8942362 -0.4475952 0 -0.8600186 -0.5102627 0 -0.8600186 -0.5102627 0 -0.8214136 -0.5703328 -0 -0.8214136 -0.5703328 0 -0.7786519 -0.6274562 -0 -0.7786519 -0.6274562 0 -0.7318873 -0.6814255 -0 -0.7318873 -0.6814255 0 -0.6814255 -0.7318873 0 -0.6814255 -0.7318873 -0 -0.6274607 -0.7786483 0 -0.6274607 -0.7786483 -0 -0.5703071 -0.8214316 0 -0.5102794 -0.8600087 0 -0.5703071 -0.8214316 -0 -0.5102794 -0.8600087 0 -0.4476105 -0.8942286 0 -0.4476105 -0.8942286 -0 -0.3826956 -0.9238744 0 -0.3157811 -0.9488321 0 -0.3826956 -0.9238744 -0 -0.3157811 -0.9488321 0 -0.2473108 -0.9689361 0 -0.2473108 -0.9689361 -0 -0.1775686 -0.9841084 0 -0.1775686 -0.9841084 -0 -0.1068781 -0.9942721 0 -0.1068781 -0.9942721 -0 -0.03568881 -0.9993629 0 -0.03568881 -0.9993629 -0 0.03568881 -0.9993629 0 0.03568881 -0.9993629 0 0.1068781 -0.9942721 0 0.1068781 -0.9942721 0 0.1775686 -0.9841084 0 0.1775686 -0.9841084 0 0.2473108 -0.9689361 0 0.2473108 -0.9689361 0 0.3157811 -0.9488321 0 0.3826956 -0.9238744 0 0.3157811 -0.9488321 0 0.3826956 -0.9238744 0 0.4476411 -0.8942133 0 0.4476411 -0.8942133 0 0.5102459 -0.8600286 0 0.5703071 -0.8214316 0 0.5102459 -0.8600286 0 0.5703071 -0.8214316 0 0.627498 -0.7786182 0 0.627498 -0.7786182 0 0.6814255 -0.7318873 0 0.6814255 -0.7318873 0 0.7318873 -0.6814255 0 0.7318873 -0.6814255 0 0.7786146 -0.6275025 0 0.7786146 -0.6275025 0 0.8214495 -0.5702814 0 0.8214495 -0.5702814 0 0.8599851 -0.5103191 0 0.8599851 -0.5103191 0 0.8942362 -0.4475952 0 0.9238744 -0.3826956 0 0.8942362 -0.4475952 0 0.9488206 -0.3158155 0 0.9238744 -0.3826956 0 0.9488206 -0.3158155 0 0.9689454 -0.247275 0 0.9841084 -0.1775686 0 0.9689454 -0.247275 0 0.9942726 -0.1068741 0 0.9841084 -0.1775686 0 0.9942726 -0.1068741 0 0.9993615 -0.03572829 0 0.9993615 -0.03572829 0 0.9993616 0.03572693 0 0.9993616 0.03572693 0 0.9942721 0.1068781 0 0.9841084 0.1775686 -0 0.9942721 0.1068781 0 0.9841084 0.1775686 0 0.9689454 0.247275 0 0.9689454 0.247275 0 0.9488206 0.3158155 0 0.9238744 0.3826956 -0 0.9488206 0.3158155 0 0.8942362 0.4475952 -0 0.9238744 0.3826956 0 0.8942362 0.4475952 0 0.8599851 0.5103191 0 0.8214495 0.5702814 -0 0.8599851 0.5103191 0 0.8214495 0.5702814 0 0.7786146 0.6275025 0 0.7786146 0.6275025 0 0.7319051 0.6814065 0 0.6814255 0.7318873 -0 0.7319051 0.6814065 0 0.6814255 0.7318873 0 0.6274748 0.7786368 0 0.6274748 0.7786368 0 0.5703328 0.8214136 0 0.5703328 0.8214136 0 0.5102459 0.8600286 -0 0.5102459 0.8600286 0 0.4476411 0.8942133 0 0.4476411 0.8942133 0 0.3826631 0.923888 0 0.3826631 0.923888 0 0.3158155 0.9488206 0 0.3158155 0.9488206 0 0.2473108 0.9689361 0 0.2473108 0.9689361 0 0.1775316 0.9841152 0 0.1775316 0.9841152 0 0.1069159 0.9942681 0 0.1069159 0.9942681 0 0.03568881 0.9993629 0 0.03568881 0.9993629 0 -0.03568881 0.9993629 0 -0.03568881 0.9993629 0 -0.1069159 0.9942681 0 -0.1069159 0.9942681 0 -0.1775316 0.9841152 0 -0.1775316 0.9841152 0 -0.2473108 0.9689361 0 -0.2473108 0.9689361 0 -0.3158155 0.9488206 0 -0.3158155 0.9488206 0 -0.3826631 0.923888 0 -0.3826631 0.923888 0 -0.4476105 0.8942286 0 -0.4476105 0.8942286 0 -0.5102794 0.8600087 0 -0.5102794 0.8600087 0 -0.5703328 0.8214136 0 -0.6274376 0.7786669 0 -0.5703328 0.8214136 0 -0.6274376 0.7786669 0 -0.6814255 0.7318873 0 -0.6814255 0.7318873 0 -0.7319051 0.6814065 0 -0.7319051 0.6814065 0 -0.7786519 0.6274562 0 -0.7786519 0.6274562 0 -0.8214136 0.5703328 0 -0.8214136 0.5703328 0 -0.8600186 0.5102627 0 -0.8600186 0.5102627 0 -0.8942362 0.4475952 0 -0.8942362 0.4475952 0 -0.9238744 0.3826956 0 -0.9238744 0.3826956 0 -0.9488206 0.3158155 0 -0.9488206 0.3158155 0 -0.9689454 0.247275 0 -0.9689454 0.247275 0 -0.9841084 0.1775686 0 -0.9841084 0.1775686 0 -0.9942721 0.1068781 0 -0.9942721 0.1068781 0 -0.9993616 0.03572693 0 -0.9993616 0.03572693 0 -0.9993643 -0.03565205 -0 -0.9993643 -0.03565205 0 -0.9942644 -0.1069496 0 -0.9942644 -0.1069496 -0 -0.9841218 -0.1774946 0 -0.9841218 -0.1774946 -0 -0.9689271 -0.2473467 0 -0.9689271 -0.2473467 -0 -0.9488206 -0.3158155 0 -0.9239014 -0.3826305 0 -0.9488206 -0.3158155 -0 -0.9239014 -0.3826305 0 -0.8942056 -0.4476563 0 -0.8942056 -0.4476563 0 -0.8600186 -0.5102627 0 -0.8600186 -0.5102627 0 -0.8214136 -0.5703328 -0 -0.8214136 -0.5703328 0 -0.7786519 -0.6274562 -0 -0.7786519 -0.6274562 0 -0.7318873 -0.6814255 -0 -0.7318873 -0.6814255 0 -0.6814255 -0.7318873 0 -0.6814255 -0.7318873 -0 -0.6274607 -0.7786483 0 -0.6274607 -0.7786483 -0 -0.5703071 -0.8214316 0 -0.5102794 -0.8600087 0 -0.5703071 -0.8214316 -0 -0.5102794 -0.8600087 0 -0.4476105 -0.8942286 0 -0.4476105 -0.8942286 -0 -0.3826956 -0.9238744 0 -0.315804 -0.9488244 0 -0.3826956 -0.9238744 -0 -0.315804 -0.9488244 0 -0.2472925 -0.9689409 0 -0.2472925 -0.9689409 -0 -0.1775686 -0.9841084 0 -0.1775686 -0.9841084 -0 -0.1068781 -0.9942721 0 -0.1068781 -0.9942721 -0 -0.03568881 -0.9993629 0 -0.03568881 -0.9993629 -0 0.03569153 -0.9993629 0 0.03569153 -0.9993629 0 0.1068781 -0.9942721 0 0.1068781 -0.9942721 0 0.1775552 -0.9841109 0 0.1775552 -0.9841109 0 0.2473108 -0.9689361 0 0.2473108 -0.9689361 0 0.3157811 -0.9488321 0 0.3826956 -0.9238744 0 0.3157811 -0.9488321 0 0.3826956 -0.9238744 0 0.4476411 -0.8942133 0 0.4476411 -0.8942133 0 0.5102459 -0.8600286 0 0.5703071 -0.8214316 0 0.5102459 -0.8600286 0 0.5703071 -0.8214316 0 0.627498 -0.7786182 0 0.627498 -0.7786182 0 0.6814255 -0.7318873 0 0.6814255 -0.7318873 0 0.7318873 -0.6814255 0 0.7318873 -0.6814255 0 0.7786146 -0.6275025 0 0.7786146 -0.6275025 0 0.8214495 -0.5702814 0 0.8214495 -0.5702814 0 0.8600186 -0.5102627 0 0.8600186 -0.5102627 0 0.8942056 -0.4476563 0 0.9238744 -0.3826956 0 0.8942056 -0.4476563 0 0.9488435 -0.3157468 0 0.9238744 -0.3826956 0 0.9488435 -0.3157468 0 0.9689271 -0.2473467 0 0.9841084 -0.1775686 0 0.9689271 -0.2473467 0 0.9942726 -0.1068741 0 0.9841084 -0.1775686 0 0.9942726 -0.1068741 0 0.9993643 -0.03565205 0 0.9993643 -0.03565205 0 0.9993643 0.03565069 0 0.9993643 0.03565069 0 0.9942721 0.1068781 0 0.9841084 0.1775686 -0 0.9942721 0.1068781 0 0.9841084 0.1775686 0 0.9689271 0.2473467 0 0.9689271 0.2473467 0 0.9488435 0.3157468 0 0.9238744 0.3826956 -0 0.9488435 0.3157468 0 0.8942056 0.4476563 -0 0.9238744 0.3826956 0 0.8942056 0.4476563 0 0.8600186 0.5102627 0 0.8214495 0.5702814 -0 0.8600186 0.5102627 0 0.8214495 0.5702814 0 0.7786146 0.6275025 0 0.7786146 0.6275025 0 0.7319051 0.6814065 0 0.6814255 0.7318873 -0 0.7319051 0.6814065 0 0.6814255 0.7318873 0 0.6274748 0.7786368 0 0.6274748 0.7786368 0 0.5703328 0.8214136 0 0.5703328 0.8214136 0 0.5102459 0.8600286 -0 0.5102459 0.8600286 0 0.4476411 0.8942133 0 0.4476411 0.8942133 0 0.3826631 0.923888 0 0.3826631 0.923888 0 0.3158155 0.9488206 0 0.3158155 0.9488206 0 0.2473108 0.9689361 0 0.2473108 0.9689361 0 0.1775182 0.9841176 0 0.1775182 0.9841176 0 0.1069159 0.9942681 0 0.1069159 0.9942681 0 0.03569153 0.9993629 0 0.03569153 0.9993629 0 -0.03568881 0.9993629 0 -0.03568881 0.9993629 0 -0.1069159 0.9942681 0 -0.1069159 0.9942681 0 -0.1775316 0.9841152 0 -0.1775316 0.9841152 0 -0.2472925 0.9689409 0 -0.2472925 0.9689409 0 -0.3158384 0.948813 0 -0.3158384 0.948813 0 -0.3826631 0.923888 0 -0.3826631 0.923888 0 -0.4476105 0.8942286 0 -0.4476105 0.8942286 0 -0.5102794 0.8600087 0 -0.5102794 0.8600087 0 -0.5703328 0.8214136 0 -0.6274376 0.7786669 0 -0.5703328 0.8214136 0 -0.6274376 0.7786669 0 -0.6814255 0.7318873 0 -0.6814255 0.7318873 0 -0.7319051 0.6814065 0 -0.7319051 0.6814065 0 -0.7786519 0.6274562 0 -0.7786519 0.6274562 0 -0.8214136 0.5703328 0 -0.8214136 0.5703328 0 -0.8600186 0.5102627 0 -0.8600186 0.5102627 0 -0.8942056 0.4476563 0 -0.8942056 0.4476563 0 -0.9239014 0.3826305 0 -0.9239014 0.3826305 0 -0.9488206 0.3158155 0 -0.9488206 0.3158155 0 -0.9689271 0.2473467 0 -0.9689271 0.2473467 0 -0.9841218 0.1774946 0 -0.9841218 0.1774946 0 -0.994264 0.1069536 0 -0.994264 0.1069536 0 -0.9993643 0.03565069 0 -0.9993643 0.03565069 0 -0.9993643 -0.03565069 -0 -0.9993643 -0.03565069 0 -0.9942721 -0.1068781 0 -0.9942721 -0.1068781 -0 -0.9841084 -0.1775686 0 -0.9841084 -0.1775686 -0 -0.9689271 -0.2473467 0 -0.9689271 -0.2473467 -0 -0.9488435 -0.3157468 0 -0.9238744 -0.3826956 0 -0.9488435 -0.3157468 -0 -0.9238744 -0.3826956 0 -0.8942056 -0.4476563 0 -0.8942056 -0.4476563 0 -0.8600186 -0.5102627 0 -0.8600186 -0.5102627 0 -0.8214495 -0.5702814 -0 -0.8214495 -0.5702814 0 -0.7786146 -0.6275025 -0 -0.7786146 -0.6275025 0 -0.7319051 -0.6814065 -0 -0.7319051 -0.6814065 0 -0.6814255 -0.7318873 0 -0.6814255 -0.7318873 -0 -0.6274748 -0.7786368 0 -0.6274748 -0.7786368 -0 -0.5703328 -0.8214136 0 -0.5102459 -0.8600286 0 -0.5703328 -0.8214136 -0 -0.5102459 -0.8600286 0 -0.4476411 -0.8942133 0 -0.4476411 -0.8942133 -0 -0.3826631 -0.923888 0 -0.3158155 -0.9488206 0 -0.3826631 -0.923888 -0 -0.3158155 -0.9488206 0 -0.2473108 -0.9689361 0 -0.2473108 -0.9689361 -0 -0.1775182 -0.9841176 0 -0.1775182 -0.9841176 -0 -0.1069159 -0.9942681 0 -0.1069159 -0.9942681 -0 -0.03569153 -0.9993629 0 -0.03569153 -0.9993629 -0 0.03568881 -0.9993629 0 0.03568881 -0.9993629 0 0.1069159 -0.9942681 0 0.1069159 -0.9942681 0 0.1775316 -0.9841152 0 0.1775316 -0.9841152 0 0.2472925 -0.9689409 0 0.2472925 -0.9689409 0 0.3158384 -0.948813 0 0.3826631 -0.923888 0 0.3158384 -0.948813 0 0.3826631 -0.923888 0 0.4476105 -0.8942286 0 0.4476105 -0.8942286 0 0.5102794 -0.8600087 0 0.5703328 -0.8214136 0 0.5102794 -0.8600087 0 0.5703328 -0.8214136 0 0.6274376 -0.7786669 0 0.6274376 -0.7786669 0 0.6814255 -0.7318873 0 0.6814255 -0.7318873 0 0.7319051 -0.6814065 0 0.7319051 -0.6814065 0 0.7786519 -0.6274562 0 0.7786519 -0.6274562 0 0.8214136 -0.5703328 0 0.8214136 -0.5703328 0 0.8600186 -0.5102627 0 0.8600186 -0.5102627 0 0.8942056 -0.4476563 0 0.9239014 -0.3826305 0 0.8942056 -0.4476563 0 0.9488206 -0.3158155 0 0.9239014 -0.3826305 0 0.9488206 -0.3158155 0 0.9689271 -0.2473467 0 0.9841218 -0.1774946 0 0.9689271 -0.2473467 0 0.994264 -0.1069536 0 0.9841218 -0.1774946 0 0.994264 -0.1069536 0 0.9993643 -0.03565069 0 0.9993643 -0.03565069 0 0.9993643 0.03565205 0 0.9993643 0.03565205 0 0.9942644 0.1069496 0 0.9841218 0.1774946 -0 0.9942644 0.1069496 0 0.9841218 0.1774946 0 0.9689271 0.2473467 0 0.9689271 0.2473467 0 0.9488206 0.3158155 0 0.9239014 0.3826305 -0 0.9488206 0.3158155 0 0.8942056 0.4476563 -0 0.9239014 0.3826305 0 0.8942056 0.4476563 0 0.8600186 0.5102627 0 0.8214136 0.5703328 -0 0.8600186 0.5102627 0 0.8214136 0.5703328 0 0.7786519 0.6274562 0 0.7786519 0.6274562 0 0.7318873 0.6814255 0 0.6814255 0.7318873 -0 0.7318873 0.6814255 0 0.6814255 0.7318873 0 0.6274607 0.7786483 0 0.6274607 0.7786483 0 0.5703071 0.8214316 0 0.5703071 0.8214316 0 0.5102794 0.8600087 -0 0.5102794 0.8600087 0 0.4476105 0.8942286 0 0.4476105 0.8942286 0 0.3826956 0.9238744 0 0.3826956 0.9238744 0 0.315804 0.9488244 0 0.315804 0.9488244 0 0.2472925 0.9689409 0 0.2472925 0.9689409 0 0.1775686 0.9841084 0 0.1775686 0.9841084 0 0.1068781 0.9942721 0 0.1068781 0.9942721 0 0.03568881 0.9993629 0 0.03568881 0.9993629 0 -0.03569153 0.9993629 0 -0.03569153 0.9993629 0 -0.1068781 0.9942721 0 -0.1068781 0.9942721 0 -0.1775552 0.9841109 0 -0.1775552 0.9841109 0 -0.2473108 0.9689361 0 -0.2473108 0.9689361 0 -0.3157811 0.9488321 0 -0.3157811 0.9488321 0 -0.3826956 0.9238744 0 -0.3826956 0.9238744 0 -0.4476411 0.8942133 0 -0.4476411 0.8942133 0 -0.5102459 0.8600286 0 -0.5102459 0.8600286 0 -0.5703071 0.8214316 0 -0.627498 0.7786182 0 -0.5703071 0.8214316 0 -0.627498 0.7786182 0 -0.6814255 0.7318873 0 -0.6814255 0.7318873 0 -0.7318873 0.6814255 0 -0.7318873 0.6814255 0 -0.7786146 0.6275025 0 -0.7786146 0.6275025 0 -0.8214495 0.5702814 0 -0.8214495 0.5702814 0 -0.8600186 0.5102627 0 -0.8600186 0.5102627 0 -0.8942056 0.4476563 0 -0.8942056 0.4476563 0 -0.9238744 0.3826956 0 -0.9238744 0.3826956 0 -0.9488435 0.3157468 0 -0.9488435 0.3157468 0 -0.9689271 0.2473467 0 -0.9689271 0.2473467 0 -0.9841084 0.1775686 0 -0.9841084 0.1775686 0 -0.9942726 0.1068741 0 -0.9942726 0.1068741 0 -0.9993643 0.03565205 0 -0.9993643 0.03565205 0 -0.9993616 -0.03572693 -0 -0.9993616 -0.03572693 0 -0.9942721 -0.1068781 0 -0.9942721 -0.1068781 -0 -0.9841084 -0.1775686 0 -0.9841084 -0.1775686 -0 -0.9689454 -0.247275 0 -0.9689454 -0.247275 -0 -0.9488206 -0.3158155 0 -0.9238744 -0.3826956 0 -0.9488206 -0.3158155 -0 -0.9238744 -0.3826956 0 -0.8942362 -0.4475952 0 -0.8942362 -0.4475952 0 -0.8599851 -0.5103191 0 -0.8599851 -0.5103191 0 -0.8214495 -0.5702814 -0 -0.8214495 -0.5702814 0 -0.7786146 -0.6275025 -0 -0.7786146 -0.6275025 0 -0.7319051 -0.6814065 -0 -0.7319051 -0.6814065 0 -0.6814255 -0.7318873 0 -0.6814255 -0.7318873 -0 -0.6274748 -0.7786368 0 -0.6274748 -0.7786368 -0 -0.5703328 -0.8214136 0 -0.5102459 -0.8600286 0 -0.5703328 -0.8214136 -0 -0.5102459 -0.8600286 0 -0.4476411 -0.8942133 0 -0.4476411 -0.8942133 -0 -0.3826631 -0.923888 0 -0.3158155 -0.9488206 0 -0.3826631 -0.923888 -0 -0.3158155 -0.9488206 0 -0.2473108 -0.9689361 0 -0.2473108 -0.9689361 -0 -0.1775316 -0.9841152 0 -0.1775316 -0.9841152 -0 -0.1069159 -0.9942681 0 -0.1069159 -0.9942681 -0 -0.03568881 -0.9993629 0 -0.03568881 -0.9993629 -0 0.03568881 -0.9993629 0 0.03568881 -0.9993629 0 0.1069159 -0.9942681 0 0.1069159 -0.9942681 0 0.1775316 -0.9841152 0 0.1775316 -0.9841152 0 0.2473108 -0.9689361 0 0.2473108 -0.9689361 0 0.3158155 -0.9488206 0 0.3826631 -0.923888 0 0.3158155 -0.9488206 0 0.3826631 -0.923888 0 0.4476105 -0.8942286 0 0.4476105 -0.8942286 0 0.5102794 -0.8600087 0 0.5703328 -0.8214136 0 0.5102794 -0.8600087 0 0.5703328 -0.8214136 0 0.6274376 -0.7786669 0 0.6274376 -0.7786669 0 0.6814255 -0.7318873 0 0.6814255 -0.7318873 0 0.7319051 -0.6814065 0 0.7319051 -0.6814065 0 0.7786519 -0.6274562 0 0.7786519 -0.6274562 0 0.8214136 -0.5703328 0 0.8214136 -0.5703328 0 0.8600186 -0.5102627 0 0.8600186 -0.5102627 0 0.8942362 -0.4475952 0 0.9238744 -0.3826956 0 0.8942362 -0.4475952 0 0.9488206 -0.3158155 0 0.9238744 -0.3826956 0 0.9488206 -0.3158155 0 0.9689454 -0.247275 0 0.9841084 -0.1775686 0 0.9689454 -0.247275 0 0.9942721 -0.1068781 0 0.9841084 -0.1775686 0 0.9942721 -0.1068781 0 0.9993616 -0.03572693 0 0.9993616 -0.03572693 0 0.9993615 0.03572829 0 0.9993615 0.03572829 0 0.9942726 0.1068741 0 0.9841084 0.1775686 -0 0.9942726 0.1068741 0 0.9841084 0.1775686 0 0.9689454 0.247275 0 0.9689454 0.247275 0 0.9488206 0.3158155 0 0.9238744 0.3826956 -0 0.9488206 0.3158155 0 0.8942362 0.4475952 -0 0.9238744 0.3826956 0 0.8942362 0.4475952 0 0.8600186 0.5102627 0 0.8214136 0.5703328 -0 0.8600186 0.5102627 0 0.8214136 0.5703328 0 0.7786519 0.6274562 0 0.7786519 0.6274562 0 0.7318873 0.6814255 0 0.6814255 0.7318873 -0 0.7318873 0.6814255 0 0.6814255 0.7318873 0 0.6274607 0.7786483 0 0.6274607 0.7786483 0 0.5703071 0.8214316 0 0.5703071 0.8214316 0 0.5102794 0.8600087 -0 0.5102794 0.8600087 0 0.4476105 0.8942286 0 0.4476105 0.8942286 0 0.3826956 0.9238744 0 0.3826956 0.9238744 0 0.3157811 0.9488321 0 0.3157811 0.9488321 0 0.2473108 0.9689361 0 0.2473108 0.9689361 0 0.1775686 0.9841084 0 0.1775686 0.9841084 0 0.1068781 0.9942721 0 0.1068781 0.9942721 0 0.03568881 0.9993629 0 0.03568881 0.9993629 0 -0.03568881 0.9993629 0 -0.03568881 0.9993629 0 -0.1068781 0.9942721 0 -0.1068781 0.9942721 0 -0.1775686 0.9841084 0 -0.1775686 0.9841084 0 -0.2473108 0.9689361 0 -0.2473108 0.9689361 0 -0.3157811 0.9488321 0 -0.3157811 0.9488321 0 -0.3826956 0.9238744 0 -0.3826956 0.9238744 0 -0.4476411 0.8942133 0 -0.4476411 0.8942133 0 -0.5102459 0.8600286 0 -0.5102459 0.8600286 0 -0.5703071 0.8214316 0 -0.627498 0.7786182 0 -0.5703071 0.8214316 0 -0.627498 0.7786182 0 -0.6814255 0.7318873 0 -0.6814255 0.7318873 0 -0.7318873 0.6814255 0 -0.7318873 0.6814255 0 -0.7786146 0.6275025 0 -0.7786146 0.6275025 0 -0.8214495 0.5702814 0 -0.8214495 0.5702814 0 -0.8599851 0.5103191 0 -0.8599851 0.5103191 0 -0.8942362 0.4475952 0 -0.8942362 0.4475952 0 -0.9238744 0.3826956 0 -0.9238744 0.3826956 0 -0.9488206 0.3158155 0 -0.9488206 0.3158155 0 -0.9689454 0.247275 0 -0.9689454 0.247275 0 -0.9841084 0.1775686 0 -0.9841084 0.1775686 0 -0.9942726 0.1068741 0 -0.9942726 0.1068741 0 -0.9993615 0.03572829 0 -0.9993615 0.03572829 0 -0.9993615 -0.03572829 -0 -0.9993615 -0.03572829 0 -0.9942726 -0.1068741 0 -0.9942726 -0.1068741 -0 -0.9841084 -0.1775686 0 -0.9841084 -0.1775686 -0 -0.9689454 -0.247275 0 -0.9689454 -0.247275 -0 -0.9488206 -0.3158155 0 -0.9238744 -0.3826956 0 -0.9488206 -0.3158155 -0 -0.9238744 -0.3826956 0 -0.8942362 -0.4475952 0 -0.8942362 -0.4475952 0 -0.8599851 -0.5103191 0 -0.8599851 -0.5103191 0 -0.8214495 -0.5702814 -0 -0.8214495 -0.5702814 0 -0.7786146 -0.6275025 -0 -0.7786146 -0.6275025 0 -0.7318873 -0.6814255 -0 -0.7318873 -0.6814255 0 -0.6814255 -0.7318873 0 -0.6814255 -0.7318873 -0 -0.627498 -0.7786182 0 -0.627498 -0.7786182 -0 -0.5703071 -0.8214316 0 -0.5102459 -0.8600286 0 -0.5703071 -0.8214316 -0 -0.5102459 -0.8600286 0 -0.4476411 -0.8942133 0 -0.4476411 -0.8942133 -0 -0.3826956 -0.9238744 0 -0.3157811 -0.9488321 0 -0.3826956 -0.9238744 -0 -0.3157811 -0.9488321 0 -0.2473108 -0.9689361 0 -0.2473108 -0.9689361 -0 -0.1775686 -0.9841084 0 -0.1775686 -0.9841084 -0 -0.1068781 -0.9942721 0 -0.1068781 -0.9942721 -0 -0.03568881 -0.9993629 0 -0.03568881 -0.9993629 -0 0.03568881 -0.9993629 0 0.03568881 -0.9993629 0 0.1068781 -0.9942721 0 0.1068781 -0.9942721 0 0.1775686 -0.9841084 0 0.1775686 -0.9841084 0 0.2473108 -0.9689361 0 0.2473108 -0.9689361 0 0.3157811 -0.9488321 0 0.3826956 -0.9238744 0 0.3157811 -0.9488321 0 0.3826956 -0.9238744 0 0.4476105 -0.8942286 0 0.4476105 -0.8942286 0 0.5102794 -0.8600087 0 0.5703071 -0.8214316 0 0.5102794 -0.8600087 0 0.5703071 -0.8214316 0 0.6274607 -0.7786483 0 0.6274607 -0.7786483 0 0.6814255 -0.7318873 0 0.6814255 -0.7318873 0 0.7318873 -0.6814255 0 0.7318873 -0.6814255 0 0.7786519 -0.6274562 0 0.7786519 -0.6274562 0 0.8214136 -0.5703328 0 0.8214136 -0.5703328 0 0.8600186 -0.5102627 0 0.8600186 -0.5102627 0 0.8942362 -0.4475952 0 0.9238744 -0.3826956 0 0.8942362 -0.4475952 0 0.9488206 -0.3158155 0 0.9238744 -0.3826956 0 0.9488206 -0.3158155 0 0.9689454 -0.247275 0 0.9841084 -0.1775686 0 0.9689454 -0.247275 0 0.9942726 -0.1068741 0 0.9841084 -0.1775686 0 0.9942726 -0.1068741 0 0.9993615 -0.03572829 0 0.9993615 -0.03572829 0 0.9993616 0.03572693 0 0.9993616 0.03572693 0 0.9942721 0.1068781 0 0.9841084 0.1775686 -0 0.9942721 0.1068781 0 0.9841084 0.1775686 0 0.9689454 0.247275 0 0.9689454 0.247275 0 0.9488206 0.3158155 0 0.9238744 0.3826956 -0 0.9488206 0.3158155 0 0.8942362 0.4475952 -0 0.9238744 0.3826956 0 0.8942362 0.4475952 0 0.8600186 0.5102627 0 0.8214136 0.5703328 -0 0.8600186 0.5102627 0 0.8214136 0.5703328 0 0.7786519 0.6274562 0 0.7786519 0.6274562 0 0.7319051 0.6814065 0 0.6814255 0.7318873 -0 0.7319051 0.6814065 0 0.6814255 0.7318873 0 0.6274376 0.7786669 0 0.6274376 0.7786669 0 0.5703328 0.8214136 0 0.5703328 0.8214136 0 0.5102794 0.8600087 -0 0.5102794 0.8600087 0 0.4476105 0.8942286 0 0.4476105 0.8942286 0 0.3826631 0.923888 0 0.3826631 0.923888 0 0.3158155 0.9488206 0 0.3158155 0.9488206 0 0.2473108 0.9689361 0 0.2473108 0.9689361 0 0.1775316 0.9841152 0 0.1775316 0.9841152 0 0.1069159 0.9942681 0 0.1069159 0.9942681 0 0.03568881 0.9993629 0 0.03568881 0.9993629 0 -0.03568881 0.9993629 0 -0.03568881 0.9993629 0 -0.1069159 0.9942681 0 -0.1069159 0.9942681 0 -0.1775316 0.9841152 0 -0.1775316 0.9841152 0 -0.2473108 0.9689361 0 -0.2473108 0.9689361 0 -0.3158155 0.9488206 0 -0.3158155 0.9488206 0 -0.3826631 0.923888 0 -0.3826631 0.923888 0 -0.4476411 0.8942133 0 -0.4476411 0.8942133 0 -0.5102459 0.8600286 0 -0.5102459 0.8600286 0 -0.5703328 0.8214136 0 -0.6274748 0.7786368 0 -0.5703328 0.8214136 0 -0.6274748 0.7786368 0 -0.6814255 0.7318873 0 -0.6814255 0.7318873 0 -0.7319051 0.6814065 0 -0.7319051 0.6814065 0 -0.7786146 0.6275025 0 -0.7786146 0.6275025 0 -0.8214495 0.5702814 0 -0.8214495 0.5702814 0 -0.8599851 0.5103191 0 -0.8599851 0.5103191 0 -0.8942362 0.4475952 0 -0.8942362 0.4475952 0 -0.9238744 0.3826956 0 -0.9238744 0.3826956 0 -0.9488206 0.3158155 0 -0.9488206 0.3158155 0 -0.9689454 0.247275 0 -0.9689454 0.247275 0 -0.9841084 0.1775686 0 -0.9841084 0.1775686 0 -0.9942721 0.1068781 0 -0.9942721 0.1068781 0 -0.9993616 0.03572693 0 -0.9993616 0.03572693 0 -1 0 0 -1 0 0 0 -1 -0 -0 -1 0 1 0 0 1 0 0 0 1 0 -0 1 0 -1 0 0 -1 0 0 0 -1 -0 -0 -1 0 1 0 0 1 0 0 0 1 0 -0 1 0 -0.9993616 -0.03572693 -0 -0.9993616 -0.03572693 0 -0.9942721 -0.1068781 0 -0.9942721 -0.1068781 -0 -0.9841084 -0.1775686 0 -0.9841084 -0.1775686 -0 -0.9689454 -0.247275 0 -0.9689454 -0.247275 -0 -0.9488206 -0.3158155 0 -0.9238744 -0.3826956 0 -0.9488206 -0.3158155 -0 -0.9238744 -0.3826956 0 -0.8942362 -0.4475952 0 -0.8942362 -0.4475952 0 -0.8600186 -0.5102627 0 -0.8600186 -0.5102627 0 -0.8214136 -0.5703328 -0 -0.8214136 -0.5703328 0 -0.7786519 -0.6274562 -0 -0.7786519 -0.6274562 0 -0.7319051 -0.6814065 -0 -0.7319051 -0.6814065 0 -0.6814255 -0.7318873 0 -0.6814255 -0.7318873 -0 -0.6274376 -0.7786669 0 -0.6274376 -0.7786669 -0 -0.5703328 -0.8214136 0 -0.5102794 -0.8600087 0 -0.5703328 -0.8214136 -0 -0.5102794 -0.8600087 0 -0.4476105 -0.8942286 0 -0.4476105 -0.8942286 -0 -0.3826631 -0.923888 0 -0.3158155 -0.9488206 0 -0.3826631 -0.923888 -0 -0.3158155 -0.9488206 0 -0.2473108 -0.9689361 0 -0.2473108 -0.9689361 -0 -0.1775316 -0.9841152 0 -0.1775316 -0.9841152 -0 -0.1069159 -0.9942681 0 -0.1069159 -0.9942681 -0 -0.03568881 -0.9993629 0 -0.03568881 -0.9993629 -0 0.03568881 -0.9993629 0 0.03568881 -0.9993629 0 0.1069159 -0.9942681 0 0.1069159 -0.9942681 0 0.1775316 -0.9841152 0 0.1775316 -0.9841152 0 0.2473108 -0.9689361 0 0.2473108 -0.9689361 0 0.3158155 -0.9488206 0 0.3826631 -0.923888 0 0.3158155 -0.9488206 0 0.3826631 -0.923888 0 0.4476411 -0.8942133 0 0.4476411 -0.8942133 0 0.5102459 -0.8600286 0 0.5703328 -0.8214136 0 0.5102459 -0.8600286 0 0.5703328 -0.8214136 0 0.6274748 -0.7786368 0 0.6274748 -0.7786368 0 0.6814255 -0.7318873 0 0.6814255 -0.7318873 0 0.7319051 -0.6814065 0 0.7319051 -0.6814065 0 0.7786146 -0.6275025 0 0.7786146 -0.6275025 0 0.8214495 -0.5702814 0 0.8214495 -0.5702814 0 0.8599851 -0.5103191 0 0.8599851 -0.5103191 0 0.8942362 -0.4475952 0 0.9238744 -0.3826956 0 0.8942362 -0.4475952 0 0.9488206 -0.3158155 0 0.9238744 -0.3826956 0 0.9488206 -0.3158155 0 0.9689454 -0.247275 0 0.9841084 -0.1775686 0 0.9689454 -0.247275 0 0.9942721 -0.1068781 0 0.9841084 -0.1775686 0 0.9942721 -0.1068781 0 0.9993616 -0.03572693 0 0.9993616 -0.03572693 0 0.9993615 0.03572829 0 0.9993615 0.03572829 0 0.9942726 0.1068741 0 0.9841084 0.1775686 -0 0.9942726 0.1068741 0 0.9841084 0.1775686 0 0.9689454 0.247275 0 0.9689454 0.247275 0 0.9488206 0.3158155 0 0.9238744 0.3826956 -0 0.9488206 0.3158155 0 0.8942362 0.4475952 -0 0.9238744 0.3826956 0 0.8942362 0.4475952 0 0.8599851 0.5103191 0 0.8214495 0.5702814 -0 0.8599851 0.5103191 0 0.8214495 0.5702814 0 0.7786146 0.6275025 0 0.7786146 0.6275025 0 0.7318873 0.6814255 0 0.6814255 0.7318873 -0 0.7318873 0.6814255 0 0.6814255 0.7318873 0 0.627498 0.7786182 0 0.627498 0.7786182 0 0.5703071 0.8214316 0 0.5703071 0.8214316 0 0.5102459 0.8600286 -0 0.5102459 0.8600286 0 0.4476411 0.8942133 0 0.4476411 0.8942133 0 0.3826956 0.9238744 0 0.3826956 0.9238744 0 0.3157811 0.9488321 0 0.3157811 0.9488321 0 0.2473108 0.9689361 0 0.2473108 0.9689361 0 0.1775686 0.9841084 0 0.1775686 0.9841084 0 0.1068781 0.9942721 0 0.1068781 0.9942721 0 0.03568881 0.9993629 0 0.03568881 0.9993629 0 -0.03568881 0.9993629 0 -0.03568881 0.9993629 0 -0.1068781 0.9942721 0 -0.1068781 0.9942721 0 -0.1775686 0.9841084 0 -0.1775686 0.9841084 0 -0.2473108 0.9689361 0 -0.2473108 0.9689361 0 -0.3157811 0.9488321 0 -0.3157811 0.9488321 0 -0.3826956 0.9238744 0 -0.3826956 0.9238744 0 -0.4476105 0.8942286 0 -0.4476105 0.8942286 0 -0.5102794 0.8600087 0 -0.5102794 0.8600087 0 -0.5703071 0.8214316 0 -0.6274607 0.7786483 0 -0.5703071 0.8214316 0 -0.6274607 0.7786483 0 -0.6814255 0.7318873 0 -0.6814255 0.7318873 0 -0.7318873 0.6814255 0 -0.7318873 0.6814255 0 -0.7786519 0.6274562 0 -0.7786519 0.6274562 0 -0.8214136 0.5703328 0 -0.8214136 0.5703328 0 -0.8600186 0.5102627 0 -0.8600186 0.5102627 0 -0.8942362 0.4475952 0 -0.8942362 0.4475952 0 -0.9238744 0.3826956 0 -0.9238744 0.3826956 0 -0.9488206 0.3158155 0 -0.9488206 0.3158155 0 -0.9689454 0.247275 0 -0.9689454 0.247275 0 -0.9841084 0.1775686 0 -0.9841084 0.1775686 0 -0.9942726 0.1068741 0 -0.9942726 0.1068741 0 -0.9993615 0.03572829 0 -0.9993615 0.03572829 0 -0.9993643 -0.03565069 -0 -0.9993643 -0.03565069 0 -0.994264 -0.1069536 0 -0.994264 -0.1069536 -0 -0.9841218 -0.1774946 0 -0.9841218 -0.1774946 -0 -0.9689271 -0.2473467 0 -0.9689271 -0.2473467 -0 -0.9488206 -0.3158155 0 -0.9239014 -0.3826305 0 -0.9488206 -0.3158155 -0 -0.9239014 -0.3826305 0 -0.8942056 -0.4476563 0 -0.8942056 -0.4476563 0 -0.8600186 -0.5102627 0 -0.8600186 -0.5102627 0 -0.8214136 -0.5703328 -0 -0.8214136 -0.5703328 0 -0.7786519 -0.6274562 -0 -0.7786519 -0.6274562 0 -0.7319051 -0.6814065 -0 -0.7319051 -0.6814065 0 -0.6814255 -0.7318873 0 -0.6814255 -0.7318873 -0 -0.6274376 -0.7786669 0 -0.6274376 -0.7786669 -0 -0.5703328 -0.8214136 0 -0.5102794 -0.8600087 0 -0.5703328 -0.8214136 -0 -0.5102794 -0.8600087 0 -0.4476105 -0.8942286 0 -0.4476105 -0.8942286 -0 -0.3826631 -0.923888 0 -0.3158384 -0.948813 0 -0.3826631 -0.923888 -0 -0.3158384 -0.948813 0 -0.2472925 -0.9689409 0 -0.2472925 -0.9689409 -0 -0.1775316 -0.9841152 0 -0.1775316 -0.9841152 -0 -0.1069159 -0.9942681 0 -0.1069159 -0.9942681 -0 -0.03568881 -0.9993629 0 -0.03568881 -0.9993629 -0 0.03569153 -0.9993629 0 0.03569153 -0.9993629 0 0.1069159 -0.9942681 0 0.1069159 -0.9942681 0 0.1775182 -0.9841176 0 0.1775182 -0.9841176 0 0.2473108 -0.9689361 0 0.2473108 -0.9689361 0 0.3158155 -0.9488206 0 0.3826631 -0.923888 0 0.3158155 -0.9488206 0 0.3826631 -0.923888 0 0.4476411 -0.8942133 0 0.4476411 -0.8942133 0 0.5102459 -0.8600286 0 0.5703328 -0.8214136 0 0.5102459 -0.8600286 0 0.5703328 -0.8214136 0 0.6274748 -0.7786368 0 0.6274748 -0.7786368 0 0.6814255 -0.7318873 0 0.6814255 -0.7318873 0 0.7319051 -0.6814065 0 0.7319051 -0.6814065 0 0.7786146 -0.6275025 0 0.7786146 -0.6275025 0 0.8214495 -0.5702814 0 0.8214495 -0.5702814 0 0.8600186 -0.5102627 0 0.8600186 -0.5102627 0 0.8942056 -0.4476563 0 0.9238744 -0.3826956 0 0.8942056 -0.4476563 0 0.9488435 -0.3157468 0 0.9238744 -0.3826956 0 0.9488435 -0.3157468 0 0.9689271 -0.2473467 0 0.9841084 -0.1775686 0 0.9689271 -0.2473467 0 0.9942721 -0.1068781 0 0.9841084 -0.1775686 0 0.9942721 -0.1068781 0 0.9993643 -0.03565069 0 0.9993643 -0.03565069 0 0.9993643 0.03565205 0 0.9993643 0.03565205 0 0.9942726 0.1068741 0 0.9841084 0.1775686 -0 0.9942726 0.1068741 0 0.9841084 0.1775686 0 0.9689271 0.2473467 0 0.9689271 0.2473467 0 0.9488435 0.3157468 0 0.9238744 0.3826956 -0 0.9488435 0.3157468 0 0.8942056 0.4476563 -0 0.9238744 0.3826956 0 0.8942056 0.4476563 0 0.8600186 0.5102627 0 0.8214495 0.5702814 -0 0.8600186 0.5102627 0 0.8214495 0.5702814 0 0.7786146 0.6275025 0 0.7786146 0.6275025 0 0.7318873 0.6814255 0 0.6814255 0.7318873 -0 0.7318873 0.6814255 0 0.6814255 0.7318873 0 0.627498 0.7786182 0 0.627498 0.7786182 0 0.5703071 0.8214316 0 0.5703071 0.8214316 0 0.5102459 0.8600286 -0 0.5102459 0.8600286 0 0.4476411 0.8942133 0 0.4476411 0.8942133 0 0.3826956 0.9238744 0 0.3826956 0.9238744 0 0.3157811 0.9488321 0 0.3157811 0.9488321 0 0.2473108 0.9689361 0 0.2473108 0.9689361 0 0.1775552 0.9841109 0 0.1775552 0.9841109 0 0.1068781 0.9942721 0 0.1068781 0.9942721 0 0.03569153 0.9993629 0 0.03569153 0.9993629 0 -0.03568881 0.9993629 0 -0.03568881 0.9993629 0 -0.1068781 0.9942721 0 -0.1068781 0.9942721 0 -0.1775686 0.9841084 0 -0.1775686 0.9841084 0 -0.2472925 0.9689409 0 -0.2472925 0.9689409 0 -0.315804 0.9488244 0 -0.315804 0.9488244 0 -0.3826956 0.9238744 0 -0.3826956 0.9238744 0 -0.4476105 0.8942286 0 -0.4476105 0.8942286 0 -0.5102794 0.8600087 0 -0.5102794 0.8600087 0 -0.5703071 0.8214316 0 -0.6274607 0.7786483 0 -0.5703071 0.8214316 0 -0.6274607 0.7786483 0 -0.6814255 0.7318873 0 -0.6814255 0.7318873 0 -0.7318873 0.6814255 0 -0.7318873 0.6814255 0 -0.7786519 0.6274562 0 -0.7786519 0.6274562 0 -0.8214136 0.5703328 0 -0.8214136 0.5703328 0 -0.8600186 0.5102627 0 -0.8600186 0.5102627 0 -0.8942056 0.4476563 0 -0.8942056 0.4476563 0 -0.9239014 0.3826305 0 -0.9239014 0.3826305 0 -0.9488206 0.3158155 0 -0.9488206 0.3158155 0 -0.9689271 0.2473467 0 -0.9689271 0.2473467 0 -0.9841218 0.1774946 0 -0.9841218 0.1774946 0 -0.9942644 0.1069496 0 -0.9942644 0.1069496 0 -0.9993643 0.03565205 0 -0.9993643 0.03565205 0 -0.9993615 -0.03572829 -0 -0.9993615 -0.03572829 0 -0.9942726 -0.1068741 0 -0.9942726 -0.1068741 -0 -0.9841084 -0.1775686 0 -0.9841084 -0.1775686 -0 -0.9689454 -0.247275 0 -0.9689454 -0.247275 -0 -0.9488206 -0.3158155 0 -0.9238744 -0.3826956 0 -0.9488206 -0.3158155 -0 -0.9238744 -0.3826956 0 -0.8942362 -0.4475952 0 -0.8942362 -0.4475952 0 -0.8600186 -0.5102627 0 -0.8600186 -0.5102627 0 -0.8214136 -0.5703328 -0 -0.8214136 -0.5703328 0 -0.7786519 -0.6274562 -0 -0.7786519 -0.6274562 0 -0.7318873 -0.6814255 -0 -0.7318873 -0.6814255 0 -0.6814255 -0.7318873 0 -0.6814255 -0.7318873 -0 -0.6274607 -0.7786483 0 -0.6274607 -0.7786483 -0 -0.5703071 -0.8214316 0 -0.5102794 -0.8600087 0 -0.5703071 -0.8214316 -0 -0.5102794 -0.8600087 0 -0.4476105 -0.8942286 0 -0.4476105 -0.8942286 -0 -0.3826956 -0.9238744 0 -0.3157811 -0.9488321 0 -0.3826956 -0.9238744 -0 -0.3157811 -0.9488321 0 -0.2473108 -0.9689361 0 -0.2473108 -0.9689361 -0 -0.1775686 -0.9841084 0 -0.1775686 -0.9841084 -0 -0.1068781 -0.9942721 0 -0.1068781 -0.9942721 -0 -0.03568881 -0.9993629 0 -0.03568881 -0.9993629 -0 0.03568881 -0.9993629 0 0.03568881 -0.9993629 0 0.1068781 -0.9942721 0 0.1068781 -0.9942721 0 0.1775686 -0.9841084 0 0.1775686 -0.9841084 0 0.2473108 -0.9689361 0 0.2473108 -0.9689361 0 0.3157811 -0.9488321 0 0.3826956 -0.9238744 0 0.3157811 -0.9488321 0 0.3826956 -0.9238744 0 0.4476411 -0.8942133 0 0.4476411 -0.8942133 0 0.5102459 -0.8600286 0 0.5703071 -0.8214316 0 0.5102459 -0.8600286 0 0.5703071 -0.8214316 0 0.627498 -0.7786182 0 0.627498 -0.7786182 0 0.6814255 -0.7318873 0 0.6814255 -0.7318873 0 0.7318873 -0.6814255 0 0.7318873 -0.6814255 0 0.7786146 -0.6275025 0 0.7786146 -0.6275025 0 0.8214495 -0.5702814 0 0.8214495 -0.5702814 0 0.8599851 -0.5103191 0 0.8599851 -0.5103191 0 0.8942362 -0.4475952 0 0.9238744 -0.3826956 0 0.8942362 -0.4475952 0 0.9488206 -0.3158155 0 0.9238744 -0.3826956 0 0.9488206 -0.3158155 0 0.9689454 -0.247275 0 0.9841084 -0.1775686 0 0.9689454 -0.247275 0 0.9942726 -0.1068741 0 0.9841084 -0.1775686 0 0.9942726 -0.1068741 0 0.9993615 -0.03572829 0 0.9993615 -0.03572829 0 0.9993616 0.03572693 0 0.9993616 0.03572693 0 0.9942721 0.1068781 0 0.9841084 0.1775686 -0 0.9942721 0.1068781 0 0.9841084 0.1775686 0 0.9689454 0.247275 0 0.9689454 0.247275 0 0.9488206 0.3158155 0 0.9238744 0.3826956 -0 0.9488206 0.3158155 0 0.8942362 0.4475952 -0 0.9238744 0.3826956 0 0.8942362 0.4475952 0 0.8599851 0.5103191 0 0.8214495 0.5702814 -0 0.8599851 0.5103191 0 0.8214495 0.5702814 0 0.7786146 0.6275025 0 0.7786146 0.6275025 0 0.7319051 0.6814065 0 0.6814255 0.7318873 -0 0.7319051 0.6814065 0 0.6814255 0.7318873 0 0.6274748 0.7786368 0 0.6274748 0.7786368 0 0.5703328 0.8214136 0 0.5703328 0.8214136 0 0.5102459 0.8600286 -0 0.5102459 0.8600286 0 0.4476411 0.8942133 0 0.4476411 0.8942133 0 0.3826631 0.923888 0 0.3826631 0.923888 0 0.3158155 0.9488206 0 0.3158155 0.9488206 0 0.2473108 0.9689361 0 0.2473108 0.9689361 0 0.1775316 0.9841152 0 0.1775316 0.9841152 0 0.1069159 0.9942681 0 0.1069159 0.9942681 0 0.03568881 0.9993629 0 0.03568881 0.9993629 0 -0.03568881 0.9993629 0 -0.03568881 0.9993629 0 -0.1069159 0.9942681 0 -0.1069159 0.9942681 0 -0.1775316 0.9841152 0 -0.1775316 0.9841152 0 -0.2473108 0.9689361 0 -0.2473108 0.9689361 0 -0.3158155 0.9488206 0 -0.3158155 0.9488206 0 -0.3826631 0.923888 0 -0.3826631 0.923888 0 -0.4476105 0.8942286 0 -0.4476105 0.8942286 0 -0.5102794 0.8600087 0 -0.5102794 0.8600087 0 -0.5703328 0.8214136 0 -0.6274376 0.7786669 0 -0.5703328 0.8214136 0 -0.6274376 0.7786669 0 -0.6814255 0.7318873 0 -0.6814255 0.7318873 0 -0.7319051 0.6814065 0 -0.7319051 0.6814065 0 -0.7786519 0.6274562 0 -0.7786519 0.6274562 0 -0.8214136 0.5703328 0 -0.8214136 0.5703328 0 -0.8600186 0.5102627 0 -0.8600186 0.5102627 0 -0.8942362 0.4475952 0 -0.8942362 0.4475952 0 -0.9238744 0.3826956 0 -0.9238744 0.3826956 0 -0.9488206 0.3158155 0 -0.9488206 0.3158155 0 -0.9689454 0.247275 0 -0.9689454 0.247275 0 -0.9841084 0.1775686 0 -0.9841084 0.1775686 0 -0.9942721 0.1068781 0 -0.9942721 0.1068781 0 -0.9993616 0.03572693 0 -0.9993616 0.03572693 0 0 0 1 0 0 1 0 0 1 0 0 1 0 0 1 0 0 1 0 0 1 0 0 1 0 0 1 0 0 1 0 0 1 0 0 1 0 0 1 0 0 1 0 0 1 0 0 1 0 0 1 0 0 1 0 0 1 0 0 1 0 0 1 0 0 1 0 0 1 0 0 1 0 0 1 0 0 1 0 0 1 0 0 1 0 0 1 0 0 1 0 0 1 0 0 1 0 0 1 0 0 1 0 0 1 0 0 1 0 0 1 0 0 1 0 0 1 0 0 1 0 0 1 0 0 1 0 0 1 0 0 1 0 0 1 0 0 1 0 0 1 0 0 1 0 0 1 0 0 1 0 0 1 0 0 1 0 0 1 0 0 1 0 0 1 0 0 1 0 0 1 0 0 1 0 0 1 0 0 1 0 0 1 0 0 1 0 0 1 0 0 1 0 0 1 0 0 1 0 0 1 0 0 1 0 0 1 0 0 1 0 0 1 0 0 1 0 0 1 0 0 1 0 0 1 0 0 1 0 0 1 0 0 1 0 0 1 0 0 1 0 0 1 0 0 1 0 0 1 0 0 1 0 0 1 0 0 1 0 0 1 0 0 1 0 0 1 0 0 1 0 0 1 0 0 1 0 0 1 0 0 1 0 0 1 0 0 1 0 0 1 0 0 1 0 0 1 0 0 1 0 0 1 0 0 1 0 0 1 0 0 1 0 0 1 0 0 1 0 0 1 0 0 1 0 0 1 0 0 1 0 0 1 0 0 1 0 0 1 0 0 1 0 0 1 0 0 1 0 0 1 0 0 1 0 0 1 0 0 1 0 0 1 0 0 1 0 0 1 0 0 1 0 0 1 0 0 1 0 0 1 0 0 1 0 0 1 0 0 1 0 0 1 0 0 1 0 0 1 0 0 1 0 0 1 0 0 1 0 0 1 0 0 1 0 0 1 0 0 1 0 0 1 0 0 1 0 0 1 0 0 1 0 0 1 0 0 1 0 0 1 0 0 1 0 0 1 0 0 1 0 0 1 0 0 1 0 0 1 0 0 1 0 0 1 0 0 1 0 0 1 0 0 1 0 0 1 0 0 1 0 0 1 0 0 1 0 0 1 0 0 1 0 0 1 0 0 1 0 0 1 0 0 1 0 0 1 0 0 1 0 0 1 0 0 1 0 0 1 0 0 1 0 0 1 0 0 1 0 0 1 0 0 1 0 0 1 0 0 1 0 0 1 0 0 1 0 0 1 0 0 1 0 0 1 0 0 1 0 0 1 0 0 1 0 0 1 0 0 1 0 0 1 0 0 1 0 0 1 0 0 1 0 0 1 0 0 1 0 0 1 0 0 1 0 0 1 0 0 1 0 0 1 0 0 1 0 0 1 0 0 1 0 0 1 0 0 1 0 0 1 0 0 1 0 0 1 0 0 1 0 0 1 0 0 1 0 0 1 0 0 1 0 0 1 0 0 1 0 0 1 0 0 1 0 0 1 0 0 1 0 0 1 0 0 1 0 0 1 0 0 1 0 0 1 0 0 1 0 0 1 0 0 1 0 0 1 0 0 1 0 0 1 0 0 1 0 0 1 0 0 1 0 0 1 0 0 1 0 0 1 0 0 1 0 0 1 0 0 1 0 0 1 0 0 1 0 0 1 0 0 1 0 0 1 0 0 1 0 0 1 0 0 1 0 0 1 0 0 1 0 0 1 0 0 1 0 0 1 0 0 1 0 0 1 0 0 1 0 0 1 0 0 1 0 0 1 0 0 1 0 0 1 0 0 1 0 0 1 0 0 1 0 0 1 0 0 1 0 0 1 0 0 1 0 0 1 0 0 1 0 0 1 0 0 1 0 0 1 0 0 1 0 0 1 0 0 1 0 0 1 0 0 1 0 0 1 0 0 1 0 0 1 0 0 1 0 0 1 0 0 1 0 0 1 0 0 1 0 0 1 0 0 1 0 0 1 0 0 1 0 0 1 0 0 1 0 0 1 0 0 1 0 0 1 0 0 1 0 0 1 0 0 1 0 0 1 0 0 1 0 0 1 0 0 1 0 0 1 0 0 1 0 0 1 0 0 1 0 0 1 0 0 1 0 0 1 0 0 1 0 0 1 0 0 1 0 0 1 0 0 1 0 0 1 0 0 1 0 0 1 0 0 1 0 0 1 0 0 1 0 0 1 0 0 1 0 0 1 0 0 1 0 0 1 0 0 1 0 0 1 0 0 1 0 0 1 0 0 1 0 0 1 0 0 1 0 0 1 0 0 1 0 0 1 0 0 1 0 0 1 0 0 1 0 0 1 0 0 1 0 0 1 0 0 1 0 0 1 0 0 1 0 0 1 0 0 1 0 0 1 0 0 1 0 0 1 0 0 1 0 0 1 0 0 1 0 0 1 0 0 1 0 0 1 0 0 1 0 0 1 0 0 1 0 0 1 0 0 1 0 0 1 0 0 1 0 0 1 0 0 1 0 0 1 0 0 1 0 0 1 0 0 1 0 0 1 0 0 1 0 0 1 0 0 1 0 0 1 0 0 1 0 0 1 0 0 1 0 0 1 0 0 1 0 0 1 0 0 1 0 0 1 0 0 1 0 0 1 0 0 1 0 0 1 0 0 1 0 0 1 0 0 1 0 0 1 0 0 1 0 0 1 0 0 1 0 0 1 0 0 1 0 0 1 0 0 1 0 0 1 0 0 1 0 0 1 0 0 1 0 0 1 0 0 1 0 0 1 0 0 1 0 0 1 0 0 1 0 0 1 0 0 1 0 0 1 0 0 1 0 0 1 0 0 1 0 0 1 0 0 1 0 0 1 0 0 1 0 0 1 0 0 1 0 0 1 0 0 1 0 0 1 0 0 1 0 0 1 0 0 1 0 0 1 0 0 1 0 0 1 0 0 1 0 0 1 0 0 1 0 0 1 0 0 1 0 0 1 0 0 1 0 0 1 0 0 1 0 0 1 0 0 1 0 0 1 0 0 1 0 0 1 0 0 1 0 0 1 0 0 1 0 0 1 0 0 1 0 0 1 0 0 1 0 0 1 0 0 1 0 0 1 0 0 1 0 0 1 0 0 1 0 0 1 0 0 1 0 0 1 0 0 1 0 0 1 0 0 1 0 0 1 0 0 1 0 0 1 0 0 1 0 0 1 0 0 1 0 0 1 0 0 1 0 0 1 0 0 1 0 0 1 0 0 1 0 0 1 0 0 1 0 0 1 0 0 1 0 0 1 0 0 1 0 0 1 0 0 1 0 0 1 0 0 1 0 0 1 0 0 1 0 0 1 0 0 1 0 0 1 0 0 1 0 0 1 0 0 1 0 0 1 0 0 1 0 0 1 0 0 1 0 0 1 0 0 1 0 0 1 0 0 1 0 0 1 0 0 1 0 0 1 0 0 1 0 0 1 0 0 1 0 0 1 0 0 1 0 0 1 0 0 1 0 0 1 0 0 1 0 0 1 0 0 1 0 0 1 0 0 1 0 0 1 0 0 1 0 0 1 0 0 1 0 0 1 0 0 1 0 0 1 0 0 1 0 0 1 0 0 1 0 0 1 0 0 1 0 0 1 0 0 1 0 0 1 0 0 1 0 0 1 0 0 1 0 0 1 0 0 1 0 0 1 0 0 1 0 0 1 0 0 1 0 0 1 0 0 1 0 0 1 0 0 1 0 0 1 0 0 1 0 0 1 0 0 1 0 0 1 0 0 1 0 0 1 0 0 1 0 0 1 0 0 1 0 0 1 0 0 1 0 0 1 0 0 1 0 0 1 0 0 1 0 0 1 0 0 1 0 0 1 0 0 1 0 0 1 0 0 1 0 0 1 0 0 1 0 0 1 0 0 1 0 0 1 0 0 1 0 0 1 0 0 1 0 0 1 0 0 1 0 0 1 0 0 1 0 0 1 0 0 1 0 0 1 0 0 1 0 0 1 0 0 1 0 0 1 0 0 1 0 0 1 0 0 1 0 0 1 0 0 1 0 0 1 0 0 1 0 0 1 0 0 1 0 0 1 0 0 1 0 0 1 0 0 1 0 0 1 0 0 1 0 0 1 0 0 1 0 0 1 0 0 1 0 0 1 0 0 1 0 0 1 0 0 1 0 0 1 0 0 1 0 0 1 0 0 1 0 0 1 0 0 1 0 0 1 0 0 1 0 0 1 0 0 1 0 0 1 0 0 1 0 0 1 0 0 1 0 0 1 0 0 1 0 0 1 0 0 1 0 0 1 0 0 1 0 0 1 0 0 1 0 0 1 0 0 1 0 0 1 0 0 1 0 0 1 0 0 1 0 0 1 0 0 1 0 0 1 0 0 1 0 0 1 0 0 1 0 0 1 0 0 1 0 0 1 0 0 1 0 0 1 0 0 1 0 0 1 0 0 1 0 0 1 0 0 1 0 0 1 0 0 1 0 0 1 0 0 1 0 0 1 0 0 1 0 0 1 0 0 1 0 0 1 0 0 1 0 0 1 0 0 1 0 0 1 0 0 1 0 0 1 0 0 1 0 0 1 0 0 1 0 0 1 0 0 1 0 0 1 0 0 1 0 0 1 0 0 1 0 0 1 0 0 1 0 0 1 0 0 1 0 0 1 0 0 1 0 0 1 0 0 1 0 0 1 0 0 1 0 0 1 0 0 1 0 0 1 0 0 1 0 0 1 0 0 1 0 0 1 0 0 1 0 0 1 0 0 1 0 0 1 0 0 1 0 0 1 0 0 1 0 0 1 0 0 1 0 0 1 0 0 1 0 0 1 0 0 1 0 0 1 0 0 1 0 0 1 0 0 1 0 0 1 0 0 1 0 0 1 0 0 1 0 0 1 0 0 1 0 0 1 0 0 1 0 0 1 0 0 1 0 0 1 0 0 1 0 0 1 0 0 1 0 0 1 0 0 1 0 0 1 0 0 1 0 0 1 0 0 1 0 0 1 0 0 1 0 0 1 0 0 1 0 0 1 0 0 1 0 0 1 0 0 1 0 0 1 0 0 1 0 0 1 0 0 1 0 0 1 0 0 1 0 0 1 0 0 1 0 0 1 0 0 1 0 0 1 0 0 1 0 0 1 0 0 1 0 0 1 0 0 1 0 0 1 0 0 1 0 0 1 0 0 1 0 0 1 0 0 1 0 0 1 0 0 1 0 0 1 0 0 1 0 0 1 0 0 1 0 0 1 0 0 1 0 0 1 0 0 1 0 0 1 0 0 1 0 0 1 0 0 1 0 0 1 0 0 1 0 0 1 0 0 1 0 0 1 0 0 1 0 0 1 0 0 1 0 0 1 0 0 1 0 0 1 0 0 1 0 0 1 0 0 1 0 0 1 0 0 1 0 0 1 0 0 1 0 0 1 0 0 1 0 0 1 0 0 1 0 0 1 0 0 1 0 0 1 0 0 1 0 0 1 0 0 1 0 0 1 0 0 1 0 0 1 0 0 1 0 0 1 0 0 1 0 0 1 0 0 1 0 0 1 0 0 1 0 0 1 0 0 1 0 0 1 0 0 1 0 0 1 0 0 1 0 0 1 0 0 1 0 0 1 0 0 1 0 0 1 0 0 1 0 0 1 0 0 1 0 0 1 0 0 1 0 0 1 0 0 1 0 0 1 0 0 1 0 0 1 0 0 1 0 0 1 0 0 1 0 0 1 0 0 1 0 0 1 0 0 1 0 0 1 0 0 1 0 0 1 0 0 1 0 0 1 0 0 1 0 0 1 0 0 1 0 0 1 0 0 1 0 0 1 0 0 1 0 0 1 0 0 1 0 0 1 0 0 1 0 0 1 0 0 1 0 0 1 0 0 1 0 0 1 0 0 1 0 0 1 0 0 1 0 0 1 0 0 1 0 0 1 0 0 1 0 0 1 0 0 1 0 0 1 0 0 1 0 0 1 0 0 1 0 0 1 0 0 1 0 0 1 0 0 1 0 0 1 0 0 1 0 0 1 0 0 1 0 0 1 0 0 1 0 0 1 0 0 1 0 0 1 0 0 1 0 0 1 0 0 1 0 0 1 0 0 1 0 0 1 0 0 1 0 0 1 0 0 1 0 0 1 0 0 1 0 0 1 0 0 1 0 0 1 0 0 1 0 0 1 0 0 1 0 0 1 0 0 1 0 0 1 0 0 1 0 0 1 0 0 1 0 0 1 0 0 1 0 0 1 0 0 1 0 0 1 0 0 1 0 0 1 0 0 1 0 0 1 0 0 1 0 0 1 0 0 1 0 0 1 0 0 1 0 0 1 0 0 1 0 0 1 0 0 1 0 0 1 0 0 1 0 0 1 0 0 1 0 0 1 0 0 1 0 0 1 0 0 1 0 0 1 0 0 1 0 0 1 0 0 1 0 0 1 0 0 1 0 0 1 0 0 1 0 0 1 0 0 1 0 0 1 0 0 1 0 0 1 0 0 1 0 0 1 0 0 1 0 0 1 0 0 1 0 0 1 0 0 1 0 0 1 0 0 1 0 0 1 0 0 1 0 0 1 0 0 1 0 0 1 0 0 1 0 0 1 0 0 1 0 0 1 0 0 1 0 0 1 0 0 1 0 0 1 0 0 1 0 0 1 0 0 1 0 0 1 0 0 1 0 0 1 0 0 1 0 0 1 0 0 1 0 0 1 0 0 1 0 0 1 0 0 1 0 0 1 0 0 1 0 0 1 0 0 1 0 0 1 0 0 1 0 0 1 0 0 1 0 0 1 0 0 1 0 0 1 0 0 1 0 0 1 0 0 1 0 0 1 0 0 1 0 0 1 0 0 1 0 0 1 0 0 1 0 0 1 0 0 1 0 0 1 0 0 1 0 0 1 0 0 1 0 0 1 0 0 1 0 0 1 0 0 1 0 0 1 0 0 1 0 0 1 0 0 1 0 0 1 0 0 1 0 0 1 0 0 1 0 0 1 0 0 1 0 0 1 0 0 1 0 0 1 0 0 1 0 0 1 0 0 1 0 0 1 0 0 1 0 0 1 0 0 1 0 0 1 0 0 1 0 0 1 0 0 1 0 0 1 0 0 1 0 0 1 0 0 1 0 0 1 0 0 1 0 0 1 0 0 1 0 0 1 0 0 1 0 0 1 0 0 1 0 0 1 0 0 1 0 0 1 0 0 1 0 0 1 0 0 1 0 0 1 0 0 1 0 0 1 0 0 1 0 0 1 0 0 1 0 0 1 0 0 1 0 0 1 0 0 1 0 0 1 0 0 1 0 0 1 0 0 1 0 0 1 0 0 1 0 0 1 0 0 1 0 0 1 0 0 1 0 0 1 0 0 1 0 0 1 0 0 1 0 0 1 0 0 1 0 0 1 0 0 1 0 0 1 0 0 1 0 0 1 0 0 1 0 0 1 0 0 1 0 0 1 0 0 1 0 0 1 0 0 1 0 0 1 0 0 1 0 0 1 0 0 1 0 0 1 0 0 1 0 0 1 0 0 1 0 0 1 0 0 1 0 0 1 0 0 1 0 0 1 0 0 1 0 0 1 0 0 1 0 0 1 0 0 1 0 0 1 0 0 1 0 0 1 0 0 1 0 0 1 0 0 1 0 0 1 0 0 1 0 0 1 0 0 1 0 0 1 0 0 1 0 0 1 0 0 1 0 0 1 0 0 1 0 0 1 0 0 1 0 0 1 0 0 1 0 0 1 0 0 1 0 0 1 0 0 1 0 0 1 0 0 1 0 0 1 0 0 1 0 0 1 0 0 1 0 0 1 0 0 1 0 0 1 0 0 1 0 0 1 0 0 1 0 0 1 0 0 1 0 0 1 0 0 1 0 0 1 0 0 1 0 0 1 0 0 1 0 0 1 0 0 1 0 0 1 0 0 1 0 0 1 0 0 1 0 0 1 0 0 1 0 0 1 0 0 1 0 0 1 0 0 1 0 0 1 0 0 1 0 0 1 0 0 1 0 0 1 0 0 1 0 0 1 0 0 1 0 0 1 0 0 1 0 0 1 0 0 1 0 0 1 0 0 1 0 0 1 0 0 1 0 0 1 0 0 1 0 0 1 0 0 1 0 0 1 0 0 1 0 0 1 0 0 1 0 0 1 0 0 1 0 0 1 0 0 1 0 0 1 0 0 1 0 0 1 0 0 1 0 0 1 0 0 1 0 0 1 0 0 1 0 0 1 0 0 1 0 -0 1 0 0 1 0 0 1 0 0 1 0 0 1 0 0 1 0 0 1 0 0 1 0 0 1 0 0 1 0 0 1 0 0 1 0 -0 1 0 0 1 0 0 1 0 0 1 0 0 1 0 0 1 0 0 1 0 0 1 0 0 1 0 0 1 0 0 1 0 0 1 -0.9999018 0.01401212 -2.491427e-15 -0.9941456 0.1080486 0 -0.9975463 0.07000837 0.0004290482 -0.9991165 0.04202641 -0.000273936 -0.9996884 0.02493047 0.001241158 -0.9972032 0.07472994 0.001085821 -0.9942447 0.1071288 -0.0009798196 -0.9877584 0.1559888 -0.0009161538 -0.9922388 0.1243436 0.0009600411 -0.9790617 0.2035617 -0.0009484005 -0.9848072 0.1736483 0.0009959971 -0.9680749 0.2506593 -0.0009727953 -0.9749272 0.2225213 0.001024462 -0.962624 0.2708397 0.001045162 -0.954824 0.2971703 -0.0009896443 -0.9479266 0.3184871 0.001058273 -0.9393391 0.3429883 -0.000998682 -0.9308732 0.3653409 0.001063453 -0.9216583 0.3880014 -0.001000166 -0.9115054 0.4112866 0.001061063 -0.9018213 0.4321079 -0.0009939019 -0.8898714 0.4562104 0.001050986 -0.8798749 0.4752043 -0.0009799504 -0.8660249 0.4999999 0.001033164 -0.8558708 0.5171887 -0.0009582752 -0.829865 0.5579635 -0.0009289446 -0.8400257 0.5425458 0.001007679 -0.8119379 0.5837431 0.000974483 -0.8019177 0.5974339 -0.0008919931 -0.772095 0.6355065 -0.00084732 -0.7818311 0.6234896 0.000933503 -0.7404671 0.6720921 -0.0007947697 -0.7497805 0.661686 0.0008848826 -0.7071065 0.7071065 -0.000734704 -0.7158669 0.6982363 0.000828718 -0.6720922 0.7404672 -0.0006669144 -0.6801725 0.7330517 0.0007647037 -0.6355066 0.7720951 -0.0005913958 -0.6427876 0.7660441 0.0006929825 -0.597434 0.8019179 -0.0005080953 -0.6038041 0.7971326 0.0006136697 -0.5579637 0.8298653 -0.0004173153 -0.5633204 0.8262383 0.0005266925 -0.517189 0.8558711 -0.0003186111 -0.5214345 0.8532912 0.000431836 -0.4752046 0.8798753 -0.0002123493 -0.4782542 0.8782214 0.0003294962 -0.4321081 0.9018218 -9.84113e-05 -0.4338837 0.9009688 0.0002193439 -0.3429885 0.9393396 -2.297048e-05 -0.3880016 0.9216588 2.334926e-05 -0.3884341 0.9214765 0.0001014755 -0.2971705 0.9548244 -0.0001416628 -0.3420204 0.9396926 0.0001465602 -0.2506594 0.9680754 -0.0002530125 -0.2947558 0.9555726 0.0002612784 -0.2035618 0.9790621 -0.0003564985 -0.2467575 0.9690772 0.0003684637 -0.1559889 0.9877588 -0.0004521536 -0.1981457 0.9801725 0.0004680672 -0.1080486 0.9941456 0 -0.1075286 0.9942019 -0.0005539893 -0.1490422 0.9888306 0.0005600945 -0.09956821 0.9950305 0.0007633668 -0.06301732 0.9980122 -0.0006164297 -0.04984558 0.9987563 0.001136339 -0.02101737 0.9997787 -0.0008647536 0 0.9999992 0.001260544 0.02101737 0.9997787 -0.0008647537 0.1080486 0.9941456 -0 0.04984558 0.9987563 0.001136339 0.06301732 0.9980122 -0.0006164297 0.1075286 0.9942019 -0.0005539899 0.09956821 0.9950305 0.0007633672 0.1490422 0.9888306 0.0005600952 0.1559889 0.9877588 -0.0004521532 0.1981457 0.9801725 0.0004680672 0.2035618 0.9790621 -0.0003564967 0.2467575 0.9690772 0.0003684633 0.2506594 0.9680754 -0.000253015 0.2947558 0.9555726 0.0002612794 0.2971705 0.9548244 -0.0001416628 0.3420204 0.9396926 0.0001465625 0.3880016 0.9216588 2.334994e-05 0.3429885 0.9393396 -2.297219e-05 0.3884341 0.9214765 0.0001014731 0.4321081 0.9018218 -9.841429e-05 0.4338837 0.9009688 0.0002193436 0.4752046 0.8798753 -0.0002123528 0.4782542 0.8782214 0.0003294956 0.517189 0.8558711 -0.0003186125 0.5214345 0.8532912 0.0004318367 0.5579637 0.8298653 -0.0004173167 0.597434 0.8019179 -0.000508096 0.5633204 0.8262383 0.0005266884 0.6038041 0.7971326 0.0006136697 0.6355066 0.7720951 -0.0005914001 0.6720922 0.7404672 -0.0006669116 0.6427876 0.7660441 0.0006929866 0.7071065 0.7071065 -0.000734704 0.6801725 0.7330517 0.0007647051 0.7404671 0.6720921 -0.0007947683 0.7158669 0.6982363 0.0008287221 0.772095 0.6355065 -0.0008473172 0.7497805 0.661686 0.0008848853 0.8019177 0.5974339 -0.0008919903 0.7818311 0.6234896 0.000933503 0.829865 0.5579635 -0.0009289446 0.8119379 0.5837431 0.0009744802 0.8558708 0.5171887 -0.0009582752 0.8400257 0.5425458 0.001007679 0.8798749 0.4752043 -0.0009799475 0.8660249 0.4999999 0.001033164 0.9018213 0.4321079 -0.0009939019 0.8898714 0.4562104 0.001050986 0.9216583 0.3880014 -0.001000166 0.9115054 0.4112866 0.001061063 0.9308732 0.3653409 0.001063453 0.9393391 0.3429883 -0.0009986792 0.9479266 0.3184871 0.001058273 0.954824 0.2971703 -0.0009896443 0.962624 0.2708397 0.001045162 0.9680749 0.2506593 -0.0009727953 0.9749272 0.2225213 0.001024462 0.9790617 0.2035617 -0.0009484005 0.9941456 0.1080486 0 0.9848072 0.1736483 0.0009959978 0.9877584 0.1559888 -0.0009161538 0.9922388 0.1243436 0.0009600404 0.9942447 0.1071288 -0.0009798191 0.9972032 0.07472994 0.001085821 0.9980123 0.06301732 -0.0005430187 0.999689 0.02493048 0.0006672721 0.9997791 -0.02101738 3.028232e-16 0.9997791 0.02101738 0 0.9941456 -0.1080486 0 0.999689 -0.02493048 0.0006672718 0.9980123 -0.06301732 -0.0005430186 0.9942447 -0.1071288 -0.0009798196 0.9972032 -0.07472994 0.001085821 0.9877584 -0.1559888 -0.0009161538 0.9922388 -0.1243436 0.0009600411 0.9790617 -0.2035617 -0.0009484005 0.9848072 -0.1736483 0.0009959971 0.9680749 -0.2506593 -0.0009727953 0.9749272 -0.2225213 0.001024462 0.962624 -0.2708397 0.001045162 0.954824 -0.2971703 -0.0009896443 0.9479266 -0.3184871 0.001058273 0.9393391 -0.3429883 -0.000998682 0.9308732 -0.3653409 0.001063453 0.9216583 -0.3880014 -0.001000166 0.9115054 -0.4112866 0.001061063 0.9018213 -0.4321079 -0.0009939019 0.8898714 -0.4562104 0.001050986 0.8798749 -0.4752043 -0.0009799504 0.8660249 -0.4999999 0.001033164 0.8558708 -0.5171887 -0.0009582752 0.8400257 -0.5425458 0.001007679 0.829865 -0.5579635 -0.0009289446 0.8019177 -0.5974339 -0.0008919931 0.8119379 -0.5837431 0.000974483 0.7818311 -0.6234896 0.000933503 0.772095 -0.6355065 -0.00084732 0.7497805 -0.661686 0.0008848826 0.7404671 -0.6720921 -0.0007947697 0.7158669 -0.6982363 0.000828718 0.7071065 -0.7071065 -0.000734704 0.6801725 -0.7330517 0.0007647037 0.6720922 -0.7404672 -0.0006669144 0.6427876 -0.7660441 0.0006929825 0.6355066 -0.7720951 -0.0005913958 0.6038041 -0.7971326 0.0006136697 0.597434 -0.8019179 -0.0005080953 0.5633204 -0.8262383 0.0005266925 0.5579637 -0.8298653 -0.0004173153 0.5214345 -0.8532912 0.000431836 0.517189 -0.8558711 -0.0003186111 0.4782542 -0.8782214 0.0003294962 0.4752046 -0.8798753 -0.0002123493 0.4338837 -0.9009688 0.0002193439 0.4321081 -0.9018218 -9.84113e-05 0.3884341 -0.9214765 0.0001014755 0.3429885 -0.9393396 -2.297048e-05 0.3880016 -0.9216588 2.334926e-05 0.3420204 -0.9396926 0.0001465602 0.2971705 -0.9548244 -0.0001416628 0.2947558 -0.9555726 0.0002612784 0.2506594 -0.9680754 -0.0002530125 0.2467575 -0.9690772 0.0003684637 0.2035618 -0.9790621 -0.0003564985 0.1981457 -0.9801725 0.0004680672 0.1559889 -0.9877588 -0.0004521536 0.1080486 -0.9941456 0 0.1490422 -0.9888306 0.0005600945 0.1075286 -0.9942019 -0.0005539893 0.06301732 -0.9980122 -0.0006164297 0.09956821 -0.9950305 0.0007633668 0.02101737 -0.9997787 -0.0008647536 0.04984558 -0.9987563 0.001136339 -0.02101737 -0.9997787 -0.0008647537 0 -0.9999992 0.001260544 -0.1080486 -0.9941456 0 -0.06301732 -0.9980122 -0.0006164297 -0.04984558 -0.9987563 0.001136339 -0.1075286 -0.9942019 -0.0005539899 -0.09956821 -0.9950305 0.0007633672 -0.1559889 -0.9877588 -0.0004521532 -0.1490422 -0.9888306 0.0005600952 -0.2035618 -0.9790621 -0.0003564967 -0.1981457 -0.9801725 0.0004680672 -0.2506594 -0.9680754 -0.000253015 -0.2467575 -0.9690772 0.0003684633 -0.2971705 -0.9548244 -0.0001416628 -0.2947558 -0.9555726 0.0002612794 -0.3420204 -0.9396926 0.0001465625 -0.3880016 -0.9216588 2.334994e-05 -0.3429885 -0.9393396 -2.297219e-05 -0.3884341 -0.9214765 0.0001014731 -0.4321081 -0.9018218 -9.841429e-05 -0.4338837 -0.9009688 0.0002193436 -0.4752046 -0.8798753 -0.0002123528 -0.4782542 -0.8782214 0.0003294956 -0.517189 -0.8558711 -0.0003186125 -0.5214345 -0.8532912 0.0004318367 -0.5579637 -0.8298653 -0.0004173167 -0.5633204 -0.8262383 0.0005266884 -0.597434 -0.8019179 -0.000508096 -0.6038041 -0.7971326 0.0006136697 -0.6355066 -0.7720951 -0.0005914001 -0.6720922 -0.7404672 -0.0006669116 -0.6427876 -0.7660441 0.0006929866 -0.7071065 -0.7071065 -0.000734704 -0.6801725 -0.7330517 0.0007647051 -0.7404671 -0.6720921 -0.0007947683 -0.7158669 -0.6982363 0.0008287221 -0.772095 -0.6355065 -0.0008473172 -0.7497805 -0.661686 0.0008848853 -0.8019177 -0.5974339 -0.0008919903 -0.7818311 -0.6234896 0.000933503 -0.829865 -0.5579635 -0.0009289446 -0.8119379 -0.5837431 0.0009744802 -0.8558708 -0.5171887 -0.0009582752 -0.8400257 -0.5425458 0.001007679 -0.8798749 -0.4752043 -0.0009799475 -0.8660249 -0.4999999 0.001033164 -0.9018213 -0.4321079 -0.0009939019 -0.8898714 -0.4562104 0.001050986 -0.9216583 -0.3880014 -0.001000166 -0.9115054 -0.4112866 0.001061063 -0.9393391 -0.3429883 -0.0009986792 -0.9308732 -0.3653409 0.001063453 -0.954824 -0.2971703 -0.0009896443 -0.9479266 -0.3184871 0.001058273 -0.9680749 -0.2506593 -0.0009727953 -0.962624 -0.2708397 0.001045162 -0.9790617 -0.2035617 -0.0009484005 -0.9749272 -0.2225213 0.001024462 -0.9941456 -0.1080486 0 -0.9877584 -0.1559888 -0.0009161538 -0.9848072 -0.1736483 0.0009959978 -0.9942447 -0.1071288 -0.0009798191 -0.9922388 -0.1243436 0.0009600404 -0.9991165 -0.04202641 -0.0002739359 -0.9975463 -0.07000837 0.0004290482 -0.9972032 -0.07472994 0.001085821 -0.9999018 -0.01401212 0 -0.9996884 -0.02493047 0.001241158 -0.2588191 0.9659258 0 -0.2588191 0.9659258 0 -0.2825899 0.9592409 0 -0.2825899 0.9592409 0 -0.3296141 0.9441158 0 -0.3296141 0.9441158 0 -0.3758267 0.9266899 0 -0.3758267 0.9266899 0 -0.4211335 0.9069986 0 -0.4653938 0.8851036 0 -0.4211335 0.9069986 0 -0.4653938 0.8851036 0 -0.5085323 0.8610429 0 -0.5085323 0.8610429 0 -0.5504158 0.8348907 0 -0.5504158 0.8348907 0 -0.5909868 0.8066812 0 -0.5909868 0.8066812 0 -0.6300767 0.7765329 0 -0.6300767 0.7765329 0 -0.6676699 0.7444574 0 -0.6676699 0.7444574 0 -0.7036061 0.7105901 0 -0.7036061 0.7105901 0 -0.7378257 0.6749913 0 -0.7378257 0.6749913 0 -0.7702702 0.6377177 0 -0.7702702 0.6377177 0 -0.8008005 0.5989312 0 -0.8008005 0.5989312 0 -0.8294173 0.5586295 0 -0.8294173 0.5586295 0 -0.8559662 0.5170318 0 -0.8559662 0.5170318 0 -0.8804705 0.474101 0 -0.8804705 0.474101 0 -0.9027948 0.4300716 0 -0.9027948 0.4300716 0 -0.9229303 0.3849671 0 -0.9229303 0.3849671 0 -0.94081 0.3389345 0 -0.94081 0.3389345 0 -0.9564059 0.2920407 0 -0.9564059 0.2920407 0 -0.9696512 0.2444926 0 -0.9696512 0.2444926 0 -0.980544 0.1962994 0 -0.980544 0.1962994 0 -0.989041 0.1476416 0 -0.989041 0.1476416 0 -0.9951258 0.09861322 0 -0.9951258 0.09861322 0 -0.9987791 0.04939914 0 -0.9987791 0.04939914 0 -1 0 0 -1 0 0 -0.9987791 -0.04939914 0 -0.9987791 -0.04939914 -0 -0.9951258 -0.09861322 0 -0.9951258 -0.09861322 -0 -0.989041 -0.1476416 0 -0.989041 -0.1476416 -0 -0.980544 -0.1962994 -0 -0.9696512 -0.2444926 -0 -0.980544 -0.1962994 0 -0.9696512 -0.2444926 -0 -0.9564059 -0.2920407 -0 -0.9564059 -0.2920407 -0 -0.94081 -0.3389345 -0 -0.9229303 -0.3849671 -0 -0.94081 -0.3389345 0 -0.9229303 -0.3849671 -0 -0.9027948 -0.4300716 -0 -0.9027948 -0.4300716 0 -0.8804705 -0.474101 -0 -0.8559662 -0.5170318 -0 -0.8804705 -0.474101 0 -0.8294173 -0.5586295 -0 -0.8559662 -0.5170318 -0 -0.8294173 -0.5586295 -0 -0.8008005 -0.5989312 -0 -0.7702702 -0.6377177 -0 -0.8008005 -0.5989312 0 -0.7702702 -0.6377177 -0 -0.7378257 -0.6749913 -0 -0.7378257 -0.6749913 0 -0.7036061 -0.7105901 -0 -0.7036061 -0.7105901 0 -0.6676699 -0.7444574 -0 -0.6676699 -0.7444574 0 -0.6300767 -0.7765329 -0 -0.6300767 -0.7765329 0 -0.5909868 -0.8066812 -0 -0.5909868 -0.8066812 0 -0.5504158 -0.8348907 -0 -0.5504158 -0.8348907 0 -0.5085323 -0.8610429 0 -0.5085323 -0.8610429 -0 -0.4653938 -0.8851036 -0 -0.4653938 -0.8851036 -0 -0.4211335 -0.9069986 0 -0.4211335 -0.9069986 -0 -0.3758267 -0.9266899 0 -0.3758267 -0.9266899 -0 -0.3296141 -0.9441158 0 -0.3296141 -0.9441158 -0 -0.2825899 -0.9592409 0 -0.2825899 -0.9592409 -0 -0.2588191 -0.9659258 -0 -0.2588191 -0.9659258 0 0 0 -1 0 0 -1 0 0 -1 0 -0 -1 0 0 -1 0 0 -1 0 0 -1 0 0 -1 0 -0 -1 0 0 -1 0 0 -1 0 0 -1 0 -0 -1 0 0 -1 0 0 -1 0 0 -1 0 0 -1 0 0 -1 0 -0 -1 0 0 -1 0 0 -1 0 0 -1 0 0 -1 0 0 -1 0 -0 -1 0 0 -1 0 0 -1 0 0 -1 0 -0 -1 0 0 -1 0 0 -1 0 -0 -1 0 0 -1 0 0 -1 0 0 -1 0 -0 -1 0 0 -1 0 0 -1 0 0 -1 0 -0 -1 0 0 -1 0 0 -1 0 -0 -1 0 0 -1 0 0 -1 0 0 -1 0 -0 -1 0 0 -1 0 0 -1 0 -0 -1 0 -0 -1 0 0 -1 0 -0 -1 0 -0 -1 0 -0 -1 0 0 -1 0 -0 -1 0 0 -1 0 -0 -1 0 -0 -1 0 -0 -1 0 0 -1 0 -0 -1 0 -0 -1 0 -0 -1 0 0 -1 0 -0 -1 0 -0 -1 0 0 -1 0 -0 -1 0 -0 -1 0 -0 -1 0 0 -1 0 -0 -1 0 0 -1 0 -0 -1 0 -0 -1 0 0 -1 0 -0 -1 0 -0 -1 0 0 -1 0 -0 -1 0 -0 -1 0 0 -1 0 -0 -1 0 0 -1 0 0 -1 0 0 -1 0 0 -1 0 0 -1 0 0 -1 0 0 -1 0 0 -1 0 0 -1 0 0 -1 0 0 -1 0 0 -1 0 0 -1 0 0 -1 0 0 -1 0 0 -1 0 0 -1 0 0 -1 0 0 -1 0 0 -1 0 0 -1 0 0 -1 0 0 -1 0 0 -1 0 0 -1 0 0 -1 0 0 -1 0 0 -1 0 0 -1 0 0 -1 0 0 -1 0 0 -1 0 0 -1 0 0 -1 0 -0 -1 0 -0 -1 0 -0 -1 0 -0 -1 0 -0 -1 0 0 -1 0 -0 -1 0 -0 -1 0 -0 -1 0 -0 -1 0 -0 -1 0 0 -1 0 0 -1 0 -0 -1 0 -0 -1 0 0 -1 0 0 -1 0 0 -1 0 0 -1 0 0 -1 0 0 -1 0 0 -1 0 0 -1 0 0 -1 0 0 -1 0 0 -1 0 0 -1 0 0 -1 0 0 -1 0 0 -1 -0.9993643 -0.03565124 -0 -0.9993643 -0.03565124 0 -0.9942641 -0.1069529 0 -0.9942641 -0.1069529 -0 -0.9841218 -0.1774944 0 -0.9841218 -0.1774944 -0 -0.9689282 -0.2473422 0 -0.9488192 -0.3158199 0 -0.9689282 -0.2473422 -0 -0.9488192 -0.3158199 0 -0.9239017 -0.3826298 0 -0.9239017 -0.3826298 -0 -0.894207 -0.4476537 0 -0.894207 -0.4476537 -0 -0.8600177 -0.5102642 0 -0.8600177 -0.5102642 -0 -0.8214114 -0.5703362 0 -0.778653 -0.6274548 0 -0.8214114 -0.5703362 -0 -0.778653 -0.6274548 0 -0.731894 -0.6814184 0 -0.731894 -0.6814184 -0 -0.6814256 -0.7318874 0 -0.6814256 -0.7318874 -0 -0.6274513 -0.7786558 0 -0.6274513 -0.7786558 -0 -0.57032 -0.8214226 0 -0.5102847 -0.8600055 0 -0.57032 -0.8214226 -0 -0.4476048 -0.8942315 0 -0.5102847 -0.8600055 0 -0.4476048 -0.8942315 0 -0.3826844 -0.9238791 0 -0.3826844 -0.9238791 -0 -0.315818 -0.9488198 0 -0.315818 -0.9488198 -0 -0.2472925 -0.9689409 0 -0.2472925 -0.9689409 -0 -0.1775535 -0.9841111 0 -0.1775535 -0.9841111 -0 -0.1068958 -0.9942702 0 -0.1068958 -0.9942702 -0 -0.03569119 -0.9993629 0 -0.03569119 -0.9993629 -0 0.03569391 -0.9993628 0 0.03569391 -0.9993628 0 0.1068958 -0.9942702 0 0.1068958 -0.9942702 0 0.1775535 -0.9841111 0 0.1775535 -0.9841111 0 0.2472925 -0.9689409 0 0.2472925 -0.9689409 0 0.315818 -0.9488198 0 0.315818 -0.9488198 0 0.3826575 -0.9238903 0 0.3826575 -0.9238903 0 0.4476354 -0.8942162 0 0.4476354 -0.8942162 0 0.5102512 -0.8600254 0 0.5102512 -0.8600254 0 0.5703558 -0.8213978 0 0.5703558 -0.8213978 0 0.6274513 -0.7786558 0 0.6274513 -0.7786558 0 0.6814256 -0.7318874 0 0.6814256 -0.7318874 0 0.731894 -0.6814184 0 0.731894 -0.6814184 0 0.778653 -0.6274548 0 0.778653 -0.6274548 0 0.8214114 -0.5703362 0 0.8214114 -0.5703362 0 0.8600177 -0.5102642 0 0.8600177 -0.5102642 0 0.894207 -0.4476537 0 0.894207 -0.4476537 0 0.9238748 -0.3826949 0 0.9238748 -0.3826949 0 0.948842 -0.3157512 0 0.948842 -0.3157512 0 0.9689282 -0.2473422 0 0.9689282 -0.2473422 0 0.9841085 -0.1775683 0 0.9942722 -0.1068774 0 0.9841085 -0.1775683 0 0.9942722 -0.1068774 0 0.9993643 -0.03565124 0 0.9993643 -0.03565124 0 0.9993643 0.03565124 0 0.9993643 0.03565124 0 0.9942722 0.1068774 0 0.9942722 0.1068774 0 0.9841085 0.1775683 0 0.9841085 0.1775683 0 0.9689282 0.2473422 0 0.948842 0.3157512 -0 0.9689282 0.2473422 0 0.948842 0.3157512 0 0.9238748 0.3826949 0 0.9238748 0.3826949 0 0.894207 0.4476537 0 0.894207 0.4476537 0 0.8600177 0.5102642 0 0.8600177 0.5102642 0 0.8214114 0.5703362 0 0.8214114 0.5703362 0 0.778653 0.6274548 0 0.778653 0.6274548 0 0.731894 0.6814184 0 0.731894 0.6814184 0 0.6814256 0.7318874 0 0.6814256 0.7318874 0 0.6274513 0.7786558 -0 0.6274513 0.7786558 0 0.5703558 0.8213978 0 0.5703558 0.8213978 0 0.5102512 0.8600254 -0 0.5102512 0.8600254 0 0.4476354 0.8942162 0 0.4476354 0.8942162 0 0.3826575 0.9238903 0 0.3826575 0.9238903 0 0.315818 0.9488198 -0 0.315818 0.9488198 0 0.2472925 0.9689409 0 0.2472925 0.9689409 0 0.1775535 0.9841111 0 0.1775535 0.9841111 0 0.1068958 0.9942702 0 0.1068958 0.9942702 0 0.03569391 0.9993628 -0 0.03569391 0.9993628 0 -0.03569119 0.9993629 0 -0.03569119 0.9993629 0 -0.1068958 0.9942702 0 -0.1068958 0.9942702 0 -0.1775535 0.9841111 0 -0.1775535 0.9841111 0 -0.2472925 0.9689409 0 -0.2472925 0.9689409 0 -0.315818 0.9488198 0 -0.315818 0.9488198 0 -0.3826844 0.9238791 0 -0.3826844 0.9238791 0 -0.4476048 0.8942315 0 -0.4476048 0.8942315 0 -0.5102847 0.8600055 0 -0.5102847 0.8600055 0 -0.57032 0.8214226 0 -0.57032 0.8214226 0 -0.6274513 0.7786558 0 -0.6274513 0.7786558 0 -0.6814256 0.7318874 0 -0.731894 0.6814184 0 -0.6814256 0.7318874 0 -0.731894 0.6814184 0 -0.778653 0.6274548 0 -0.778653 0.6274548 0 -0.8214114 0.5703362 0 -0.8214114 0.5703362 0 -0.8600177 0.5102642 0 -0.8600177 0.5102642 0 -0.894207 0.4476537 0 -0.894207 0.4476537 0 -0.9239017 0.3826298 0 -0.9239017 0.3826298 0 -0.9488192 0.3158199 0 -0.9488192 0.3158199 0 -0.9689282 0.2473422 0 -0.9689282 0.2473422 0 -0.9841218 0.1774944 0 -0.9841218 0.1774944 0 -0.9942641 0.1069529 0 -0.9942641 0.1069529 0 -0.9993643 0.03565124 0 -0.9993643 0.03565124 0 0.9659258 0.2588191 0 0.9659258 0.2588191 0 0 -0 -1 0 0 -1 0 0 -1 0 -0 -1 0 0 -1 0 -0 -1 0 -0 -1 0 0 -1 0 0 -1 0 -0 -1 0 0 -1 0 -0 -1 0 0 -1 0 -0 -1 0 0 -1 0 -0 -1 0 0 -1 0 0 -1 0 0 -1 0 0 -1 0 0 -1 0 0 -1 0 0 -1 0 0 -1 0 0 -1 0 0 -1 0 -0 -1 0 0 -1 0 -0 -1 0 0 -1 0 -0 -1 0 0 -1 0 -0 -1 0 0 -1 0 -0 -1 0 0 -1 0 -0 -1 0 -0 -1 0 0 -1 0 0 -1 0 -0 -1 0 0 -1 0 0 -1 0 -0 -1 0 -0 -1 0 0 -1 0 0 -1 0 -0 -1 0 0 -1 0 -0 -1 0 0 -1 0 0 -1 0 0 -1 0 -0 -1 0 -0 -1 0 0 -1 0 0 -1 0 0 -1 0 0 -1 0 0 -1 0 0 -1 0 0 -1 0 0 -1 0 0 -1 0 0 -1 0 0 -1 0 0 -1 0 0 -1 0 0 -1 0 0 -1 0 0 -1 0 0 -1 0 0 -1 0 0 -1 0 0 -1 0 0 -1 0 0 -1 0 0 -1 0 0 -1 0 0 -1 0 0 -1 0 0 -1 0 0 -1 0 0 -1 0 0 -1 0 0 -1 0 0 -1 0 0 -1 0 -0 -1 0 0 -1 0 -0 -1 0 0 -1 0 -0 -1 0 -0 -1 0 -0 -1 0 -0 -1 0 -0 -1 0 -0 -1 0 -0 -1 0 -0 -1 0 -0 -1 0 -0 -1 0 -0 -1 0 -0 -1 0 -0 -1 0 0 -1 0 0 -1 0 0 -1 0 0 -1 0 0 -1 0 0 -1 0 -0 -1 0 0 -1 0 0 -1 0 -0 -1 0 0 -1 0 0 -1 0 -0 -1 0 0 -1 0 0 -1 0 0 -1 0 -0 -1 0 0 -1 0 0 -1 0 -0 -1 0 0 -1 0 0 -1 0 -0 -1 0 0 -1 0 0 -1 0 0 -1 0 -0 -1 0 0 -1 0 0 -1 0 -0 -1 0 0 -1 0 0 -1 0 0 -1 0 -0 -1 0 0 -1 0 0 -1 0 -0 -1 0 0 -1 0 0 -1 0 -0 -1 0 0 -1 0 0 -1 -0.9659258 0.2588191 0 -0.9659258 0.2588191 0 0.2588191 -0.9659258 0 0.2588191 -0.9659258 0 0 0 -1 0 0 -1 0 0 -1 0 0 -1 0 0 -1 0 0 -1 0 0 -1 0 0 -1 0 0 -1 0 0 -1 0 0 -1 0 0 -1 0 0 -1 0 0 -1 0 0 -1 0 0 -1 0 0 -1 0 0 -1 0 0 -1 0 0 -1 0 0 -1 0 0 -1 0 0 -1 0 0 -1 0 0 -1 0 0 -1 0 0 -1 0 0 -1 0 0 -1 0 0 -1 0 0 -1 0 0 -1 0 -0 -1 0 0 -1 0 0 -1 0 0 -1 0 0 -1 0 0 -1 0 0 -1 0 0 -1 0 0 -1 0 0 -1 0 0 -1 0 0 -1 0 0 -1 0 0 -1 0 0 -1 0 0 -1 0 0 -1 0 0 -1 0 0 -1 0 0 -1 0 -0 -1 0 0 -1 0 0 -1 0 0 -1 0 0 -1 0 0 -1 0 0 -1 0 0 -1 0 0 -1 0 0 -1 0 -0 -1 0 0 -1 0 -0 -1 0 0 -1 0 0 -1 0 -0 -1 0 0 -1 0 0 -1 0 -0 -1 0 0 -1 0 -0 -1 0 0 -1 0 -0 -1 0 0 -1 0 -0 -1 0 0 -1 0 0 -1 0 0 -1 0 -0 -1 0 -0 -1 0 0 -1 0 0 -1 0 -0 -1 0 0 -1 0 0 -1 0 0 -1 0 0 -1 0 0 -1 0 0 -1 0 0 -1 0 0 -1 0 0 -1 0 0 -1 0 0 -1 0 0 -1 0 0 -1 0 0 -1 0 0 -1 0 0 -1 0 0 -1 0 0 -1 0 0 -1 0 0 -1 0 0 -1 0 0 -1 0 0 -1 0 0 -1 0 0 -1 0 0 -1 0 0 -1 0 -0 -1 0 0 -1 0 0 -1 0 0 -1 0 -0 -1 0 0 -1 0 0 -1 0 0 -1 0 -0 -1 0 0 -1 0 -0 -1 0 0 -1 0 0 -1 0 0 -1 0 -0 -1 0 0 -1 0 0 -1 0 -0 -1 0 0 -1 0 0 -1 0 -0 -1 0 0 -1 0 0 -1 0 0 -1 0 -0 -1 0 0 -1 0 0 -1 0 0 -1 0 -0 -1 0 0 -1 0 -0 -1 0 0 -1 0 0 -1 0 -0 -1 0 0 -1 0.2588191 0.9659258 0 0.2588191 0.9659258 0 -0.9659258 -0.2588191 0 -0.9659258 -0.2588191 -0 0 0 -1 0 0 -1 0 0 -1 0 0 -1 0 -0 -1 0 0 -1 0 0 -1 0 0 -1 0 0 -1 0 0 -1 0 -0 -1 0 0 -1 0 0 -1 0 -0 -1 0 0 -1 0 0 -1 0 0 -1 0 0 -1 0 0 -1 0 0 -1 0 -0 -1 0 0 -1 0 0 -1 0 0 -1 0 0 -1 0 -0 -1 0 0 -1 0 -0 -1 0 0 -1 0 0 -1 0 0 -1 0 0 -1 0 -0 -1 0 0 -1 0 0 -1 0 0 -1 0 0 -1 0 0 -1 0 -0 -1 0 0 -1 0 0 -1 0 -0 -1 0 0 -1 0 0 -1 0 -0 -1 0 0 -1 0 0 -1 0 0 -1 0 -0 -1 0 0 -1 0 0 -1 0 0 -1 0 0 -1 0 0 -1 0 0 -1 0 0 -1 0 0 -1 0 0 -1 0 0 -1 0 0 -1 0 0 -1 0 0 -1 0 0 -1 0 0 -1 0 0 -1 0 0 -1 0 0 -1 0 0 -1 0 0 -1 0 0 -1 0 0 -1 0 0 -1 0 0 -1 0 0 -1 0 0 -1 0 0 -1 0 0 -1 0 0 -1 0 0 -1 0 0 -1 0 0 -1 0 0 -1 0 0 -1 0 0 -1 0 0 -1 0 0 -1 0 0 -1 0 -0 -1 0 0 -1 0 -0 -1 0 0 -1 0 0 -1 0 -0 -1 0 -0 -1 0 0 -1 0 0 -1 0 -0 -1 0 0 -1 0 0 -1 0 -0 -1 0 0 -1 0 0 -1 0 -0 -1 0 0 -1 0 -0 -1 0 -0 -1 0 -0 -1 0 -0 -1 0 0 -1 0 0 -1 0 0 -1 0 0 -1 0 0 -1 0 0 -1 0 0 -1 0 0 -1 0 0 -1 0 0 -1 0 0 -1 0 0 -1 0 0 -1 0 0 -1 0 0 -1 0 0 -1 0 0 -1 0 0 -1 0 0 -1 0 0 -1 0 0 -1 0 0 -1 0 0 -1 0 0 -1 0 0 -1 0 0 -1 0 0 -1 0 0 -1 0 0 -1 0 0 -1 0 0 -1 0 0 -1 0 0 -1 0 0 -1 0 0 -1 0 0 -1 0 0 -1 0 0 -1 0 -0 -1 0.9659258 -0.2588191 0 0.9659258 -0.2588191 0 -0.9592409 -0.2825899 0 -0.9592409 -0.2825899 -0 -0.9441158 -0.3296141 -0 -0.9441158 -0.3296141 0 -0.9266899 -0.3758267 -0 -0.9266899 -0.3758267 0 -0.9069986 -0.4211335 -0 -0.9069986 -0.4211335 0 -0.8851036 -0.4653938 -0 -0.8610429 -0.5085323 -0 -0.8851036 -0.4653938 0 -0.8610429 -0.5085323 -0 -0.8348907 -0.5504158 -0 -0.8066812 -0.5909868 -0 -0.8348907 -0.5504158 0 -0.8066812 -0.5909868 -0 -0.7765329 -0.6300767 -0 -0.7765329 -0.6300767 0 -0.7444574 -0.6676699 -0 -0.7444574 -0.6676699 0 -0.7105901 -0.7036061 -0 -0.7105901 -0.7036061 0 -0.6749913 -0.7378257 -0 -0.6749913 -0.7378257 0 -0.6377177 -0.7702702 -0 -0.6377177 -0.7702702 0 -0.5989312 -0.8008005 -0 -0.5586295 -0.8294173 -0 -0.5989312 -0.8008005 0 -0.5586295 -0.8294173 -0 -0.5170318 -0.8559662 -0 -0.5170318 -0.8559662 0 -0.474101 -0.8804705 -0 -0.474101 -0.8804705 0 -0.4300716 -0.9027948 -0 -0.3849671 -0.9229303 -0 -0.4300716 -0.9027948 0 -0.3849671 -0.9229303 -0 -0.3389345 -0.94081 -0 -0.3389345 -0.94081 0 -0.2920407 -0.9564059 -0 -0.2444926 -0.9696512 -0 -0.2920407 -0.9564059 0 -0.2444926 -0.9696512 -0 -0.1962994 -0.980544 0 -0.1962994 -0.980544 -0 -0.1476416 -0.989041 -0 -0.1476416 -0.989041 -0 -0.09861322 -0.9951258 0 -0.09861322 -0.9951258 -0 -0.04939914 -0.9987791 0 -0.04939914 -0.9987791 -0 0 -1 0 -0 -1 -0 0.04939914 -0.9987791 0 0.04939914 -0.9987791 0 0.09861322 -0.9951258 0 0.09861322 -0.9951258 0 0.1476416 -0.989041 0 0.1476416 -0.989041 0 0.1962994 -0.980544 0 0.1962994 -0.980544 0 0.2444926 -0.9696512 0 0.2444926 -0.9696512 0 0.2920407 -0.9564059 0 0.2920407 -0.9564059 0 0.3389345 -0.94081 0 0.3389345 -0.94081 0 0.3849671 -0.9229303 0 0.3849671 -0.9229303 0 0.4300716 -0.9027948 0 0.4300716 -0.9027948 0 0.474101 -0.8804705 0 0.474101 -0.8804705 0 0.5170318 -0.8559662 0 0.5170318 -0.8559662 0 0.5586295 -0.8294173 0 0.5586295 -0.8294173 0 0.5989312 -0.8008005 0 0.5989312 -0.8008005 0 0.6377177 -0.7702702 0 0.6749913 -0.7378257 0 0.6377177 -0.7702702 0 0.6749913 -0.7378257 0 0.7105901 -0.7036061 0 0.7105901 -0.7036061 0 0.7444574 -0.6676699 0 0.7444574 -0.6676699 0 0.7765329 -0.6300767 0 0.7765329 -0.6300767 0 0.8066812 -0.5909868 0 0.8066812 -0.5909868 0 0.8348907 -0.5504158 0 0.8348907 -0.5504158 0 0.8610429 -0.5085323 0 0.8610429 -0.5085323 0 0.8851036 -0.4653938 0 0.8851036 -0.4653938 0 0.9069986 -0.4211335 0 0.9069986 -0.4211335 0 0.9266899 -0.3758267 0 0.9266899 -0.3758267 0 0.9441158 -0.3296141 0 0.9441158 -0.3296141 0 0.9592409 -0.2825899 0 0.9592409 -0.2825899 0 -0.9993629 -0.03569119 -0 -0.9993629 -0.03569119 0 -0.9942702 -0.1068958 0 -0.9942702 -0.1068958 -0 -0.9841111 -0.1775535 0 -0.9841111 -0.1775535 -0 -0.9689409 -0.2472925 0 -0.9488198 -0.315818 0 -0.9689409 -0.2472925 -0 -0.9488198 -0.315818 0 -0.9238791 -0.3826844 0 -0.9238791 -0.3826844 -0 -0.8942315 -0.4476048 0 -0.8942315 -0.4476048 -0 -0.8600055 -0.5102847 0 -0.8600055 -0.5102847 -0 -0.8214226 -0.57032 0 -0.7786558 -0.6274513 0 -0.8214226 -0.57032 -0 -0.7786558 -0.6274513 0 -0.7318874 -0.6814256 0 -0.7318874 -0.6814256 -0 -0.6814184 -0.731894 0 -0.6814184 -0.731894 -0 -0.6274548 -0.778653 0 -0.6274548 -0.778653 -0 -0.5703362 -0.8214114 0 -0.5102642 -0.8600177 0 -0.5703362 -0.8214114 -0 -0.4476537 -0.894207 0 -0.5102642 -0.8600177 0 -0.4476537 -0.894207 0 -0.3826298 -0.9239017 0 -0.3826298 -0.9239017 -0 -0.3158199 -0.9488192 0 -0.3158199 -0.9488192 -0 -0.2473422 -0.9689282 0 -0.2473422 -0.9689282 -0 -0.1774944 -0.9841218 0 -0.1774944 -0.9841218 -0 -0.1069529 -0.9942641 0 -0.1069529 -0.9942641 -0 -0.03565124 -0.9993643 0 -0.03565124 -0.9993643 -0 0.03565124 -0.9993643 0 0.03565124 -0.9993643 0 0.1069529 -0.9942641 0 0.1069529 -0.9942641 0 0.1774944 -0.9841218 0 0.1774944 -0.9841218 0 0.2473422 -0.9689282 0 0.2473422 -0.9689282 0 0.3158199 -0.9488192 0 0.3158199 -0.9488192 0 0.3826298 -0.9239017 0 0.3826298 -0.9239017 0 0.4476537 -0.894207 0 0.4476537 -0.894207 0 0.5102642 -0.8600177 0 0.5102642 -0.8600177 0 0.5703362 -0.8214114 0 0.5703362 -0.8214114 0 0.6274548 -0.778653 0 0.6274548 -0.778653 0 0.6814184 -0.731894 0 0.6814184 -0.731894 0 0.7318874 -0.6814256 0 0.7318874 -0.6814256 0 0.7786558 -0.6274513 0 0.7786558 -0.6274513 0 0.8214226 -0.57032 0 0.8214226 -0.57032 0 0.8600055 -0.5102847 0 0.8600055 -0.5102847 0 0.8942315 -0.4476048 0 0.8942315 -0.4476048 0 0.9238791 -0.3826844 0 0.9238791 -0.3826844 0 0.9488198 -0.315818 0 0.9488198 -0.315818 0 0.9689409 -0.2472925 0 0.9689409 -0.2472925 0 0.9841111 -0.1775535 0 0.9942702 -0.1068958 0 0.9841111 -0.1775535 0 0.9942702 -0.1068958 0 0.9993629 -0.03569119 0 0.9993629 -0.03569119 0 0.9993628 0.03569391 0 0.9993628 0.03569391 0 0.9942702 0.1068958 0 0.9942702 0.1068958 0 0.9841111 0.1775535 0 0.9841111 0.1775535 0 0.9689409 0.2472925 0 0.9488198 0.315818 -0 0.9689409 0.2472925 0 0.9488198 0.315818 0 0.9238903 0.3826575 0 0.9238903 0.3826575 0 0.8942162 0.4476354 0 0.8942162 0.4476354 0 0.8600254 0.5102512 0 0.8600254 0.5102512 0 0.8213978 0.5703558 0 0.8213978 0.5703558 0 0.7786558 0.6274513 0 0.7786558 0.6274513 0 0.7318874 0.6814256 0 0.7318874 0.6814256 0 0.6814184 0.731894 0 0.6814184 0.731894 0 0.6274548 0.778653 -0 0.6274548 0.778653 0 0.5703362 0.8214114 0 0.5703362 0.8214114 0 0.5102642 0.8600177 -0 0.5102642 0.8600177 0 0.4476537 0.894207 0 0.4476537 0.894207 0 0.3826949 0.9238748 0 0.3826949 0.9238748 0 0.3157512 0.948842 -0 0.3157512 0.948842 0 0.2473422 0.9689282 0 0.2473422 0.9689282 0 0.1775683 0.9841085 0 0.1775683 0.9841085 0 0.1068774 0.9942722 0 0.1068774 0.9942722 0 0.03565124 0.9993643 -0 0.03565124 0.9993643 0 -0.03565124 0.9993643 0 -0.03565124 0.9993643 0 -0.1068774 0.9942722 0 -0.1068774 0.9942722 0 -0.1775683 0.9841085 0 -0.1775683 0.9841085 0 -0.2473422 0.9689282 0 -0.2473422 0.9689282 0 -0.3157512 0.948842 0 -0.3157512 0.948842 0 -0.3826949 0.9238748 0 -0.3826949 0.9238748 0 -0.4476537 0.894207 0 -0.4476537 0.894207 0 -0.5102642 0.8600177 0 -0.5102642 0.8600177 0 -0.5703362 0.8214114 0 -0.5703362 0.8214114 0 -0.6274548 0.778653 0 -0.6274548 0.778653 0 -0.6814184 0.731894 0 -0.7318874 0.6814256 0 -0.6814184 0.731894 0 -0.7318874 0.6814256 0 -0.7786558 0.6274513 0 -0.7786558 0.6274513 0 -0.8213978 0.5703558 0 -0.8213978 0.5703558 0 -0.8600254 0.5102512 0 -0.8600254 0.5102512 0 -0.8942162 0.4476354 0 -0.8942162 0.4476354 0 -0.9238903 0.3826575 0 -0.9238903 0.3826575 0 -0.9488198 0.315818 0 -0.9488198 0.315818 0 -0.9689409 0.2472925 0 -0.9689409 0.2472925 0 -0.9841111 0.1775535 0 -0.9841111 0.1775535 0 -0.9942702 0.1068958 0 -0.9942702 0.1068958 0 -0.9993628 0.03569391 0 -0.9993628 0.03569391 0 0.2825899 -0.9592409 0 0.2825899 -0.9592409 0 0.3296141 -0.9441158 0 0.3296141 -0.9441158 0 0.3758267 -0.9266899 0 0.3758267 -0.9266899 0 0.4211335 -0.9069986 0 0.4211335 -0.9069986 0 0.4653938 -0.8851036 0 0.5085323 -0.8610429 0 0.4653938 -0.8851036 0 0.5085323 -0.8610429 0 0.5504158 -0.8348907 0 0.5909868 -0.8066812 0 0.5504158 -0.8348907 0 0.5909868 -0.8066812 0 0.6300767 -0.7765329 0 0.6300767 -0.7765329 0 0.6676699 -0.7444574 0 0.6676699 -0.7444574 0 0.7036061 -0.7105901 0 0.7036061 -0.7105901 0 0.7378257 -0.6749913 0 0.7378257 -0.6749913 0 0.7702702 -0.6377177 0 0.7702702 -0.6377177 0 0.8008005 -0.5989312 0 0.8008005 -0.5989312 0 0.8294173 -0.5586295 0 0.8294173 -0.5586295 0 0.8559662 -0.5170318 0 0.8559662 -0.5170318 0 0.8804705 -0.474101 0 0.8804705 -0.474101 0 0.9027948 -0.4300716 0 0.9027948 -0.4300716 0 0.9229303 -0.3849671 0 0.9229303 -0.3849671 0 0.94081 -0.3389345 0 0.94081 -0.3389345 0 0.9564059 -0.2920407 0 0.9696512 -0.2444926 0 0.9564059 -0.2920407 0 0.9696512 -0.2444926 0 0.980544 -0.1962994 0 0.980544 -0.1962994 0 0.989041 -0.1476416 0 0.989041 -0.1476416 0 0.9951258 -0.09861322 0 0.9951258 -0.09861322 0 0.9987791 -0.04939914 0 0.9987791 -0.04939914 0 1 0 0 1 0 0 0.9987791 0.04939914 0 0.9987791 0.04939914 0 0.9951258 0.09861322 0 0.9951258 0.09861322 0 0.989041 0.1476416 0 0.989041 0.1476416 0 0.980544 0.1962994 0 0.980544 0.1962994 0 0.9696512 0.2444926 0 0.9696512 0.2444926 0 0.9564059 0.2920407 0 0.94081 0.3389345 0 0.9564059 0.2920407 0 0.9229303 0.3849671 0 0.94081 0.3389345 0 0.9229303 0.3849671 0 0.9027948 0.4300716 0 0.9027948 0.4300716 0 0.8804705 0.474101 0 0.8559662 0.5170318 0 0.8804705 0.474101 0 0.8294173 0.5586295 0 0.8559662 0.5170318 0 0.8294173 0.5586295 0 0.8008005 0.5989312 0 0.7702702 0.6377177 0 0.8008005 0.5989312 0 0.7702702 0.6377177 0 0.7378257 0.6749913 0 0.7036061 0.7105901 0 0.7378257 0.6749913 0 0.6676699 0.7444574 0 0.7036061 0.7105901 0 0.6676699 0.7444574 0 0.6300767 0.7765329 0 0.6300767 0.7765329 0 0.5909868 0.8066812 0 0.5504158 0.8348907 0 0.5909868 0.8066812 0 0.5504158 0.8348907 0 0.5085323 0.8610429 0 0.5085323 0.8610429 0 0.4653938 0.8851036 0 0.4653938 0.8851036 0 0.4211335 0.9069986 0 0.4211335 0.9069986 0 0.3758267 0.9266899 0 0.3758267 0.9266899 0 0.3296141 0.9441158 0 0.3296141 0.9441158 0 0.2825899 0.9592409 0 0.2825899 0.9592409 0 -0.9993643 -0.03565124 -0 -0.9993643 -0.03565124 0 -0.9942722 -0.1068774 0 -0.9942722 -0.1068774 -0 -0.9841085 -0.1775683 0 -0.9841085 -0.1775683 -0 -0.9689282 -0.2473422 0 -0.948842 -0.3157512 0 -0.9689282 -0.2473422 -0 -0.948842 -0.3157512 0 -0.9238748 -0.3826949 0 -0.9238748 -0.3826949 -0 -0.894207 -0.4476537 0 -0.894207 -0.4476537 -0 -0.8600177 -0.5102642 0 -0.8600177 -0.5102642 -0 -0.8214114 -0.5703362 0 -0.778653 -0.6274548 0 -0.8214114 -0.5703362 -0 -0.778653 -0.6274548 0 -0.731894 -0.6814184 0 -0.731894 -0.6814184 -0 -0.6814256 -0.7318874 0 -0.6814256 -0.7318874 -0 -0.6274513 -0.7786558 0 -0.6274513 -0.7786558 -0 -0.5703558 -0.8213978 0 -0.5102512 -0.8600254 0 -0.5703558 -0.8213978 -0 -0.4476354 -0.8942162 0 -0.5102512 -0.8600254 0 -0.4476354 -0.8942162 0 -0.3826575 -0.9238903 0 -0.3826575 -0.9238903 -0 -0.315818 -0.9488198 0 -0.315818 -0.9488198 -0 -0.2472925 -0.9689409 0 -0.2472925 -0.9689409 -0 -0.1775535 -0.9841111 0 -0.1775535 -0.9841111 -0 -0.1068958 -0.9942702 0 -0.1068958 -0.9942702 -0 -0.03569391 -0.9993628 0 -0.03569391 -0.9993628 -0 0.03569119 -0.9993629 0 0.03569119 -0.9993629 0 0.1068958 -0.9942702 0 0.1068958 -0.9942702 0 0.1775535 -0.9841111 0 0.1775535 -0.9841111 0 0.2472925 -0.9689409 0 0.2472925 -0.9689409 0 0.315818 -0.9488198 0 0.315818 -0.9488198 0 0.3826844 -0.9238791 0 0.3826844 -0.9238791 0 0.4476048 -0.8942315 0 0.4476048 -0.8942315 0 0.5102847 -0.8600055 0 0.5102847 -0.8600055 0 0.57032 -0.8214226 0 0.57032 -0.8214226 0 0.6274513 -0.7786558 0 0.6274513 -0.7786558 0 0.6814256 -0.7318874 0 0.6814256 -0.7318874 0 0.731894 -0.6814184 0 0.731894 -0.6814184 0 0.778653 -0.6274548 0 0.778653 -0.6274548 0 0.8214114 -0.5703362 0 0.8214114 -0.5703362 0 0.8600177 -0.5102642 0 0.8600177 -0.5102642 0 0.894207 -0.4476537 0 0.894207 -0.4476537 0 0.9239017 -0.3826298 0 0.9239017 -0.3826298 0 0.9488192 -0.3158199 0 0.9488192 -0.3158199 0 0.9689282 -0.2473422 0 0.9689282 -0.2473422 0 0.9841218 -0.1774944 0 0.9942641 -0.1069529 0 0.9841218 -0.1774944 0 0.9942641 -0.1069529 0 0.9993643 -0.03565124 0 0.9993643 -0.03565124 0 0.9993643 0.03565124 0 0.9993643 0.03565124 0 0.9942641 0.1069529 0 0.9942641 0.1069529 0 0.9841218 0.1774944 0 0.9841218 0.1774944 0 0.9689282 0.2473422 0 0.9488192 0.3158199 -0 0.9689282 0.2473422 0 0.9488192 0.3158199 0 0.9239017 0.3826298 0 0.9239017 0.3826298 0 0.894207 0.4476537 0 0.894207 0.4476537 0 0.8600177 0.5102642 0 0.8600177 0.5102642 0 0.8214114 0.5703362 0 0.8214114 0.5703362 0 0.778653 0.6274548 0 0.778653 0.6274548 0 0.731894 0.6814184 0 0.731894 0.6814184 0 0.6814256 0.7318874 0 0.6814256 0.7318874 0 0.6274513 0.7786558 -0 0.6274513 0.7786558 0 0.57032 0.8214226 0 0.57032 0.8214226 0 0.5102847 0.8600055 -0 0.5102847 0.8600055 0 0.4476048 0.8942315 0 0.4476048 0.8942315 0 0.3826844 0.9238791 0 0.3826844 0.9238791 0 0.315818 0.9488198 -0 0.315818 0.9488198 0 0.2472925 0.9689409 0 0.2472925 0.9689409 0 0.1775535 0.9841111 0 0.1775535 0.9841111 0 0.1068958 0.9942702 0 0.1068958 0.9942702 0 0.03569119 0.9993629 -0 0.03569119 0.9993629 0 -0.03569391 0.9993628 0 -0.03569391 0.9993628 0 -0.1068958 0.9942702 0 -0.1068958 0.9942702 0 -0.1775535 0.9841111 0 -0.1775535 0.9841111 0 -0.2472925 0.9689409 0 -0.2472925 0.9689409 0 -0.315818 0.9488198 0 -0.315818 0.9488198 0 -0.3826575 0.9238903 0 -0.3826575 0.9238903 0 -0.4476354 0.8942162 0 -0.4476354 0.8942162 0 -0.5102512 0.8600254 0 -0.5102512 0.8600254 0 -0.5703558 0.8213978 0 -0.5703558 0.8213978 0 -0.6274513 0.7786558 0 -0.6274513 0.7786558 0 -0.6814256 0.7318874 0 -0.731894 0.6814184 0 -0.6814256 0.7318874 0 -0.731894 0.6814184 0 -0.778653 0.6274548 0 -0.778653 0.6274548 0 -0.8214114 0.5703362 0 -0.8214114 0.5703362 0 -0.8600177 0.5102642 0 -0.8600177 0.5102642 0 -0.894207 0.4476537 0 -0.894207 0.4476537 0 -0.9238748 0.3826949 0 -0.9238748 0.3826949 0 -0.948842 0.3157512 0 -0.948842 0.3157512 0 -0.9689282 0.2473422 0 -0.9689282 0.2473422 0 -0.9841085 0.1775683 0 -0.9841085 0.1775683 0 -0.9942722 0.1068774 0 -0.9942722 0.1068774 0 -0.9993643 0.03565124 0 -0.9993643 0.03565124 0 0.9592409 0.2825899 0 0.9592409 0.2825899 0 0.9441158 0.3296141 0 0.9441158 0.3296141 0 0.9266899 0.3758267 0 0.9266899 0.3758267 0 0.9069986 0.4211335 0 0.8851036 0.4653938 0 0.9069986 0.4211335 0 0.8851036 0.4653938 0 0.8610429 0.5085323 0 0.8348907 0.5504158 0 0.8610429 0.5085323 0 0.8348907 0.5504158 0 0.8066812 0.5909868 0 0.8066812 0.5909868 0 0.7765329 0.6300767 0 0.7444574 0.6676699 0 0.7765329 0.6300767 0 0.7444574 0.6676699 0 0.7105901 0.7036061 0 0.6749913 0.7378257 0 0.7105901 0.7036061 0 0.6749913 0.7378257 0 0.6377177 0.7702702 0 0.6377177 0.7702702 0 0.5989312 0.8008005 0 0.5989312 0.8008005 0 0.5586295 0.8294173 0 0.5586295 0.8294173 0 0.5170318 0.8559662 0 0.5170318 0.8559662 0 0.474101 0.8804705 0 0.4300716 0.9027948 0 0.474101 0.8804705 0 0.4300716 0.9027948 0 0.3849671 0.9229303 0 0.3849671 0.9229303 0 0.3389345 0.94081 0 0.3389345 0.94081 0 0.2920407 0.9564059 0 0.2444926 0.9696512 0 0.2920407 0.9564059 0 0.2444926 0.9696512 0 0.1962994 0.980544 0 0.1962994 0.980544 0 0.1476416 0.989041 0 0.1476416 0.989041 0 0.09861322 0.9951258 0 0.09861322 0.9951258 0 0.04939914 0.9987791 0 0.04939914 0.9987791 0 -0 1 0 0 1 0 -0.04939914 0.9987791 0 -0.04939914 0.9987791 0 -0.09861322 0.9951258 0 -0.09861322 0.9951258 0 -0.1476416 0.989041 0 -0.1476416 0.989041 0 -0.1962994 0.980544 0 -0.1962994 0.980544 0 -0.2444926 0.9696512 0 -0.2920407 0.9564059 0 -0.2444926 0.9696512 0 -0.3389345 0.94081 0 -0.2920407 0.9564059 0 -0.3389345 0.94081 0 -0.3849671 0.9229303 0 -0.3849671 0.9229303 0 -0.4300716 0.9027948 0 -0.4300716 0.9027948 0 -0.474101 0.8804705 0 -0.474101 0.8804705 0 -0.5170318 0.8559662 0 -0.5586295 0.8294173 0 -0.5170318 0.8559662 0 -0.5989312 0.8008005 0 -0.5586295 0.8294173 0 -0.5989312 0.8008005 0 -0.6377177 0.7702702 0 -0.6377177 0.7702702 0 -0.6749913 0.7378257 0 -0.7105901 0.7036061 0 -0.6749913 0.7378257 0 -0.7444574 0.6676699 0 -0.7105901 0.7036061 0 -0.7765329 0.6300767 0 -0.7444574 0.6676699 0 -0.7765329 0.6300767 0 -0.8066812 0.5909868 0 -0.8348907 0.5504158 0 -0.8066812 0.5909868 0 -0.8348907 0.5504158 0 -0.8610429 0.5085323 0 -0.8610429 0.5085323 0 -0.8851036 0.4653938 0 -0.8851036 0.4653938 0 -0.9069986 0.4211335 0 -0.9069986 0.4211335 0 -0.9266899 0.3758267 0 -0.9266899 0.3758267 0 -0.9441158 0.3296141 0 -0.9441158 0.3296141 0 -0.9592409 0.2825899 0 -0.9592409 0.2825899 0 -0.9993628 -0.03569391 -0 -0.9993628 -0.03569391 0 -0.9942702 -0.1068958 0 -0.9942702 -0.1068958 -0 -0.9841111 -0.1775535 0 -0.9841111 -0.1775535 -0 -0.9689409 -0.2472925 0 -0.9488198 -0.315818 0 -0.9689409 -0.2472925 -0 -0.9488198 -0.315818 0 -0.9238903 -0.3826575 0 -0.9238903 -0.3826575 -0 -0.8942162 -0.4476354 0 -0.8942162 -0.4476354 -0 -0.8600254 -0.5102512 0 -0.8600254 -0.5102512 -0 -0.8213978 -0.5703558 0 -0.7786558 -0.6274513 0 -0.8213978 -0.5703558 -0 -0.7786558 -0.6274513 0 -0.7318874 -0.6814256 0 -0.7318874 -0.6814256 -0 -0.6814184 -0.731894 0 -0.6814184 -0.731894 -0 -0.6274548 -0.778653 0 -0.6274548 -0.778653 -0 -0.5703362 -0.8214114 0 -0.5102642 -0.8600177 0 -0.5703362 -0.8214114 -0 -0.4476537 -0.894207 0 -0.5102642 -0.8600177 0 -0.4476537 -0.894207 0 -0.3826949 -0.9238748 0 -0.3826949 -0.9238748 -0 -0.3157512 -0.948842 0 -0.3157512 -0.948842 -0 -0.2473422 -0.9689282 0 -0.2473422 -0.9689282 -0 -0.1775683 -0.9841085 0 -0.1775683 -0.9841085 -0 -0.1068774 -0.9942722 0 -0.1068774 -0.9942722 -0 -0.03565124 -0.9993643 0 -0.03565124 -0.9993643 -0 0.03565124 -0.9993643 0 0.03565124 -0.9993643 0 0.1068774 -0.9942722 0 0.1068774 -0.9942722 0 0.1775683 -0.9841085 0 0.1775683 -0.9841085 0 0.2473422 -0.9689282 0 0.2473422 -0.9689282 0 0.3157512 -0.948842 0 0.3157512 -0.948842 0 0.3826949 -0.9238748 0 0.3826949 -0.9238748 0 0.4476537 -0.894207 0 0.4476537 -0.894207 0 0.5102642 -0.8600177 0 0.5102642 -0.8600177 0 0.5703362 -0.8214114 0 0.5703362 -0.8214114 0 0.6274548 -0.778653 0 0.6274548 -0.778653 0 0.6814184 -0.731894 0 0.6814184 -0.731894 0 0.7318874 -0.6814256 0 0.7318874 -0.6814256 0 0.7786558 -0.6274513 0 0.7786558 -0.6274513 0 0.8213978 -0.5703558 0 0.8213978 -0.5703558 0 0.8600254 -0.5102512 0 0.8600254 -0.5102512 0 0.8942162 -0.4476354 0 0.8942162 -0.4476354 0 0.9238903 -0.3826575 0 0.9238903 -0.3826575 0 0.9488198 -0.315818 0 0.9488198 -0.315818 0 0.9689409 -0.2472925 0 0.9689409 -0.2472925 0 0.9841111 -0.1775535 0 0.9942702 -0.1068958 0 0.9841111 -0.1775535 0 0.9942702 -0.1068958 0 0.9993628 -0.03569391 0 0.9993628 -0.03569391 0 0.9993629 0.03569119 0 0.9993629 0.03569119 0 0.9942702 0.1068958 0 0.9942702 0.1068958 0 0.9841111 0.1775535 0 0.9841111 0.1775535 0 0.9689409 0.2472925 0 0.9488198 0.315818 -0 0.9689409 0.2472925 0 0.9488198 0.315818 0 0.9238791 0.3826844 0 0.9238791 0.3826844 0 0.8942315 0.4476048 0 0.8942315 0.4476048 0 0.8600055 0.5102847 0 0.8600055 0.5102847 0 0.8214226 0.57032 0 0.8214226 0.57032 0 0.7786558 0.6274513 0 0.7786558 0.6274513 0 0.7318874 0.6814256 0 0.7318874 0.6814256 0 0.6814184 0.731894 0 0.6814184 0.731894 0 0.6274548 0.778653 -0 0.6274548 0.778653 0 0.5703362 0.8214114 0 0.5703362 0.8214114 0 0.5102642 0.8600177 -0 0.5102642 0.8600177 0 0.4476537 0.894207 0 0.4476537 0.894207 0 0.3826298 0.9239017 0 0.3826298 0.9239017 0 0.3158199 0.9488192 -0 0.3158199 0.9488192 0 0.2473422 0.9689282 0 0.2473422 0.9689282 0 0.1774944 0.9841218 0 0.1774944 0.9841218 0 0.1069529 0.9942641 0 0.1069529 0.9942641 0 0.03565124 0.9993643 -0 0.03565124 0.9993643 0 -0.03565124 0.9993643 0 -0.03565124 0.9993643 0 -0.1069529 0.9942641 0 -0.1069529 0.9942641 0 -0.1774944 0.9841218 0 -0.1774944 0.9841218 0 -0.2473422 0.9689282 0 -0.2473422 0.9689282 0 -0.3158199 0.9488192 0 -0.3158199 0.9488192 0 -0.3826298 0.9239017 0 -0.3826298 0.9239017 0 -0.4476537 0.894207 0 -0.4476537 0.894207 0 -0.5102642 0.8600177 0 -0.5102642 0.8600177 0 -0.5703362 0.8214114 0 -0.5703362 0.8214114 0 -0.6274548 0.778653 0 -0.6274548 0.778653 0 -0.6814184 0.731894 0 -0.7318874 0.6814256 0 -0.6814184 0.731894 0 -0.7318874 0.6814256 0 -0.7786558 0.6274513 0 -0.7786558 0.6274513 0 -0.8214226 0.57032 0 -0.8214226 0.57032 0 -0.8600055 0.5102847 0 -0.8600055 0.5102847 0 -0.8942315 0.4476048 0 -0.8942315 0.4476048 0 -0.9238791 0.3826844 0 -0.9238791 0.3826844 0 -0.9488198 0.315818 0 -0.9488198 0.315818 0 -0.9689409 0.2472925 0 -0.9689409 0.2472925 0 -0.9841111 0.1775535 0 -0.9841111 0.1775535 0 -0.9942702 0.1068958 0 -0.9942702 0.1068958 0 -0.9993629 0.03569119 0 -0.9993629 0.03569119 0 0 0 1 0 0 1 0 0 1 0 0 1 0 0 1 0 0 1 0 0 1 0 0 1 0 0 1 0 0 1 0 0 1 0 0 1 0 0 1 0 0 1 0 0 1 0 0 1 0 0 1 0 0 1 0 0 1 0 0 1 0 0 1 0 0 1 0 0 1 0 0 1 0 0 1 0 0 1 0 0 1 0 0 1 0 0 1 0 0 1 0 0 1 0 0 1 0 0 1 0 0 1 0 0 1 0 0 1 0 0 1 0 0 1 0 0 1 0 0 1 0 0 1 0 0 1 0 0 1 0 0 1 0 0 1 0 0 1 0 0 1 0 0 1 0 0 1 0 0 1 0 0 1 0 0 1 0 0 1 0 0 1 0 0 1 0 0 1 0 0 1 0 0 1 0 0 1 0 0 1 0 0 1 0 0 1 0 0 1 0 0 1 0 0 1 0 0 1 0 0 1 0 0 1 0 0 1 0 0 1 0 0 1 0 0 1 0 0 1 0 0 1 0 0 1 0 0 1 0 0 1 0 0 1 0 0 1 0 0 1 0 0 1 0 0 1 0 0 1 0 0 1 0 0 1 0 0 1 0 0 1 0 0 1 0 0 1 0 0 1 0 0 1 0 0 1 0 0 1 0 0 1 0 0 1 0 0 1 0 0 1 0 0 1 0 0 1 0 0 1 0 0 1 0 0 1 0 0 1 0 0 1 0 0 1 0 0 1 0 0 1 0 0 1 0 0 1 0 0 1 0 0 1 0 0 1 0 0 1 0 0 1 0 0 1 0 0 1 0 0 1 0 0 1 0 0 1 0 0 1 0 0 1 0 0 1 0 0 1 0 0 1 0 0 1 0 0 1 0 0 1 0 0 1 0 0 1 0 0 1 0 0 1 0 0 1 0 0 1 0 0 1 0 0 1 0 0 1 0 0 1 0 0 1 0 0 1 0 0 1 0 0 1 0 0 1 0 0 1 0 0 1 0 0 1 0 0 1 0 0 1 0 0 1 0 0 1 0 0 1 0 0 1 0 0 1 0 0 1 0 0 1 0 0 1 0 0 1 0 0 1 0 0 1 0 0 1 0 0 1 0 0 1 0 0 1 0 0 1 0 0 1 0 0 1 0 0 1 0 0 1 0 0 1 0 0 1 0 0 1 0 0 1 0 0 1 0 0 1 0 0 1 0 0 1 0 0 1 0 0 1 0 0 1 0 0 1 0 0 1 0 0 1 0 0 1 0 0 1 0 0 1 0 0 1 0 0 1 0 0 1 0 0 1 0 0 1 0 0 1 0 0 1 0 0 1 0 0 1 0 0 1 0 0 1 0 0 1 0 0 1 0 0 1 0 0 1 0 0 1 0 0 1 0 0 1 0 0 1 0 0 1 0 0 1 0 0 1 0 0 1 0 0 1 0 0 1 0 0 1 0 0 1 0 0 1 0 0 1 0 0 1 0 0 1 0 0 1 0 0 1 0 0 1 0 0 1 0 0 1 0 0 1 0 0 1 0 0 1 0 0 1 0 0 1 0 0 1 0 0 1 0 0 1 0 0 1 0 0 1 0 0 1 0 0 1 0 0 1 0 0 1 0 0 1 0 0 1 0 0 1 0 0 1 0 0 1 0 0 1 0 0 1 0 0 1 0 0 1 0 0 1 0 0 1 0 0 1 0 0 1 0 0 1 0 0 1 0 0 1 0 0 1 0 0 1 0 0 1 0 0 1 0 0 1 0 0 1 0 0 1 0 0 1 0 0 1 0 0 1 0 0 1 0 0 1 0 0 1 0 0 1 0 0 1 0 0 1 0 0 1 0 0 1 0 0 1 0 0 1 0 0 1 0 0 1 0 0 1 0 0 1 0 0 1 0 0 1 0 0 1 0 0 1 0 0 1 0 0 1 0 0 1 0 0 1 0 0 1 0 0 1 0 0 1 0 0 1 0 0 1 0 0 1 0 0 1 0 0 1 0 0 1 0 0 1 0 0 1 0 0 1 0 0 1 0 0 1 0 0 1 0 0 1 0 0 1 0 0 1 0 0 1 0 0 1 0 0 1 0 0 1 0 0 1 0 0 1 0 0 1 0 0 1 0 0 1 0 0 1 0 0 1 0 0 1 0 0 1 0 0 1 0 0 1 0 0 1 0 0 1 0 0 1 0 0 1 0 0 1 0 0 1 0 0 1 0 0 1 0 0 1 0 0 1 0 0 1 0 0 1 0 0 1 0 0 1 0 0 1 0 0 1 0 0 1 0 0 1 0 0 1 0 0 1 0 0 1 0 0 1 0 0 1 0 0 1 0 0 1 0 0 1 0 0 1 0 0 1 0 0 1 0 0 1 0 0 1 0 0 1 0 0 1 0 0 1 0 0 1 0 0 1 0 0 1 0 0 1 0 0 1 0 0 1 0 0 1 0 0 1 0 0 1 0 0 1 0 0 1 0 0 1 0 0 1 0 0 1 0 0 1 0 0 1 0 0 1 0 0 1 0 0 1 0 0 1 0 0 1 0 0 1 0 0 1 0 0 1 0 0 1 0 0 1 0 0 1 0 0 1 0 0 1 0 0 1 0 0 1 0 0 1 0 0 1 0 0 1 0 0 1 0 0 1 0 0 1 0 0 1 0 0 1 0 0 1 0 0 1 0 0 1 0 0 1 0 0 1 0 0 1 0 0 1 0 0 1 0 0 1 0 0 1 0 0 1 0 0 1 0 0 1 0 0 1 0 0 1 0 0 1 0 0 1 0 0 1 0 0 1 0 0 1 0 0 1 0 0 1 0 0 1 0 0 1 0 0 1 0 0 1 0 0 1 0 0 1 0 0 1 0 0 1 0 0 1 0 0 1 0 0 1 0 0 1 0 0 1 0 0 1 0 0 1 0 0 1 0 0 1 0 0 1 0 0 1 0 0 1 0 0 1 0 0 1 0 0 1 0 0 1 0 0 1 0 0 1 0 0 1 0 0 1 0 0 1 0 0 1 0 0 1 0 0 1 0 0 1 0 0 1 0 0 1 0 0 1 0 0 1 0 0 1 0 0 1 0 0 1 0 0 1 0 0 1 0 0 1 0 0 1 0 0 1 0 0 1 0 0 1 0 0 1 0 0 1 0 0 1 0 0 1 0 0 1 0 0 1 0 0 1 0 0 1 0 0 1 0 0 1 0 0 1 0 0 1 0 0 1 0 0 1 0 0 1 0 0 1 0 0 1 0 0 1 0 0 1 0 0 1 0 0 1 0 0 1 0 0 1 0 0 1 0 0 1 0 0 1 0 0 1 0 0 1 0 0 1 0 0 1 0 0 1 0 0 1 0 0 1 0 0 1 0 0 1 0 0 1 0 0 1 0 0 1 0 0 1 0 0 1 0 0 1 0 0 1 0 0 1 0 0 1 0 0 1 0 0 1 0 0 1 0 0 1 0 0 1 0 0 1 0 0 1 0 0 1 0 0 1 0 0 1 0 0 1 0 0 1 0 0 1 0 0 1 0 0 1 0 0 1 0 0 1 0 0 1 0 0 1 0 0 1 0 0 1 0 0 1 0 0 1 0 0 1 0 0 1 0 0 1 0 0 1 0 0 1 0 0 1 0 0 1 0 0 1 0 0 1 0 0 1 0 0 1 0 0 1 0 0 1 0 0 1 0 0 1 0 0 1 0 0 1 0 0 1 0 0 1 0 0 1 0 0 1 0 0 1 0 0 1 0 0 1 0 0 1 0 0 1 0 0 1 0 0 1 0 0 1 0 0 1 0 0 1 0 0 1 0 0 1 0 0 1 0 0 1 0 0 1 0 0 1 0 0 1 0 0 1 0 0 1 0 0 1 0 0 1 0 0 1 0 0 1 0 0 1 0 0 1 0 0 1 0 0 1 0 0 1 0 0 1 0 0 1 0 0 1 0 0 1 0 0 1 0 0 1 0 0 1 0 0 1 0 0 1 0 0 1 0 0 1 0 0 1 0 0 1 0 0 1 0 0 1 0 0 1 0 0 1 0 0 1 0 0 1 0 0 1 0 0 1 0 0 1 0 0 1 0 0 1 0 0 1 0 0 1 0 0 1 0 0 1 0 0 1 0 0 1 0 0 1 0 0 1 0 0 1 0 0 1 0 0 1 0 0 1 0 0 1 0 0 1 0 0 1 0 0 1 0 0 1 0 0 1 0 0 1 0 0 1 0 0 1 0 0 1 0 0 1 0 0 1 0 0 1 0 0 1 0 0 1 0 0 1 0 0 1 0 0 1 0 0 1 0 0 1 0 0 1 0 0 1 0 0 1 0 0 1 0 0 1 0 0 1 0 0 1 0 0 1 0 0 1 0 0 1 0 0 1 0 0 1 0 0 1 0 0 1 0 0 1 0 0 1 0 0 1 0 0 1 0 0 1 0 0 1 0 0 1 0 0 1 0 0 1 0 0 1 0 0 1 0 0 1 0 0 1 0 0 1 0 0 1 0 0 1 0 0 1 0 0 1 0 0 1 0 0 1 0 0 1 0 0 1 0 0 1 0 0 1 0 0 1 0 0 1 0 0 1 0 0 1 0 0 1 0 0 1 0 0 1 0 0 1 0 0 1 0 0 1 0 0 1 0 0 1 0 0 1 0 0 1 0 0 1 0 0 1 0 0 1 0 0 1 0 0 1 0 0 1 0 0 1 0 0 1 0 0 1 0 0 1 0 0 1 0 0 1 0 0 1 0 0 1 0 0 1 0 0 1 0 0 1 0 0 1 0 0 1 0 0 1 0 0 1 0 0 1 0 0 1 0 0 1 0 0 1 0 0 1 0 0 1 0 0 1 0 0 1 0 0 1 0 0 1 0 0 1 0 0 1 0 0 1 0 0 1 0 0 1 0 0 1 0 0 1 0 0 1 0 0 1 0 0 1 0 0 1 0 0 1 0 0 1 0 0 1 0 0 1 0 0 1 0 0 1 0 0 1 0 0 1 0 0 1 0 0 1 0 0 1 0 0 1 0 0 1 0 0 1 0 0 1 0 0 1 0 0 1 0 0 1 0 0 1 0 0 1 0 0 1 0 0 1 0 0 1 0 0 1 0 0 1 0 0 1 0 0 1 0 0 1 0 0 1 0 0 1 0 0 1 0 0 1 0 0 1 0 0 1 0 0 1 0 0 1 0 0 1 0 0 1 0 0 1 0 0 1 0 0 1 0 0 1 0 0 1 0 0 1 0 0 1 0 0 1 0 0 1 0 0 1 0 0 1 0 0 1 0 0 1 0 0 1 0 0 1 0 0 1 0 0 1 0 0 1 0 0 1 0 0 1 0 0 1 0 0 1 0 0 1 0 0 1 0 0 1 0 0 1 0 0 1 0 0 1 0 0 1 0 0 1 0 0 1 0 0 1 0 0 1 0 0 1 0 0 1 0 0 1 0 0 1 0 0 1 0 0 1 0 0 1 0 0 1 0 0 1 0 0 1 0 0 1 0 0 1 0 0 1 0 0 1 0 0 1 0 0 1 0 0 1 0 0 1 0 0 1 0 0 1 0 0 1 0 0 1 0 0 1 0 0 1 0 0 1 0 0 1 0 0 1 0 0 1</float_array>
          <technique_common>
            <accessor count="7676" source="#cubenormals-array0-array" stride="3">
              <param type="float" name="X" />
              <param type="float" name="Y" />
              <param type="float" name="Z" />
            </accessor>
          </technique_common>
        </source>
        <vertices id="cubeverts-array0-vertices">
          <input semantic="POSITION" source="#cubeverts-array0" />
        </vertices>
        <triangles count="7676" material="ref_Part__Feature058">
          <input offset="0" semantic="VERTEX" source="#cubeverts-array0-vertices" />
          <input offset="1" semantic="NORMAL" source="#cubenormals-array0" />
          <p>0 0 1 0 2 0 2 1 1 1 3 1 3 2 1 2 4 2 4 3 1 3 5 3 5 4 1 4 6 4 6 5 1 5 7 5 8 6 9 6 10 6 10 7 11 7 8 7 12 8 11 8 10 8 9 9 13 9 10 9 12 10 14 10 11 10 13 11 15 11 10 11 12 12 16 12 14 12 12 13 17 13 16 13 15 14 18 14 10 14 12 15 19 15 17 15 18 16 20 16 10 16 10 17 20 17 21 17 20 18 22 18 21 18 12 19 23 19 19 19 22 20 24 20 21 20 12 21 25 21 23 21 26 22 25 22 12 22 24 23 27 23 21 23 26 24 28 24 25 24 27 25 29 25 21 25 26 26 30 26 28 26 26 27 31 27 30 27 21 28 32 28 0 28 29 29 32 29 21 29 0 30 33 30 1 30 32 31 33 31 0 31 26 32 34 32 31 32 33 33 35 33 1 33 36 34 37 34 26 34 26 35 37 35 34 35 36 36 38 36 37 36 35 37 39 37 1 37 40 38 41 38 42 38 43 39 41 39 40 39 42 40 44 40 40 40 44 41 45 41 40 41 43 42 46 42 41 42 45 43 47 43 40 43 43 44 48 44 46 44 43 45 49 45 48 45 47 46 50 46 40 46 36 47 51 47 38 47 39 48 52 48 1 48 43 49 53 49 49 49 50 50 54 50 40 50 40 51 55 51 56 51 54 52 55 52 40 52 43 53 57 53 53 53 52 54 58 54 1 54 43 55 59 55 57 55 55 56 60 56 56 56 60 57 61 57 56 57 43 58 62 58 59 58 63 59 62 59 43 59 58 60 64 60 1 60 63 61 65 61 62 61 61 62 66 62 56 62 66 63 67 63 56 63 63 64 68 64 65 64 64 65 69 65 1 65 67 66 70 66 56 66 56 67 70 67 36 67 63 68 71 68 68 68 69 69 72 69 1 69 63 70 73 70 71 70 70 71 74 71 36 71 72 72 75 72 1 72 63 73 76 73 73 73 74 74 77 74 36 74 75 75 78 75 1 75 63 76 79 76 76 76 36 77 80 77 51 77 77 78 80 78 36 78 51 79 80 79 81 79 81 80 82 80 83 80 80 81 82 81 81 81 63 82 84 82 79 82 85 83 84 83 63 83 78 84 86 84 1 84 83 85 87 85 88 85 82 86 87 86 83 86 85 87 89 87 84 87 86 88 90 88 1 88 85 89 91 89 89 89 88 90 92 90 93 90 87 91 92 91 88 91 90 92 94 92 1 92 85 93 95 93 91 93 93 94 96 94 97 94 92 95 96 95 93 95 94 96 98 96 1 96 97 97 99 97 100 97 96 98 99 98 97 98 85 99 101 99 95 99 98 100 102 100 1 100 85 101 103 101 101 101 99 102 104 102 100 102 100 103 104 103 105 103 102 104 106 104 1 104 85 105 107 105 103 105 108 106 107 106 85 106 104 107 109 107 105 107 105 108 109 108 110 108 106 109 111 109 1 109 108 110 112 110 107 110 109 111 113 111 110 111 111 112 114 112 1 112 108 113 115 113 112 113 114 114 116 114 1 114 116 115 117 115 1 115 108 116 118 116 115 116 117 117 119 117 1 117 108 118 120 118 118 118 121 119 120 119 108 119 119 120 122 120 1 120 121 121 123 121 120 121 122 122 124 122 1 122 121 123 125 123 123 123 124 124 126 124 1 124 126 125 127 125 1 125 121 126 128 126 125 126 129 127 130 127 121 127 121 128 130 128 128 128 129 129 131 129 130 129 129 130 132 130 131 130 129 131 133 131 132 131 134 132 133 132 129 132 134 133 135 133 133 133 134 134 136 134 135 134 134 135 137 135 136 135 113 136 138 136 110 136 139 137 140 137 113 137 113 138 140 138 138 138 110 139 141 139 142 139 138 140 141 140 110 140 141 141 143 141 142 141 144 142 143 142 145 142 142 143 143 143 144 143 139 144 146 144 140 144 147 145 146 145 139 145 148 146 146 146 147 146 143 147 149 147 145 147 145 148 149 148 150 148 148 149 151 149 146 149 148 150 152 150 151 150 153 151 152 151 148 151 149 152 154 152 150 152 150 153 154 153 155 153 153 154 156 154 152 154 157 155 156 155 153 155 158 156 156 156 157 156 154 157 159 157 155 157 155 158 160 158 161 158 159 159 160 159 155 159 158 160 162 160 156 160 158 161 163 161 162 161 164 162 163 162 158 162 165 163 163 163 164 163 160 164 166 164 161 164 161 165 166 165 167 165 166 166 168 166 167 166 167 167 168 167 169 167 165 168 170 168 163 168 165 169 171 169 170 169 172 170 171 170 165 170 168 171 173 171 169 171 174 172 173 172 175 172 169 173 173 173 174 173 172 174 176 174 171 174 177 175 176 175 172 175 173 176 178 176 175 176 178 177 179 177 175 177 180 178 179 178 181 178 175 179 179 179 180 179 177 180 182 180 176 180 183 181 182 181 177 181 184 182 185 182 183 182 183 183 185 183 182 183 181 184 186 184 187 184 179 185 186 185 181 185 188 186 189 186 184 186 184 187 189 187 185 187 186 188 190 188 187 188 191 189 192 189 188 189 188 190 192 190 189 190 187 191 193 191 194 191 190 192 193 192 187 192 194 193 195 193 196 193 193 194 195 194 194 194 197 195 198 195 191 195 191 196 198 196 192 196 195 197 199 197 196 197 196 198 199 198 200 198 201 199 202 199 197 199 197 200 202 200 198 200 203 201 204 201 201 201 201 202 204 202 202 202 200 203 205 203 206 203 199 204 205 204 200 204 207 205 208 205 203 205 203 206 208 206 204 206 205 207 209 207 206 207 206 208 209 208 210 208 210 209 211 209 212 209 209 210 211 210 210 210 213 211 214 211 207 211 215 212 214 212 213 212 207 213 214 213 208 213 215 214 216 214 214 214 217 215 218 215 219 215 212 216 218 216 217 216 211 217 218 217 212 217 220 218 221 218 215 218 215 219 221 219 216 219 218 220 222 220 219 220 223 221 224 221 220 221 225 222 224 222 223 222 220 223 224 223 221 223 219 224 226 224 227 224 222 225 226 225 219 225 225 226 228 226 224 226 229 227 230 227 231 227 227 228 230 228 229 228 226 229 230 229 227 229 230 230 232 230 231 230 233 231 234 231 225 231 225 232 234 232 228 232 235 233 236 233 233 233 233 234 236 234 234 234 237 235 238 235 239 235 231 236 238 236 237 236 232 237 238 237 231 237 239 238 240 238 241 238 238 239 240 239 239 239 242 240 243 240 235 240 235 241 243 241 236 241 242 242 244 242 243 242 245 243 244 243 242 243 240 244 246 244 241 244 246 245 247 245 241 245 248 246 247 246 249 246 241 247 247 247 248 247 247 248 250 248 249 248 7 249 251 249 252 249 252 250 251 250 253 250 253 251 251 251 254 251 254 252 251 252 255 252 255 253 251 253 256 253 1 254 251 254 7 254 256 255 251 255 257 255 257 256 251 256 258 256 258 257 251 257 259 257 260 258 261 258 262 258 263 259 261 259 260 259 264 260 261 260 263 260 265 261 261 261 264 261 266 262 261 262 265 262 267 263 261 263 266 263 268 264 261 264 267 264 269 265 261 265 268 265 270 266 261 266 269 266 271 267 261 267 270 267 272 268 261 268 271 268 273 269 261 269 272 269 274 270 261 270 273 270 275 271 261 271 274 271 276 272 261 272 275 272 277 273 261 273 276 273 278 274 261 274 277 274 279 275 261 275 278 275 280 276 261 276 279 276 281 277 261 277 280 277 282 278 261 278 281 278 283 279 261 279 282 279 284 280 261 280 283 280 285 281 261 281 284 281 286 282 261 282 285 282 287 283 261 283 286 283 288 284 261 284 287 284 244 285 261 285 288 285 289 286 261 286 245 286 290 287 261 287 289 287 291 288 261 288 290 288 292 289 261 289 291 289 136 290 261 290 292 290 137 291 261 291 136 291 293 292 261 292 294 292 294 293 261 293 137 293 295 294 261 294 296 294 262 295 261 295 295 295 245 296 261 296 244 296 297 297 298 297 299 297 299 298 298 298 300 298 300 299 298 299 301 299 251 300 298 300 259 300 259 301 298 301 302 301 302 302 298 302 303 302 303 303 298 303 304 303 304 304 298 304 305 304 305 305 298 305 306 305 306 306 298 306 297 306 251 307 307 307 298 307 308 308 309 308 310 308 310 309 311 309 308 309 312 310 311 310 310 310 309 311 313 311 310 311 312 312 314 312 311 312 312 313 315 313 314 313 313 314 316 314 310 314 310 315 316 315 317 315 316 316 318 316 317 316 312 317 319 317 315 317 312 318 320 318 319 318 318 319 321 319 317 319 321 320 322 320 317 320 312 321 323 321 320 321 312 322 324 322 323 322 325 323 324 323 312 323 317 324 326 324 327 324 322 325 326 325 317 325 326 326 328 326 327 326 325 327 329 327 324 327 325 328 330 328 329 328 328 329 331 329 327 329 331 330 332 330 327 330 327 331 332 331 333 331 325 332 334 332 330 332 325 333 335 333 334 333 332 334 336 334 333 334 325 335 337 335 335 335 336 336 338 336 333 336 333 337 338 337 339 337 325 338 340 338 337 338 341 339 342 339 325 339 325 340 342 340 340 340 341 341 343 341 342 341 341 342 344 342 343 342 341 343 345 343 344 343 341 344 346 344 345 344 341 345 347 345 346 345 341 346 348 346 347 346 349 347 350 347 341 347 341 348 350 348 348 348 349 349 351 349 350 349 349 350 352 350 351 350 349 351 353 351 352 351 349 352 354 352 353 352 349 353 355 353 354 353 349 354 356 354 355 354 349 355 357 355 356 355 349 356 358 356 357 356 359 357 358 357 360 357 361 358 358 358 359 358 362 359 358 359 361 359 363 360 358 360 362 360 357 361 358 361 363 361 293 362 364 362 261 362 365 363 364 363 338 363 366 364 364 364 365 364 367 365 364 365 366 365 368 366 364 366 367 366 369 367 364 367 368 367 339 368 364 368 370 368 370 369 364 369 293 369 338 370 364 370 339 370 261 371 364 371 307 371 358 372 371 372 360 372 372 373 371 373 373 373 374 374 371 374 372 374 360 375 371 375 374 375 375 376 376 376 377 376 377 377 376 377 378 377 377 378 379 378 380 378 378 379 379 379 377 379 380 380 381 380 382 380 379 381 381 381 380 381 383 382 384 382 375 382 375 383 384 383 376 383 383 384 385 384 384 384 386 385 385 385 383 385 387 386 388 386 389 386 382 387 388 387 387 387 381 388 388 388 382 388 386 389 390 389 385 389 391 390 390 390 386 390 389 391 392 391 369 391 388 392 392 392 389 392 391 393 393 393 390 393 394 394 393 394 391 394 392 395 395 395 369 395 369 396 395 396 364 396 394 397 396 397 393 397 397 398 396 398 394 398 398 399 396 399 397 399 395 400 399 400 364 400 398 401 400 401 396 401 399 402 401 402 364 402 401 403 402 403 364 403 403 404 404 404 398 404 398 405 404 405 400 405 402 406 405 406 364 406 403 407 406 407 404 407 407 408 406 408 403 408 407 409 408 409 406 409 409 410 408 410 407 410 405 411 410 411 364 411 411 412 412 412 409 412 409 413 412 413 408 413 410 414 413 414 364 414 413 415 414 415 364 415 411 416 415 416 412 416 416 417 415 417 411 417 414 418 417 418 364 418 416 419 418 419 415 419 419 420 418 420 416 420 420 421 418 421 419 421 417 422 421 422 364 422 420 423 422 423 418 423 423 424 424 424 420 424 420 425 424 425 422 425 421 426 425 426 364 426 425 427 426 427 364 427 423 428 427 428 424 428 428 429 427 429 423 429 429 430 427 430 428 430 430 431 431 431 429 431 429 432 431 432 427 432 426 433 432 433 364 433 430 434 433 434 431 434 432 435 434 435 364 435 434 436 435 436 364 436 436 437 437 437 430 437 430 438 437 438 433 438 435 439 438 439 364 439 439 440 440 440 436 440 436 441 440 441 437 441 441 442 442 442 439 442 443 443 442 443 441 443 439 444 442 444 440 444 438 445 444 445 364 445 444 446 445 446 364 446 443 447 446 447 442 447 445 448 447 448 364 448 447 449 448 449 364 449 448 450 449 450 364 450 449 451 450 451 364 451 450 452 451 452 364 452 451 453 452 453 364 453 452 454 453 454 364 454 453 455 454 455 364 455 454 456 455 456 364 456 455 457 456 457 364 457 456 458 457 458 364 458 457 459 458 459 364 459 458 460 459 460 364 460 301 461 460 461 461 461 461 462 460 462 462 462 462 463 460 463 463 463 463 464 460 464 464 464 298 465 460 465 301 465 460 466 465 466 464 466 460 467 466 467 465 467 467 468 468 468 443 468 443 469 468 469 446 469 467 470 469 470 468 470 470 471 469 471 467 471 468 472 471 472 446 472 446 473 471 473 472 473 470 474 473 474 469 474 474 475 473 475 470 475 471 476 475 476 472 476 472 477 475 477 476 477 475 478 477 478 476 478 478 479 477 479 479 479 476 480 477 480 478 480 474 481 480 481 473 481 481 482 480 482 474 482 482 483 483 483 481 483 481 484 483 484 480 484 477 485 484 485 479 485 479 486 484 486 485 486 486 487 487 487 482 487 482 488 487 488 483 488 484 489 488 489 485 489 485 490 489 490 490 490 488 491 489 491 485 491 486 492 491 492 487 492 492 493 491 493 486 493 489 494 493 494 490 494 490 495 493 495 494 495 492 496 495 496 491 496 373 497 495 497 492 497 373 498 496 498 495 498 371 499 496 499 373 499 494 500 497 500 498 500 493 501 497 501 494 501 371 502 499 502 496 502 500 503 501 503 502 503 498 504 501 504 500 504 497 505 501 505 498 505 501 506 503 506 502 506 504 507 505 507 371 507 371 508 505 508 499 508 503 509 506 509 502 509 502 510 506 510 507 510 504 511 508 511 505 511 504 512 509 512 508 512 506 513 510 513 507 513 511 514 510 514 512 514 507 515 510 515 511 515 504 516 513 516 509 516 510 517 514 517 512 517 504 518 515 518 513 518 514 519 516 519 512 519 512 520 516 520 517 520 518 521 519 521 504 521 504 522 519 522 515 522 516 523 520 523 517 523 521 524 520 524 522 524 517 525 520 525 521 525 518 526 523 526 519 526 520 527 524 527 522 527 518 528 525 528 523 528 524 529 526 529 522 529 527 530 526 530 528 530 522 531 526 531 527 531 518 532 529 532 525 532 526 533 530 533 528 533 518 534 531 534 529 534 530 535 532 535 528 535 528 536 532 536 533 536 518 537 534 537 531 537 535 538 536 538 537 538 533 539 536 539 535 539 532 540 536 540 533 540 518 541 538 541 534 541 536 542 539 542 537 542 539 543 540 543 537 543 537 544 540 544 541 544 540 545 542 545 541 545 543 546 542 546 544 546 541 547 542 547 543 547 542 548 545 548 544 548 546 549 547 549 548 549 544 550 547 550 546 550 545 551 547 551 544 551 547 552 549 552 548 552 550 553 551 553 552 553 548 554 551 554 550 554 549 555 551 555 548 555 551 556 553 556 552 556 552 557 553 557 554 557 553 558 555 558 554 558 556 559 557 559 558 559 559 560 557 560 556 560 560 561 557 561 559 561 561 562 557 562 560 562 562 563 557 563 561 563 538 564 557 564 562 564 518 565 557 565 538 565 364 566 563 566 307 566 563 567 564 567 307 567 307 568 564 568 298 568 565 569 566 569 567 569 568 570 566 570 565 570 569 571 566 571 568 571 570 572 566 572 569 572 558 573 566 573 570 573 557 574 566 574 558 574 460 575 571 575 572 575 572 576 573 576 460 576 460 577 574 577 571 577 573 578 575 578 460 578 460 579 576 579 574 579 575 580 577 580 460 580 460 581 578 581 576 581 577 582 579 582 460 582 460 583 580 583 578 583 579 584 581 584 460 584 460 585 582 585 580 585 581 586 583 586 460 586 460 587 584 587 582 587 583 588 585 588 460 588 585 589 586 589 460 589 460 590 587 590 584 590 460 591 588 591 587 591 586 592 589 592 460 592 460 593 590 593 588 593 589 594 591 594 460 594 460 595 592 595 590 595 591 596 593 596 460 596 460 597 593 597 466 597 460 598 594 598 592 598 466 599 595 599 596 599 593 600 595 600 466 600 460 601 597 601 594 601 595 602 598 602 596 602 598 603 599 603 596 603 599 604 600 604 596 604 600 605 601 605 596 605 596 606 602 606 603 606 601 607 602 607 596 607 602 608 604 608 603 608 604 609 605 609 603 609 605 610 606 610 603 610 606 611 607 611 603 611 607 612 608 612 603 612 608 613 609 613 603 613 566 614 610 614 567 614 567 615 610 615 611 615 612 616 613 616 609 616 614 617 613 617 612 617 615 618 613 618 614 618 616 619 613 619 615 619 617 620 613 620 616 620 618 621 613 621 617 621 609 622 613 622 603 622 619 623 620 623 621 623 622 624 620 624 619 624 623 625 620 625 622 625 624 626 620 626 623 626 625 627 620 627 624 627 626 628 620 628 625 628 627 629 620 629 626 629 628 630 620 630 627 630 629 631 620 631 628 631 630 632 620 632 629 632 631 633 620 633 630 633 632 634 620 634 631 634 633 635 620 635 632 635 634 636 620 636 633 636 635 637 620 637 634 637 636 638 620 638 635 638 637 639 620 639 636 639 638 640 620 640 610 640 639 641 620 641 637 641 640 642 620 642 639 642 641 643 620 643 640 643 642 644 620 644 641 644 643 645 620 645 642 645 644 646 620 646 643 646 611 647 620 647 644 647 610 648 620 648 611 648 618 649 645 649 613 649 646 650 645 650 618 650 647 651 645 651 646 651 648 652 645 652 647 652 649 653 645 653 648 653 650 654 645 654 649 654 651 655 652 655 653 655 653 656 654 656 655 656 652 657 654 657 653 657 656 658 657 658 651 658 651 659 657 659 652 659 655 660 658 660 659 660 654 661 658 661 655 661 660 662 661 662 656 662 656 663 661 663 657 663 658 664 662 664 659 664 663 665 664 665 660 665 660 666 664 666 661 666 663 667 665 667 664 667 666 668 665 668 663 668 667 669 668 669 669 669 659 670 668 670 667 670 662 671 668 671 659 671 669 672 670 672 671 672 668 673 670 673 669 673 672 674 673 674 666 674 674 675 673 675 672 675 666 676 673 676 665 676 674 677 675 677 673 677 671 678 676 678 677 678 670 679 676 679 671 679 678 680 679 680 674 680 674 681 679 681 675 681 676 682 680 682 677 682 677 683 681 683 682 683 680 684 681 684 677 684 682 685 683 685 684 685 681 686 683 686 682 686 685 687 686 687 687 687 684 688 686 688 685 688 683 689 686 689 684 689 686 690 688 690 687 690 687 691 689 691 690 691 688 692 689 692 687 692 690 693 691 693 692 693 689 694 691 694 690 694 692 695 693 695 694 695 691 696 693 696 692 696 693 697 695 697 694 697 694 698 695 698 696 698 696 699 697 699 698 699 695 700 697 700 696 700 698 701 699 701 700 701 697 702 699 702 698 702 638 703 701 703 620 703 700 704 702 704 703 704 699 705 702 705 700 705 704 706 705 706 706 706 703 707 705 707 704 707 702 708 705 708 703 708 706 709 707 709 708 709 705 710 707 710 706 710 708 711 709 711 710 711 707 712 709 712 708 712 709 713 711 713 710 713 650 714 712 714 645 714 713 715 712 715 650 715 714 716 712 716 713 716 715 717 716 717 717 717 718 718 716 718 715 718 719 719 716 719 718 719 720 720 716 720 719 720 721 721 716 721 720 721 722 722 716 722 721 722 723 723 716 723 722 723 724 724 716 724 723 724 725 725 716 725 724 725 726 726 716 726 725 726 727 727 716 727 726 727 728 728 716 728 727 728 729 729 716 729 728 729 730 730 716 730 729 730 731 731 716 731 730 731 732 732 716 732 731 732 733 733 716 733 732 733 734 734 716 734 733 734 735 735 716 735 734 735 736 736 716 736 735 736 737 737 716 737 736 737 738 738 716 738 737 738 739 739 716 739 738 739 740 740 716 740 739 740 741 741 716 741 740 741 742 742 716 742 741 742 743 743 716 743 742 743 744 744 716 744 743 744 745 745 716 745 746 745 717 746 716 746 745 746 701 747 747 747 620 747 747 748 748 748 620 748 711 749 749 749 710 749 711 750 750 750 749 750 751 751 750 751 711 751 752 752 750 752 751 752 710 753 753 753 754 753 749 754 753 754 710 754 752 755 755 755 750 755 754 756 756 756 757 756 753 757 756 757 754 757 758 758 759 758 752 758 752 759 759 759 755 759 757 760 760 760 761 760 756 761 760 761 757 761 762 762 763 762 758 762 764 763 763 763 762 763 758 764 763 764 759 764 761 765 765 765 766 765 760 766 765 766 761 766 764 767 767 767 763 767 766 768 768 768 769 768 765 769 768 769 766 769 764 770 770 770 767 770 771 771 770 771 764 771 769 772 772 772 773 772 768 773 772 773 769 773 771 774 774 774 770 774 775 775 774 775 771 775 776 776 774 776 775 776 772 777 777 777 773 777 773 778 777 778 778 778 776 779 779 779 774 779 780 780 779 780 776 780 714 781 781 781 712 781 777 782 781 782 778 782 778 783 781 783 714 783 780 784 782 784 779 784 781 785 783 785 712 785 780 786 784 786 782 786 785 787 784 787 780 787 786 788 784 788 785 788 783 789 787 789 712 789 786 790 788 790 784 790 789 791 788 791 786 791 712 792 790 792 791 792 787 793 790 793 712 793 789 794 792 794 788 794 790 795 793 795 791 795 789 796 794 796 792 796 795 797 794 797 789 797 793 798 796 798 791 798 795 799 797 799 794 799 798 800 797 800 795 800 799 801 797 801 798 801 796 802 800 802 791 802 800 803 801 803 791 803 799 804 802 804 797 804 801 805 803 805 791 805 799 806 804 806 802 806 805 807 804 807 799 807 805 808 806 808 804 808 807 809 806 809 805 809 807 810 808 810 806 810 809 811 808 811 807 811 810 812 808 812 809 812 810 813 811 813 808 813 810 814 812 814 811 814 813 815 812 815 810 815 813 816 814 816 812 816 815 817 814 817 813 817 815 818 816 818 814 818 817 819 816 819 815 819 817 820 818 820 816 820 819 821 818 821 817 821 820 822 818 822 819 822 820 823 821 823 818 823 820 824 822 824 821 824 823 825 822 825 820 825 823 826 824 826 822 826 825 827 824 827 823 827 716 828 826 828 746 828 825 829 826 829 824 829 746 830 826 830 825 830 716 831 827 831 826 831 716 832 828 832 827 832 716 833 829 833 828 833 803 834 830 834 791 834 831 835 830 835 803 835 832 836 830 836 831 836 833 837 830 837 832 837 834 838 830 838 833 838 835 839 830 839 834 839 836 840 830 840 835 840 837 841 830 841 836 841 716 842 838 842 829 842 716 843 839 843 838 843 748 844 840 844 620 844 563 845 841 845 564 845 563 846 842 846 841 846 837 847 843 847 830 847 844 848 843 848 837 848 845 849 843 849 844 849 846 850 843 850 845 850 847 851 843 851 846 851 848 852 843 852 847 852 849 853 843 853 848 853 850 854 843 854 849 854 620 855 851 855 842 855 840 856 851 856 620 856 850 857 852 857 843 857 853 858 852 858 850 858 854 859 852 859 853 859 855 860 852 860 854 860 856 861 852 861 855 861 857 862 852 862 856 862 858 863 852 863 857 863 859 864 852 864 858 864 851 865 860 865 842 865 861 866 862 866 859 866 863 867 862 867 861 867 864 868 862 868 863 868 865 869 862 869 864 869 866 870 862 870 865 870 867 871 862 871 866 871 859 872 862 872 852 872 860 873 868 873 842 873 867 874 869 874 862 874 870 875 869 875 867 875 871 876 869 876 870 876 872 877 869 877 871 877 873 878 869 878 872 878 868 879 874 879 842 879 841 880 875 880 564 880 564 881 875 881 716 881 873 882 876 882 869 882 877 883 876 883 873 883 878 884 876 884 877 884 879 885 876 885 878 885 880 886 876 886 879 886 874 887 881 887 842 887 880 888 882 888 876 888 883 889 882 889 880 889 884 890 882 890 883 890 885 891 882 891 884 891 881 892 886 892 842 892 885 893 887 893 882 893 888 894 887 894 885 894 839 895 887 895 888 895 886 896 889 896 842 896 839 897 890 897 887 897 716 898 890 898 839 898 842 899 891 899 841 899 889 900 892 900 842 900 875 901 893 901 894 901 894 902 895 902 875 902 895 903 896 903 875 903 875 904 897 904 893 904 875 905 898 905 897 905 896 906 899 906 875 906 875 907 900 907 898 907 899 908 901 908 875 908 875 909 902 909 900 909 901 910 903 910 875 910 875 911 904 911 902 911 903 912 905 912 875 912 875 913 906 913 904 913 905 914 907 914 875 914 907 915 908 915 875 915 875 916 909 916 906 916 875 917 910 917 909 917 908 918 911 918 875 918 911 919 912 919 875 919 875 920 913 920 910 920 875 921 914 921 913 921 912 922 915 922 875 922 875 923 916 923 914 923 915 924 917 924 875 924 917 925 918 925 875 925 875 926 919 926 916 926 716 927 920 927 890 927 918 928 921 928 875 928 921 929 922 929 875 929 922 930 923 930 875 930 923 931 924 931 875 931 842 932 925 932 891 932 892 933 925 933 842 933 716 934 926 934 920 934 875 935 926 935 716 935 925 936 927 936 891 936 875 937 928 937 926 937 927 938 929 938 891 938 875 939 930 939 928 939 931 940 932 940 933 940 934 941 932 941 931 941 933 942 932 942 935 942 933 943 936 943 937 943 935 944 936 944 933 944 937 945 938 945 939 945 936 946 938 946 937 946 934 947 940 947 932 947 941 948 942 948 934 948 934 949 942 949 940 949 938 950 943 950 939 950 939 951 943 951 944 951 945 952 946 952 941 952 941 953 946 953 942 953 943 954 947 954 944 954 944 955 947 955 948 955 949 956 950 956 945 956 951 957 950 957 949 957 945 958 950 958 946 958 924 959 952 959 875 959 947 960 952 960 948 960 948 961 952 961 924 961 951 962 953 962 950 962 952 963 954 963 875 963 955 964 956 964 951 964 951 965 956 965 953 965 954 966 957 966 875 966 958 967 959 967 955 967 960 968 959 968 958 968 955 969 959 969 956 969 957 970 961 970 875 970 960 971 962 971 959 971 961 972 963 972 875 972 875 973 964 973 930 973 963 974 964 974 875 974 965 975 966 975 960 975 960 976 966 976 962 976 967 977 968 977 965 977 965 978 968 978 966 978 967 979 969 979 968 979 970 980 969 980 967 980 970 981 971 981 969 981 972 982 971 982 970 982 973 983 974 983 975 983 973 984 976 984 974 984 977 985 976 985 973 985 974 986 978 986 975 986 978 987 979 987 975 987 975 988 979 988 980 988 977 989 981 989 976 989 982 990 981 990 977 990 982 991 983 991 981 991 984 992 983 992 982 992 985 993 983 993 984 993 979 994 986 994 980 994 987 995 986 995 988 995 980 996 986 996 987 996 985 997 989 997 983 997 986 998 990 998 988 998 988 999 990 999 991 999 972 1000 992 1000 971 1000 993 1001 992 1001 972 1001 994 1002 992 1002 993 1002 985 1003 995 1003 989 1003 996 1004 995 1004 985 1004 997 1005 995 1005 996 1005 990 1006 998 1006 991 1006 999 1007 1000 1007 1001 1007 991 1008 1000 1008 999 1008 998 1009 1000 1009 991 1009 997 1010 1002 1010 995 1010 994 1011 1003 1011 992 1011 997 1012 1004 1012 1002 1012 1005 1013 1004 1013 997 1013 1000 1014 1006 1014 1001 1014 1007 1015 1008 1015 1009 1015 1001 1016 1008 1016 1007 1016 1006 1017 1008 1017 1001 1017 1010 1018 1011 1018 994 1018 994 1019 1011 1019 1003 1019 1008 1020 1012 1020 1009 1020 1012 1021 1013 1021 1009 1021 1014 1022 1013 1022 1015 1022 1009 1023 1013 1023 1014 1023 1016 1024 1017 1024 1010 1024 1010 1025 1017 1025 1011 1025 1013 1026 1018 1026 1015 1026 1019 1027 1020 1027 1016 1027 1021 1028 1020 1028 1019 1028 1016 1029 1020 1029 1017 1029 1022 1030 1023 1030 1024 1030 1015 1031 1023 1031 1022 1031 1018 1032 1023 1032 1015 1032 1021 1033 1025 1033 1020 1033 1023 1034 1026 1034 1024 1034 1027 1035 1028 1035 1021 1035 1021 1036 1028 1036 1025 1036 1029 1037 1030 1037 1031 1037 1024 1038 1030 1038 1029 1038 1026 1039 1030 1039 1024 1039 1030 1040 1032 1040 1031 1040 1033 1041 1034 1041 1027 1041 1027 1042 1034 1042 1028 1042 1031 1043 1035 1043 1036 1043 1032 1044 1035 1044 1031 1044 1037 1045 1038 1045 1033 1045 1033 1046 1038 1046 1034 1046 1036 1047 1039 1047 1040 1047 1035 1048 1039 1048 1036 1048 929 1049 1041 1049 891 1049 1042 1050 1043 1050 1044 1050 1040 1051 1043 1051 1042 1051 1039 1052 1043 1052 1040 1052 1043 1053 1045 1053 1044 1053 1045 1054 1046 1054 1044 1054 1044 1055 1046 1055 1047 1055 1046 1056 1048 1056 1047 1056 1049 1057 1048 1057 1037 1057 1047 1058 1048 1058 1049 1058 1048 1059 1050 1059 1037 1059 1038 1060 1050 1060 1051 1060 1037 1061 1050 1061 1038 1061 1051 1062 1052 1062 1053 1062 1050 1063 1052 1063 1051 1063 1053 1064 1054 1064 1055 1064 1052 1065 1054 1065 1053 1065 1054 1066 1056 1066 1055 1066 1055 1067 1056 1067 1057 1067 1057 1068 1058 1068 1059 1068 1056 1069 1058 1069 1057 1069 1059 1070 1060 1070 1061 1070 1058 1071 1060 1071 1059 1071 1061 1072 1062 1072 1063 1072 1060 1073 1062 1073 1061 1073 1063 1074 1064 1074 1065 1074 1062 1075 1064 1075 1063 1075 1064 1076 1066 1076 1065 1076 1067 1077 1068 1077 964 1077 1069 1078 1068 1078 1067 1078 964 1079 1068 1079 930 1079 1041 1080 1070 1080 891 1080 1071 1081 1072 1081 1073 1081 1074 1082 1072 1082 1071 1082 1075 1083 1072 1083 1074 1083 1076 1084 1072 1084 1075 1084 1077 1085 1072 1085 1076 1085 1078 1086 1072 1086 1077 1086 1079 1087 1072 1087 1078 1087 1080 1088 1072 1088 1079 1088 1081 1089 1072 1089 1080 1089 1082 1090 1072 1090 1081 1090 1083 1091 1072 1091 1082 1091 1084 1092 1072 1092 1083 1092 1085 1093 1072 1093 1084 1093 1086 1094 1072 1094 1085 1094 1087 1095 1072 1095 1086 1095 1088 1096 1072 1096 1087 1096 1089 1097 1072 1097 1088 1097 1090 1098 1072 1098 1089 1098 1091 1099 1072 1099 1090 1099 1092 1100 1072 1100 1091 1100 1093 1101 1072 1101 1092 1101 1094 1102 1072 1102 1093 1102 1095 1103 1072 1103 1094 1103 1096 1104 1072 1104 1095 1104 1069 1105 1097 1105 1068 1105 1098 1106 1097 1106 1069 1106 1099 1107 1097 1107 1098 1107 1100 1108 1097 1108 1099 1108 1070 1109 1101 1109 891 1109 1100 1110 1102 1110 1097 1110 1103 1111 1102 1111 1100 1111 1104 1112 1102 1112 1103 1112 1105 1113 1102 1113 1104 1113 1106 1114 1102 1114 1105 1114 1101 1115 1107 1115 891 1115 1106 1116 1108 1116 1102 1116 1109 1117 1108 1117 1106 1117 1110 1118 1108 1118 1109 1118 1111 1119 1108 1119 1110 1119 1112 1120 1108 1120 1111 1120 1107 1121 1113 1121 891 1121 1112 1122 1114 1122 1108 1122 1115 1123 1114 1123 1112 1123 1116 1124 1114 1124 1115 1124 1117 1125 1114 1125 1116 1125 1118 1126 1114 1126 1117 1126 1119 1127 1114 1127 1118 1127 1120 1128 1114 1128 1119 1128 1113 1129 1121 1129 891 1129 1122 1130 1123 1130 1124 1130 1125 1131 1123 1131 1122 1131 1126 1132 1123 1132 1125 1132 1120 1133 1123 1133 1114 1133 1127 1134 1123 1134 1120 1134 1128 1135 1123 1135 1127 1135 1129 1136 1123 1136 1128 1136 1124 1137 1123 1137 1129 1137 891 1138 1130 1138 1072 1138 1121 1139 1130 1139 891 1139 1131 1140 1132 1140 1126 1140 1133 1141 1132 1141 1131 1141 1134 1142 1132 1142 1133 1142 1126 1143 1132 1143 1123 1143 1135 1144 1132 1144 1134 1144 1136 1145 1132 1145 1135 1145 1137 1146 1132 1146 1136 1146 1138 1147 1132 1147 1137 1147 1130 1148 1139 1148 1072 1148 1140 1149 1141 1149 1138 1149 1142 1150 1141 1150 1140 1150 1143 1151 1141 1151 1142 1151 1144 1152 1141 1152 1143 1152 1145 1153 1141 1153 1144 1153 1146 1154 1141 1154 1145 1154 1147 1155 1141 1155 1146 1155 1138 1156 1141 1156 1132 1156 1139 1157 1148 1157 1072 1157 1147 1158 1149 1158 1141 1158 1150 1159 1149 1159 1147 1159 1151 1160 1149 1160 1150 1160 1152 1161 1149 1161 1151 1161 1153 1162 1149 1162 1152 1162 1154 1163 1149 1163 1153 1163 1148 1164 1155 1164 1072 1164 1154 1165 1156 1165 1149 1165 1066 1166 1156 1166 1065 1166 1157 1167 1156 1167 1154 1167 1158 1168 1156 1168 1157 1168 1065 1169 1156 1169 1158 1169 1159 1170 1156 1170 1066 1170 1160 1171 1156 1171 1159 1171 1155 1172 1161 1172 1072 1172 1162 1173 1163 1173 1164 1173 1165 1174 1163 1174 1162 1174 1166 1175 1163 1175 1165 1175 1167 1176 1163 1176 1166 1176 1160 1177 1163 1177 1156 1177 1164 1178 1163 1178 1160 1178 1161 1179 1168 1179 1072 1179 1169 1180 1170 1180 1167 1180 1171 1181 1170 1181 1169 1181 1172 1182 1170 1182 1171 1182 1173 1183 1170 1183 1172 1183 1174 1184 1170 1184 1173 1184 1175 1185 1170 1185 1174 1185 1167 1186 1170 1186 1163 1186 1072 1187 1176 1187 1073 1187 1073 1188 1176 1188 1177 1188 1168 1189 1176 1189 1072 1189 1178 1190 1179 1190 1175 1190 1180 1191 1179 1191 1178 1191 1181 1192 1179 1192 1180 1192 1182 1193 1179 1193 1181 1193 1183 1194 1179 1194 1182 1194 1184 1195 1179 1195 1183 1195 1175 1196 1179 1196 1170 1196 1185 1197 1186 1197 1184 1197 1187 1198 1186 1198 1185 1198 1188 1199 1186 1199 1187 1199 1189 1200 1186 1200 1188 1200 1177 1201 1186 1201 1189 1201 1184 1202 1186 1202 1179 1202 1176 1203 1186 1203 1177 1203 261 1204 1 1204 296 1204 296 1205 1 1205 1190 1205 1190 1206 1 1206 250 1206 250 1207 1 1207 249 1207 249 1208 1 1208 1191 1208 1191 1209 1 1209 127 1209 460 1210 716 1210 597 1210 597 1211 716 1211 1192 1211 1192 1212 716 1212 678 1212 678 1213 716 1213 679 1213 679 1214 716 1214 1193 1214 1193 1215 716 1215 744 1215 620 1216 364 1216 621 1216 621 1217 364 1217 1194 1217 1194 1218 364 1218 555 1218 555 1219 364 1219 554 1219 554 1220 364 1220 1195 1220 1195 1221 364 1221 459 1221 875 1222 1072 1222 919 1222 919 1223 1072 1223 1196 1223 1196 1224 1072 1224 1005 1224 1005 1225 1072 1225 1004 1225 1004 1226 1072 1226 1197 1226 1197 1227 1072 1227 1096 1227 920 1228 926 1228 1198 1228 920 1229 1198 1229 1199 1229 890 1230 1199 1230 1200 1230 890 1231 920 1231 1199 1231 887 1232 1200 1232 1201 1232 887 1233 890 1233 1200 1233 882 1234 1202 1234 1203 1234 882 1235 1201 1235 1202 1235 882 1236 887 1236 1201 1236 876 1237 882 1237 1203 1237 869 1238 1204 1238 1205 1238 869 1239 1203 1239 1204 1239 869 1240 876 1240 1203 1240 862 1241 869 1241 1205 1241 852 1242 1206 1242 1207 1242 852 1243 1205 1243 1206 1243 852 1244 862 1244 1205 1244 843 1245 852 1245 1207 1245 830 1246 1207 1246 1208 1246 830 1247 843 1247 1207 1247 791 1248 830 1248 1208 1248 791 1249 1209 1249 1210 1249 791 1250 1208 1250 1209 1250 712 1251 791 1251 1210 1251 645 1252 712 1252 1210 1252 645 1253 1210 1253 1211 1253 613 1254 1211 1254 1212 1254 613 1255 645 1255 1211 1255 603 1256 1213 1256 1214 1256 603 1257 1212 1257 1213 1257 603 1258 613 1258 1212 1258 596 1259 603 1259 1214 1259 466 1260 1214 1260 1215 1260 466 1261 596 1261 1214 1261 465 1262 1215 1262 1216 1262 465 1263 466 1263 1215 1263 464 1264 1216 1264 1217 1264 464 1265 465 1265 1216 1265 463 1266 1217 1266 1218 1266 463 1267 464 1267 1217 1267 462 1268 1218 1268 1219 1268 462 1269 463 1269 1218 1269 461 1270 1219 1270 1220 1270 461 1271 462 1271 1219 1271 301 1272 1221 1272 1222 1272 301 1273 1220 1273 1221 1273 301 1274 461 1274 1220 1274 300 1275 301 1275 1222 1275 299 1276 1223 1276 1224 1276 299 1277 1222 1277 1223 1277 299 1278 300 1278 1222 1278 297 1279 299 1279 1224 1279 306 1280 1224 1280 1225 1280 306 1281 297 1281 1224 1281 305 1282 306 1282 1225 1282 305 1283 1225 1283 1226 1283 304 1284 305 1284 1226 1284 304 1285 1226 1285 1227 1285 303 1286 304 1286 1227 1286 303 1287 1227 1287 1228 1287 302 1288 303 1288 1228 1288 302 1289 1228 1289 1229 1289 259 1290 302 1290 1229 1290 259 1291 1229 1291 1230 1291 258 1292 259 1292 1230 1292 258 1293 1230 1293 1231 1293 257 1294 1231 1294 1232 1294 257 1295 258 1295 1231 1295 256 1296 1232 1296 1233 1296 256 1297 257 1297 1232 1297 255 1298 1233 1298 1234 1298 255 1299 256 1299 1233 1299 254 1300 255 1300 1234 1300 254 1301 1234 1301 1235 1301 253 1302 254 1302 1235 1302 253 1303 1236 1303 1237 1303 253 1304 1235 1304 1236 1304 252 1305 253 1305 1237 1305 7 1306 252 1306 1237 1306 7 1307 1237 1307 1238 1307 6 1308 7 1308 1238 1308 6 1309 1238 1309 1239 1309 5 1310 6 1310 1239 1310 5 1311 1239 1311 1240 1311 4 1312 5 1312 1240 1312 4 1313 1241 1313 1242 1313 4 1314 1240 1314 1241 1314 3 1315 4 1315 1242 1315 3 1316 1242 1316 1243 1316 2 1317 3 1317 1243 1317 0 1318 2 1318 1243 1318 0 1319 1243 1319 1244 1319 21 1320 0 1320 1244 1320 21 1321 1244 1321 1245 1321 10 1322 21 1322 1245 1322 10 1323 1246 1323 1247 1323 10 1324 1245 1324 1246 1324 12 1325 10 1325 1247 1325 26 1326 12 1326 1247 1326 26 1327 1247 1327 1248 1327 36 1328 26 1328 1248 1328 36 1329 1248 1329 1249 1329 56 1330 36 1330 1249 1330 56 1331 1249 1331 1250 1331 40 1332 56 1332 1250 1332 40 1333 1250 1333 1251 1333 43 1334 1251 1334 1252 1334 43 1335 40 1335 1251 1335 63 1336 1252 1336 1253 1336 63 1337 43 1337 1252 1337 85 1338 1253 1338 1254 1338 85 1339 63 1339 1253 1339 108 1340 1254 1340 1255 1340 108 1341 85 1341 1254 1341 121 1342 1256 1342 1257 1342 121 1343 1255 1343 1256 1343 121 1344 108 1344 1255 1344 129 1345 121 1345 1257 1345 134 1346 1258 1346 1259 1346 134 1347 1257 1347 1258 1347 134 1348 129 1348 1257 1348 137 1349 134 1349 1259 1349 294 1350 137 1350 1259 1350 294 1351 1259 1351 1260 1351 293 1352 294 1352 1260 1352 293 1353 1261 1353 1262 1353 293 1354 1260 1354 1261 1354 370 1355 293 1355 1262 1355 370 1356 1262 1356 1263 1356 339 1357 370 1357 1263 1357 333 1358 339 1358 1263 1358 333 1359 1263 1359 1264 1359 327 1360 333 1360 1264 1360 327 1361 1265 1361 1266 1361 327 1362 1264 1362 1265 1362 317 1363 327 1363 1266 1363 317 1364 1266 1364 1267 1364 310 1365 317 1365 1267 1365 312 1366 310 1366 1267 1366 312 1367 1267 1367 1268 1367 325 1368 312 1368 1268 1368 325 1369 1268 1369 1269 1369 341 1370 325 1370 1269 1370 341 1371 1269 1371 1270 1371 349 1372 341 1372 1270 1372 349 1373 1271 1373 1272 1373 349 1374 1270 1374 1271 1374 358 1375 349 1375 1272 1375 358 1376 1272 1376 1273 1376 371 1377 358 1377 1273 1377 504 1378 1273 1378 1274 1378 504 1379 371 1379 1273 1379 518 1380 1274 1380 1275 1380 518 1381 504 1381 1274 1381 557 1382 1276 1382 1277 1382 557 1383 1275 1383 1276 1383 557 1384 518 1384 1275 1384 566 1385 557 1385 1277 1385 610 1386 1278 1386 1279 1386 610 1387 1277 1387 1278 1387 610 1388 566 1388 1277 1388 638 1389 1279 1389 1280 1389 638 1390 610 1390 1279 1390 701 1391 1280 1391 1281 1391 701 1392 638 1392 1280 1392 747 1393 701 1393 1281 1393 748 1394 1282 1394 1283 1394 748 1395 1281 1395 1282 1395 748 1396 747 1396 1281 1396 840 1397 748 1397 1283 1397 851 1398 1284 1398 1285 1398 851 1399 1283 1399 1284 1399 851 1400 840 1400 1283 1400 860 1401 1285 1401 1286 1401 860 1402 851 1402 1285 1402 868 1403 860 1403 1286 1403 874 1404 868 1404 1286 1404 874 1405 1286 1405 1287 1405 881 1406 874 1406 1287 1406 881 1407 1288 1407 1289 1407 881 1408 1287 1408 1288 1408 886 1409 881 1409 1289 1409 889 1410 886 1410 1289 1410 889 1411 1289 1411 1290 1411 892 1412 889 1412 1290 1412 892 1413 1291 1413 1292 1413 892 1414 1290 1414 1291 1414 925 1415 892 1415 1292 1415 927 1416 925 1416 1292 1416 927 1417 1292 1417 1293 1417 929 1418 927 1418 1293 1418 929 1419 1293 1419 1294 1419 1041 1420 1295 1420 1296 1420 1041 1421 1294 1421 1295 1421 1041 1422 929 1422 1294 1422 1070 1423 1296 1423 1297 1423 1070 1424 1041 1424 1296 1424 1101 1425 1297 1425 1298 1425 1101 1426 1070 1426 1297 1426 1107 1427 1101 1427 1298 1427 1113 1428 1298 1428 1299 1428 1113 1429 1107 1429 1298 1429 1121 1430 1299 1430 1300 1430 1121 1431 1113 1431 1299 1431 1130 1432 1301 1432 1302 1432 1130 1433 1300 1433 1301 1433 1130 1434 1121 1434 1300 1434 1139 1435 1130 1435 1302 1435 1148 1436 1302 1436 1303 1436 1148 1437 1139 1437 1302 1437 1155 1438 1304 1438 1305 1438 1155 1439 1303 1439 1304 1439 1155 1440 1148 1440 1303 1440 1161 1441 1155 1441 1305 1441 1168 1442 1305 1442 1306 1442 1168 1443 1161 1443 1305 1443 1176 1444 1307 1444 1308 1444 1176 1445 1306 1445 1307 1445 1176 1446 1168 1446 1306 1446 1186 1447 1176 1447 1308 1447 1179 1448 1309 1448 1310 1448 1179 1449 1308 1449 1309 1449 1179 1450 1186 1450 1308 1450 1170 1451 1179 1451 1310 1451 1163 1452 1170 1452 1310 1452 1163 1453 1311 1453 1312 1453 1163 1454 1310 1454 1311 1454 1156 1455 1163 1455 1312 1455 1149 1456 1156 1456 1312 1456 1149 1457 1313 1457 1314 1457 1149 1458 1312 1458 1313 1458 1141 1459 1149 1459 1314 1459 1132 1460 1314 1460 1315 1460 1132 1461 1141 1461 1314 1461 1123 1462 1315 1462 1316 1462 1123 1463 1132 1463 1315 1463 1114 1464 1317 1464 1318 1464 1114 1465 1316 1465 1317 1465 1114 1466 1123 1466 1316 1466 1108 1467 1114 1467 1318 1467 1102 1468 1318 1468 1319 1468 1102 1469 1108 1469 1318 1469 1097 1470 1319 1470 1320 1470 1097 1471 1102 1471 1319 1471 1068 1472 1320 1472 1321 1472 1068 1473 1097 1473 1320 1473 930 1474 1321 1474 1322 1474 930 1475 1068 1475 1321 1475 928 1476 1322 1476 1323 1476 928 1477 930 1477 1322 1477 926 1478 1323 1478 1198 1478 926 1479 928 1479 1323 1479 1324 1480 1325 1480 124 1480 124 1481 1325 1481 126 1481 126 1482 1326 1482 127 1482 1325 1483 1326 1483 126 1483 127 1484 1327 1484 1191 1484 1326 1485 1327 1485 127 1485 1191 1486 1328 1486 249 1486 1327 1487 1328 1487 1191 1487 249 1488 1329 1488 248 1488 248 1489 1329 1489 241 1489 1328 1490 1329 1490 249 1490 1329 1491 1330 1491 241 1491 241 1492 1330 1492 239 1492 1330 1493 1331 1493 239 1493 239 1494 1331 1494 237 1494 1331 1495 1332 1495 237 1495 1332 1496 1333 1496 237 1496 237 1497 1333 1497 231 1497 1333 1498 1334 1498 231 1498 231 1499 1334 1499 229 1499 1334 1500 1335 1500 229 1500 229 1501 1335 1501 227 1501 227 1502 1336 1502 219 1502 1335 1503 1336 1503 227 1503 219 1504 1337 1504 217 1504 1336 1505 1337 1505 219 1505 217 1506 1338 1506 212 1506 212 1507 1338 1507 210 1507 1337 1508 1338 1508 217 1508 1338 1509 1339 1509 210 1509 210 1510 1340 1510 206 1510 1339 1511 1340 1511 210 1511 206 1512 1341 1512 200 1512 200 1513 1341 1513 196 1513 1340 1514 1341 1514 206 1514 1341 1515 1342 1515 196 1515 196 1516 1343 1516 194 1516 1342 1517 1343 1517 196 1517 194 1518 1344 1518 187 1518 1343 1519 1344 1519 194 1519 187 1520 1345 1520 181 1520 1344 1521 1345 1521 187 1521 181 1522 1346 1522 180 1522 1345 1523 1346 1523 181 1523 180 1524 1347 1524 175 1524 1346 1525 1347 1525 180 1525 175 1526 1348 1526 174 1526 1347 1527 1348 1527 175 1527 174 1528 1349 1528 169 1528 1348 1529 1349 1529 174 1529 169 1530 1350 1530 167 1530 1349 1531 1350 1531 169 1531 167 1532 1351 1532 161 1532 161 1533 1351 1533 155 1533 1350 1534 1351 1534 167 1534 1351 1535 1352 1535 155 1535 155 1536 1353 1536 150 1536 1352 1537 1353 1537 155 1537 150 1538 1354 1538 145 1538 145 1539 1354 1539 144 1539 1353 1540 1354 1540 150 1540 1354 1541 1355 1541 144 1541 1355 1542 1356 1542 144 1542 144 1543 1356 1543 142 1543 1356 1544 1357 1544 142 1544 142 1545 1357 1545 110 1545 110 1546 1357 1546 105 1546 1357 1547 1358 1547 105 1547 1358 1548 1359 1548 105 1548 105 1549 1359 1549 100 1549 100 1550 1360 1550 97 1550 1359 1551 1360 1551 100 1551 97 1552 1360 1552 93 1552 1360 1553 1361 1553 93 1553 93 1554 1362 1554 88 1554 88 1555 1362 1555 83 1555 1361 1556 1362 1556 93 1556 83 1557 1363 1557 81 1557 1362 1558 1363 1558 83 1558 1363 1559 1364 1559 81 1559 81 1560 1365 1560 51 1560 51 1561 1365 1561 38 1561 1364 1562 1365 1562 81 1562 38 1563 1366 1563 37 1563 1365 1564 1366 1564 38 1564 1366 1565 1367 1565 37 1565 37 1566 1368 1566 34 1566 1367 1567 1368 1567 37 1567 34 1568 1369 1568 31 1568 1368 1569 1369 1569 34 1569 31 1570 1370 1570 30 1570 30 1571 1370 1571 28 1571 1369 1572 1370 1572 31 1572 1370 1573 1371 1573 28 1573 28 1574 1372 1574 25 1574 1371 1575 1372 1575 28 1575 25 1576 1373 1576 23 1576 23 1577 1373 1577 19 1577 1372 1578 1373 1578 25 1578 19 1579 1374 1579 17 1579 1373 1580 1374 1580 19 1580 1374 1581 1375 1581 17 1581 17 1582 1376 1582 16 1582 16 1583 1376 1583 14 1583 1375 1584 1376 1584 17 1584 1376 1585 1377 1585 14 1585 14 1586 1378 1586 11 1586 1377 1587 1378 1587 14 1587 11 1588 1379 1588 8 1588 8 1589 1379 1589 9 1589 1378 1590 1379 1590 11 1590 1379 1591 1380 1591 9 1591 1380 1592 1381 1592 9 1592 9 1593 1381 1593 13 1593 1381 1594 1382 1594 13 1594 13 1595 1382 1595 15 1595 15 1596 1382 1596 18 1596 1382 1597 1383 1597 18 1597 1383 1598 1384 1598 18 1598 18 1599 1384 1599 20 1599 1384 1600 1385 1600 20 1600 20 1601 1385 1601 22 1601 1385 1602 1386 1602 22 1602 22 1603 1386 1603 24 1603 1386 1604 1387 1604 24 1604 24 1605 1387 1605 27 1605 1387 1606 1388 1606 27 1606 27 1607 1388 1607 29 1607 1388 1608 1389 1608 29 1608 29 1609 1389 1609 32 1609 1389 1610 1390 1610 32 1610 32 1611 1390 1611 33 1611 33 1612 1390 1612 35 1612 1390 1613 1391 1613 35 1613 1391 1614 1392 1614 35 1614 35 1615 1392 1615 39 1615 1392 1616 1393 1616 39 1616 39 1617 1393 1617 52 1617 1393 1618 1394 1618 52 1618 52 1619 1394 1619 58 1619 58 1620 1395 1620 64 1620 1394 1621 1395 1621 58 1621 64 1622 1396 1622 69 1622 1395 1623 1396 1623 64 1623 69 1624 1397 1624 72 1624 1396 1625 1397 1625 69 1625 72 1626 1398 1626 75 1626 1397 1627 1398 1627 72 1627 75 1628 1399 1628 78 1628 78 1629 1399 1629 86 1629 1398 1630 1399 1630 75 1630 1399 1631 1400 1631 86 1631 86 1632 1401 1632 90 1632 1400 1633 1401 1633 86 1633 90 1634 1402 1634 94 1634 1401 1635 1402 1635 90 1635 94 1636 1403 1636 98 1636 1402 1637 1403 1637 94 1637 98 1638 1404 1638 102 1638 1403 1639 1404 1639 98 1639 1404 1640 1405 1640 102 1640 102 1641 1405 1641 106 1641 1405 1642 1406 1642 106 1642 106 1643 1406 1643 111 1643 1406 1644 1407 1644 111 1644 111 1645 1407 1645 114 1645 1407 1646 1408 1646 114 1646 114 1647 1408 1647 116 1647 1408 1648 1409 1648 116 1648 116 1649 1409 1649 117 1649 1409 1650 1410 1650 117 1650 117 1651 1410 1651 119 1651 1410 1652 1411 1652 119 1652 119 1653 1411 1653 122 1653 1411 1654 1324 1654 122 1654 122 1655 1324 1655 124 1655 1412 1656 1413 1656 183 1656 183 1657 1413 1657 184 1657 184 1658 1414 1658 188 1658 1413 1659 1414 1659 184 1659 188 1660 1415 1660 191 1660 1414 1661 1415 1661 188 1661 191 1662 1416 1662 197 1662 1415 1663 1416 1663 191 1663 197 1664 1417 1664 201 1664 201 1665 1417 1665 203 1665 1416 1666 1417 1666 197 1666 1417 1667 1418 1667 203 1667 203 1668 1418 1668 207 1668 1418 1669 1419 1669 207 1669 207 1670 1419 1670 213 1670 1419 1671 1420 1671 213 1671 1420 1672 1421 1672 213 1672 213 1673 1421 1673 215 1673 1421 1674 1422 1674 215 1674 215 1675 1422 1675 220 1675 1422 1676 1423 1676 220 1676 220 1677 1423 1677 223 1677 223 1678 1424 1678 225 1678 1423 1679 1424 1679 223 1679 225 1680 1425 1680 233 1680 1424 1681 1425 1681 225 1681 233 1682 1426 1682 235 1682 235 1683 1426 1683 242 1683 1425 1684 1426 1684 233 1684 1426 1685 1427 1685 242 1685 242 1686 1428 1686 245 1686 1427 1687 1428 1687 242 1687 245 1688 1429 1688 289 1688 289 1689 1429 1689 290 1689 1428 1690 1429 1690 245 1690 1429 1691 1430 1691 290 1691 290 1692 1431 1692 291 1692 1430 1693 1431 1693 290 1693 291 1694 1432 1694 292 1694 1431 1695 1432 1695 291 1695 292 1696 1433 1696 136 1696 1432 1697 1433 1697 292 1697 136 1698 1434 1698 135 1698 1433 1699 1434 1699 136 1699 135 1700 1435 1700 133 1700 1434 1701 1435 1701 135 1701 133 1702 1436 1702 132 1702 1435 1703 1436 1703 133 1703 132 1704 1437 1704 131 1704 1436 1705 1437 1705 132 1705 131 1706 1438 1706 130 1706 1437 1707 1438 1707 131 1707 130 1708 1439 1708 128 1708 128 1709 1439 1709 125 1709 1438 1710 1439 1710 130 1710 1439 1711 1440 1711 125 1711 125 1712 1441 1712 123 1712 1440 1713 1441 1713 125 1713 123 1714 1442 1714 120 1714 120 1715 1442 1715 118 1715 1441 1716 1442 1716 123 1716 1442 1717 1443 1717 118 1717 1443 1718 1444 1718 118 1718 118 1719 1444 1719 115 1719 1444 1720 1445 1720 115 1720 115 1721 1445 1721 112 1721 112 1722 1445 1722 107 1722 1445 1723 1446 1723 107 1723 1446 1724 1447 1724 107 1724 107 1725 1447 1725 103 1725 103 1726 1448 1726 101 1726 1447 1727 1448 1727 103 1727 101 1728 1448 1728 95 1728 1448 1729 1449 1729 95 1729 95 1730 1450 1730 91 1730 91 1731 1450 1731 89 1731 1449 1732 1450 1732 95 1732 89 1733 1451 1733 84 1733 1450 1734 1451 1734 89 1734 1451 1735 1452 1735 84 1735 84 1736 1453 1736 79 1736 79 1737 1453 1737 76 1737 1452 1738 1453 1738 84 1738 76 1739 1454 1739 73 1739 1453 1740 1454 1740 76 1740 1454 1741 1455 1741 73 1741 73 1742 1456 1742 71 1742 1455 1743 1456 1743 73 1743 71 1744 1457 1744 68 1744 1456 1745 1457 1745 71 1745 68 1746 1458 1746 65 1746 65 1747 1458 1747 62 1747 1457 1748 1458 1748 68 1748 1458 1749 1459 1749 62 1749 62 1750 1460 1750 59 1750 1459 1751 1460 1751 62 1751 59 1752 1461 1752 57 1752 57 1753 1461 1753 53 1753 1460 1754 1461 1754 59 1754 53 1755 1462 1755 49 1755 1461 1756 1462 1756 53 1756 1462 1757 1463 1757 49 1757 49 1758 1464 1758 48 1758 48 1759 1464 1759 46 1759 1463 1760 1464 1760 49 1760 1464 1761 1465 1761 46 1761 46 1762 1466 1762 41 1762 1465 1763 1466 1763 46 1763 41 1764 1467 1764 42 1764 42 1765 1467 1765 44 1765 1466 1766 1467 1766 41 1766 1467 1767 1468 1767 44 1767 1468 1768 1469 1768 44 1768 44 1769 1469 1769 45 1769 1469 1770 1470 1770 45 1770 45 1771 1470 1771 47 1771 47 1772 1470 1772 50 1772 1470 1773 1471 1773 50 1773 1471 1774 1472 1774 50 1774 50 1775 1472 1775 54 1775 1472 1776 1473 1776 54 1776 54 1777 1473 1777 55 1777 1473 1778 1474 1778 55 1778 55 1779 1474 1779 60 1779 1474 1780 1475 1780 60 1780 60 1781 1475 1781 61 1781 1475 1782 1476 1782 61 1782 61 1783 1476 1783 66 1783 1476 1784 1477 1784 66 1784 66 1785 1477 1785 67 1785 1477 1786 1478 1786 67 1786 67 1787 1478 1787 70 1787 70 1788 1478 1788 74 1788 1478 1789 1479 1789 74 1789 1479 1790 1480 1790 74 1790 74 1791 1480 1791 77 1791 1480 1792 1481 1792 77 1792 77 1793 1481 1793 80 1793 1481 1794 1482 1794 80 1794 80 1795 1482 1795 82 1795 82 1796 1483 1796 87 1796 1482 1797 1483 1797 82 1797 87 1798 1484 1798 92 1798 1483 1799 1484 1799 87 1799 92 1800 1485 1800 96 1800 1484 1801 1485 1801 92 1801 96 1802 1486 1802 99 1802 1485 1803 1486 1803 96 1803 99 1804 1487 1804 104 1804 104 1805 1487 1805 109 1805 1486 1806 1487 1806 99 1806 1487 1807 1488 1807 109 1807 109 1808 1489 1808 113 1808 1488 1809 1489 1809 109 1809 113 1810 1490 1810 139 1810 1489 1811 1490 1811 113 1811 139 1812 1491 1812 147 1812 1490 1813 1491 1813 139 1813 147 1814 1492 1814 148 1814 1491 1815 1492 1815 147 1815 1492 1816 1493 1816 148 1816 148 1817 1493 1817 153 1817 1493 1818 1494 1818 153 1818 153 1819 1494 1819 157 1819 1494 1820 1495 1820 157 1820 157 1821 1495 1821 158 1821 1495 1822 1496 1822 158 1822 158 1823 1496 1823 164 1823 1496 1824 1497 1824 164 1824 164 1825 1497 1825 165 1825 1497 1826 1498 1826 165 1826 165 1827 1498 1827 172 1827 1498 1828 1499 1828 172 1828 172 1829 1499 1829 177 1829 1499 1830 1412 1830 177 1830 177 1831 1412 1831 183 1831 1500 1832 1501 1832 262 1832 262 1833 1501 1833 260 1833 260 1834 1502 1834 263 1834 1501 1835 1502 1835 260 1835 263 1836 1503 1836 264 1836 1502 1837 1503 1837 263 1837 264 1838 1504 1838 265 1838 1503 1839 1504 1839 264 1839 265 1840 1505 1840 266 1840 266 1841 1505 1841 267 1841 1504 1842 1505 1842 265 1842 1505 1843 1506 1843 267 1843 267 1844 1506 1844 268 1844 1506 1845 1507 1845 268 1845 268 1846 1507 1846 269 1846 1507 1847 1508 1847 269 1847 1508 1848 1509 1848 269 1848 269 1849 1509 1849 270 1849 1509 1850 1510 1850 270 1850 270 1851 1510 1851 271 1851 1510 1852 1511 1852 271 1852 271 1853 1511 1853 272 1853 272 1854 1512 1854 273 1854 1511 1855 1512 1855 272 1855 273 1856 1513 1856 274 1856 1512 1857 1513 1857 273 1857 274 1858 1514 1858 275 1858 275 1859 1514 1859 276 1859 1513 1860 1514 1860 274 1860 1514 1861 1515 1861 276 1861 276 1862 1516 1862 277 1862 1515 1863 1516 1863 276 1863 277 1864 1517 1864 278 1864 278 1865 1517 1865 279 1865 1516 1866 1517 1866 277 1866 1517 1867 1518 1867 279 1867 279 1868 1519 1868 280 1868 1518 1869 1519 1869 279 1869 280 1870 1520 1870 281 1870 1519 1871 1520 1871 280 1871 281 1872 1521 1872 282 1872 1520 1873 1521 1873 281 1873 282 1874 1522 1874 283 1874 1521 1875 1522 1875 282 1875 283 1876 1523 1876 284 1876 1522 1877 1523 1877 283 1877 284 1878 1524 1878 285 1878 1523 1879 1524 1879 284 1879 285 1880 1525 1880 286 1880 1524 1881 1525 1881 285 1881 286 1882 1526 1882 287 1882 1525 1883 1526 1883 286 1883 287 1884 1527 1884 288 1884 288 1885 1527 1885 244 1885 1526 1886 1527 1886 287 1886 1527 1887 1528 1887 244 1887 244 1888 1529 1888 243 1888 1528 1889 1529 1889 244 1889 243 1890 1530 1890 236 1890 236 1891 1530 1891 234 1891 1529 1892 1530 1892 243 1892 1530 1893 1531 1893 234 1893 1531 1894 1532 1894 234 1894 234 1895 1532 1895 228 1895 1532 1896 1533 1896 228 1896 228 1897 1533 1897 224 1897 224 1898 1533 1898 221 1898 1533 1899 1534 1899 221 1899 1534 1900 1535 1900 221 1900 221 1901 1535 1901 216 1901 216 1902 1536 1902 214 1902 1535 1903 1536 1903 216 1903 214 1904 1536 1904 208 1904 1536 1905 1537 1905 208 1905 208 1906 1538 1906 204 1906 204 1907 1538 1907 202 1907 1537 1908 1538 1908 208 1908 202 1909 1539 1909 198 1909 1538 1910 1539 1910 202 1910 1539 1911 1540 1911 198 1911 198 1912 1541 1912 192 1912 192 1913 1541 1913 189 1913 1540 1914 1541 1914 198 1914 189 1915 1542 1915 185 1915 1541 1916 1542 1916 189 1916 1542 1917 1543 1917 185 1917 185 1918 1544 1918 182 1918 1543 1919 1544 1919 185 1919 182 1920 1545 1920 176 1920 1544 1921 1545 1921 182 1921 176 1922 1546 1922 171 1922 171 1923 1546 1923 170 1923 1545 1924 1546 1924 176 1924 1546 1925 1547 1925 170 1925 170 1926 1548 1926 163 1926 1547 1927 1548 1927 170 1927 163 1928 1549 1928 162 1928 162 1929 1549 1929 156 1929 1548 1930 1549 1930 163 1930 156 1931 1550 1931 152 1931 1549 1932 1550 1932 156 1932 1550 1933 1551 1933 152 1933 152 1934 1552 1934 151 1934 151 1935 1552 1935 146 1935 1551 1936 1552 1936 152 1936 1552 1937 1553 1937 146 1937 146 1938 1554 1938 140 1938 1553 1939 1554 1939 146 1939 140 1940 1555 1940 138 1940 138 1941 1555 1941 141 1941 1554 1942 1555 1942 140 1942 1555 1943 1556 1943 141 1943 1556 1944 1557 1944 141 1944 141 1945 1557 1945 143 1945 1557 1946 1558 1946 143 1946 143 1947 1558 1947 149 1947 149 1948 1558 1948 154 1948 1558 1949 1559 1949 154 1949 1559 1950 1560 1950 154 1950 154 1951 1560 1951 159 1951 1560 1952 1561 1952 159 1952 159 1953 1561 1953 160 1953 1561 1954 1562 1954 160 1954 160 1955 1562 1955 166 1955 1562 1956 1563 1956 166 1956 166 1957 1563 1957 168 1957 1563 1958 1564 1958 168 1958 168 1959 1564 1959 173 1959 1564 1960 1565 1960 173 1960 173 1961 1565 1961 178 1961 1565 1962 1566 1962 178 1962 178 1963 1566 1963 179 1963 179 1964 1566 1964 186 1964 1566 1965 1567 1965 186 1965 1567 1966 1568 1966 186 1966 186 1967 1568 1967 190 1967 1568 1968 1569 1968 190 1968 190 1969 1569 1969 193 1969 1569 1970 1570 1970 193 1970 193 1971 1570 1971 195 1971 195 1972 1571 1972 199 1972 1570 1973 1571 1973 195 1973 199 1974 1572 1974 205 1974 1571 1975 1572 1975 199 1975 205 1976 1573 1976 209 1976 1572 1977 1573 1977 205 1977 209 1978 1574 1978 211 1978 1573 1979 1574 1979 209 1979 211 1980 1575 1980 218 1980 218 1981 1575 1981 222 1981 1574 1982 1575 1982 211 1982 1575 1983 1576 1983 222 1983 222 1984 1577 1984 226 1984 1576 1985 1577 1985 222 1985 226 1986 1578 1986 230 1986 1577 1987 1578 1987 226 1987 230 1988 1579 1988 232 1988 1578 1989 1579 1989 230 1989 232 1990 1580 1990 238 1990 1579 1991 1580 1991 232 1991 1580 1992 1581 1992 238 1992 238 1993 1581 1993 240 1993 1581 1994 1582 1994 240 1994 240 1995 1582 1995 246 1995 1582 1996 1583 1996 246 1996 246 1997 1583 1997 247 1997 1583 1998 1584 1998 247 1998 247 1999 1584 1999 250 1999 1584 2000 1585 2000 250 2000 250 2001 1585 2001 1190 2001 1585 2002 1586 2002 1190 2002 1190 2003 1586 2003 296 2003 1586 2004 1587 2004 296 2004 296 2005 1587 2005 295 2005 1587 2006 1500 2006 295 2006 295 2007 1500 2007 262 2007 1588 2008 1589 2008 251 2008 251 2009 1589 2009 307 2009 1589 2010 261 2010 307 2010 1589 2011 1590 2011 261 2011 1590 2012 1591 2012 261 2012 261 2013 1591 2013 1 2013 1591 2014 251 2014 1 2014 1591 2015 1588 2015 251 2015 1592 2016 1593 2016 460 2016 460 2017 1593 2017 716 2017 1593 2018 564 2018 716 2018 1593 2019 1594 2019 564 2019 1594 2020 1595 2020 564 2020 564 2021 1595 2021 298 2021 1595 2022 460 2022 298 2022 1595 2023 1592 2023 460 2023 1596 2024 1597 2024 649 2024 649 2025 1597 2025 650 2025 650 2026 1598 2026 713 2026 1597 2027 1598 2027 650 2027 713 2028 1599 2028 714 2028 1598 2029 1599 2029 713 2029 714 2030 1600 2030 778 2030 1599 2031 1600 2031 714 2031 778 2032 1601 2032 773 2032 773 2033 1601 2033 769 2033 1600 2034 1601 2034 778 2034 1601 2035 1602 2035 769 2035 769 2036 1602 2036 766 2036 1602 2037 1603 2037 766 2037 766 2038 1603 2038 761 2038 1603 2039 1604 2039 761 2039 1604 2040 1605 2040 761 2040 761 2041 1605 2041 757 2041 1605 2042 1606 2042 757 2042 757 2043 1606 2043 754 2043 1606 2044 1607 2044 754 2044 754 2045 1607 2045 710 2045 710 2046 1608 2046 708 2046 1607 2047 1608 2047 710 2047 708 2048 1609 2048 706 2048 1608 2049 1609 2049 708 2049 706 2050 1610 2050 704 2050 704 2051 1610 2051 703 2051 1609 2052 1610 2052 706 2052 1610 2053 1611 2053 703 2053 703 2054 1612 2054 700 2054 1611 2055 1612 2055 703 2055 700 2056 1613 2056 698 2056 698 2057 1613 2057 696 2057 1612 2058 1613 2058 700 2058 1613 2059 1614 2059 696 2059 696 2060 1615 2060 694 2060 1614 2061 1615 2061 696 2061 694 2062 1616 2062 692 2062 1615 2063 1616 2063 694 2063 692 2064 1617 2064 690 2064 1616 2065 1617 2065 692 2065 690 2066 1618 2066 687 2066 1617 2067 1618 2067 690 2067 687 2068 1619 2068 685 2068 1618 2069 1619 2069 687 2069 685 2070 1620 2070 684 2070 1619 2071 1620 2071 685 2071 684 2072 1621 2072 682 2072 1620 2073 1621 2073 684 2073 682 2074 1622 2074 677 2074 1621 2075 1622 2075 682 2075 677 2076 1623 2076 671 2076 671 2077 1623 2077 669 2077 1622 2078 1623 2078 677 2078 1623 2079 1624 2079 669 2079 669 2080 1625 2080 667 2080 1624 2081 1625 2081 669 2081 667 2082 1626 2082 659 2082 659 2083 1626 2083 655 2083 1625 2084 1626 2084 667 2084 1626 2085 1627 2085 655 2085 1627 2086 1628 2086 655 2086 655 2087 1628 2087 653 2087 1628 2088 1629 2088 653 2088 653 2089 1629 2089 651 2089 651 2090 1629 2090 656 2090 1629 2091 1630 2091 656 2091 1630 2092 1631 2092 656 2092 656 2093 1631 2093 660 2093 660 2094 1632 2094 663 2094 1631 2095 1632 2095 660 2095 663 2096 1632 2096 666 2096 1632 2097 1633 2097 666 2097 666 2098 1634 2098 672 2098 672 2099 1634 2099 674 2099 1633 2100 1634 2100 666 2100 674 2101 1635 2101 678 2101 1634 2102 1635 2102 674 2102 1635 2103 1636 2103 678 2103 678 2104 1637 2104 1192 2104 1192 2105 1637 2105 597 2105 1636 2106 1637 2106 678 2106 597 2107 1638 2107 594 2107 1637 2108 1638 2108 597 2108 1638 2109 1639 2109 594 2109 594 2110 1640 2110 592 2110 1639 2111 1640 2111 594 2111 592 2112 1641 2112 590 2112 1640 2113 1641 2113 592 2113 590 2114 1642 2114 588 2114 588 2115 1642 2115 587 2115 1641 2116 1642 2116 590 2116 1642 2117 1643 2117 587 2117 587 2118 1644 2118 584 2118 1643 2119 1644 2119 587 2119 584 2120 1645 2120 582 2120 582 2121 1645 2121 580 2121 1644 2122 1645 2122 584 2122 580 2123 1646 2123 578 2123 1645 2124 1646 2124 580 2124 1646 2125 1647 2125 578 2125 578 2126 1648 2126 576 2126 576 2127 1648 2127 574 2127 1647 2128 1648 2128 578 2128 1648 2129 1649 2129 574 2129 574 2130 1650 2130 571 2130 1649 2131 1650 2131 574 2131 571 2132 1651 2132 572 2132 572 2133 1651 2133 573 2133 1650 2134 1651 2134 571 2134 1651 2135 1652 2135 573 2135 1652 2136 1653 2136 573 2136 573 2137 1653 2137 575 2137 1653 2138 1654 2138 575 2138 575 2139 1654 2139 577 2139 577 2140 1654 2140 579 2140 1654 2141 1655 2141 579 2141 1655 2142 1656 2142 579 2142 579 2143 1656 2143 581 2143 1656 2144 1657 2144 581 2144 581 2145 1657 2145 583 2145 1657 2146 1658 2146 583 2146 583 2147 1658 2147 585 2147 1658 2148 1659 2148 585 2148 585 2149 1659 2149 586 2149 1659 2150 1660 2150 586 2150 586 2151 1660 2151 589 2151 1660 2152 1661 2152 589 2152 589 2153 1661 2153 591 2153 1661 2154 1662 2154 591 2154 591 2155 1662 2155 593 2155 593 2156 1662 2156 595 2156 1662 2157 1663 2157 595 2157 1663 2158 1664 2158 595 2158 595 2159 1664 2159 598 2159 1664 2160 1665 2160 598 2160 598 2161 1665 2161 599 2161 1665 2162 1666 2162 599 2162 599 2163 1666 2163 600 2163 600 2164 1667 2164 601 2164 1666 2165 1667 2165 600 2165 601 2166 1668 2166 602 2166 1667 2167 1668 2167 601 2167 602 2168 1669 2168 604 2168 1668 2169 1669 2169 602 2169 604 2170 1670 2170 605 2170 1669 2171 1670 2171 604 2171 605 2172 1671 2172 606 2172 606 2173 1671 2173 607 2173 1670 2174 1671 2174 605 2174 1671 2175 1672 2175 607 2175 607 2176 1673 2176 608 2176 1672 2177 1673 2177 607 2177 608 2178 1674 2178 609 2178 1673 2179 1674 2179 608 2179 609 2180 1675 2180 612 2180 1674 2181 1675 2181 609 2181 612 2182 1676 2182 614 2182 1675 2183 1676 2183 612 2183 1676 2184 1677 2184 614 2184 614 2185 1677 2185 615 2185 1677 2186 1678 2186 615 2186 615 2187 1678 2187 616 2187 1678 2188 1679 2188 616 2188 616 2189 1679 2189 617 2189 1679 2190 1680 2190 617 2190 617 2191 1680 2191 618 2191 1680 2192 1681 2192 618 2192 618 2193 1681 2193 646 2193 1681 2194 1682 2194 646 2194 646 2195 1682 2195 647 2195 1682 2196 1683 2196 647 2196 647 2197 1683 2197 648 2197 1683 2198 1596 2198 648 2198 648 2199 1596 2199 649 2199 1684 2200 1685 2200 786 2200 786 2201 1685 2201 789 2201 789 2202 1686 2202 795 2202 1685 2203 1686 2203 789 2203 795 2204 1687 2204 798 2204 1686 2205 1687 2205 795 2205 798 2206 1688 2206 799 2206 1687 2207 1688 2207 798 2207 799 2208 1689 2208 805 2208 805 2209 1689 2209 807 2209 1688 2210 1689 2210 799 2210 1689 2211 1690 2211 807 2211 807 2212 1690 2212 809 2212 1690 2213 1691 2213 809 2213 809 2214 1691 2214 810 2214 1691 2215 1692 2215 810 2215 1692 2216 1693 2216 810 2216 810 2217 1693 2217 813 2217 1693 2218 1694 2218 813 2218 813 2219 1694 2219 815 2219 1694 2220 1695 2220 815 2220 815 2221 1695 2221 817 2221 817 2222 1696 2222 819 2222 1695 2223 1696 2223 817 2223 819 2224 1697 2224 820 2224 1696 2225 1697 2225 819 2225 820 2226 1698 2226 823 2226 823 2227 1698 2227 825 2227 1697 2228 1698 2228 820 2228 1698 2229 1699 2229 825 2229 825 2230 1700 2230 746 2230 1699 2231 1700 2231 825 2231 746 2232 1701 2232 745 2232 745 2233 1701 2233 717 2233 1700 2234 1701 2234 746 2234 1701 2235 1702 2235 717 2235 717 2236 1703 2236 715 2236 1702 2237 1703 2237 717 2237 715 2238 1704 2238 718 2238 1703 2239 1704 2239 715 2239 718 2240 1705 2240 719 2240 1704 2241 1705 2241 718 2241 719 2242 1706 2242 720 2242 1705 2243 1706 2243 719 2243 720 2244 1707 2244 721 2244 1706 2245 1707 2245 720 2245 721 2246 1708 2246 722 2246 1707 2247 1708 2247 721 2247 722 2248 1709 2248 723 2248 1708 2249 1709 2249 722 2249 723 2250 1710 2250 724 2250 1709 2251 1710 2251 723 2251 724 2252 1711 2252 725 2252 725 2253 1711 2253 726 2253 1710 2254 1711 2254 724 2254 1711 2255 1712 2255 726 2255 726 2256 1713 2256 727 2256 1712 2257 1713 2257 726 2257 727 2258 1714 2258 728 2258 728 2259 1714 2259 729 2259 1713 2260 1714 2260 727 2260 1714 2261 1715 2261 729 2261 1715 2262 1716 2262 729 2262 729 2263 1716 2263 730 2263 1716 2264 1717 2264 730 2264 730 2265 1717 2265 731 2265 731 2266 1717 2266 732 2266 1717 2267 1718 2267 732 2267 1718 2268 1719 2268 732 2268 732 2269 1719 2269 733 2269 733 2270 1720 2270 734 2270 1719 2271 1720 2271 733 2271 734 2272 1720 2272 735 2272 1720 2273 1721 2273 735 2273 735 2274 1722 2274 736 2274 736 2275 1722 2275 737 2275 1721 2276 1722 2276 735 2276 737 2277 1723 2277 738 2277 1722 2278 1723 2278 737 2278 1723 2279 1724 2279 738 2279 738 2280 1725 2280 739 2280 739 2281 1725 2281 740 2281 1724 2282 1725 2282 738 2282 740 2283 1726 2283 741 2283 1725 2284 1726 2284 740 2284 1726 2285 1727 2285 741 2285 741 2286 1728 2286 742 2286 1727 2287 1728 2287 741 2287 742 2288 1729 2288 743 2288 1728 2289 1729 2289 742 2289 743 2290 1730 2290 744 2290 744 2291 1730 2291 1193 2291 1729 2292 1730 2292 743 2292 1730 2293 1731 2293 1193 2293 1193 2294 1732 2294 679 2294 1731 2295 1732 2295 1193 2295 679 2296 1733 2296 675 2296 675 2297 1733 2297 673 2297 1732 2298 1733 2298 679 2298 673 2299 1734 2299 665 2299 1733 2300 1734 2300 673 2300 1734 2301 1735 2301 665 2301 665 2302 1736 2302 664 2302 664 2303 1736 2303 661 2303 1735 2304 1736 2304 665 2304 1736 2305 1737 2305 661 2305 661 2306 1738 2306 657 2306 1737 2307 1738 2307 661 2307 657 2308 1739 2308 652 2308 652 2309 1739 2309 654 2309 1738 2310 1739 2310 657 2310 1739 2311 1740 2311 654 2311 1740 2312 1741 2312 654 2312 654 2313 1741 2313 658 2313 1741 2314 1742 2314 658 2314 658 2315 1742 2315 662 2315 662 2316 1742 2316 668 2316 1742 2317 1743 2317 668 2317 1743 2318 1744 2318 668 2318 668 2319 1744 2319 670 2319 1744 2320 1745 2320 670 2320 670 2321 1745 2321 676 2321 1745 2322 1746 2322 676 2322 676 2323 1746 2323 680 2323 1746 2324 1747 2324 680 2324 680 2325 1747 2325 681 2325 1747 2326 1748 2326 681 2326 681 2327 1748 2327 683 2327 1748 2328 1749 2328 683 2328 683 2329 1749 2329 686 2329 1749 2330 1750 2330 686 2330 686 2331 1750 2331 688 2331 688 2332 1750 2332 689 2332 1750 2333 1751 2333 689 2333 1751 2334 1752 2334 689 2334 689 2335 1752 2335 691 2335 1752 2336 1753 2336 691 2336 691 2337 1753 2337 693 2337 1753 2338 1754 2338 693 2338 693 2339 1754 2339 695 2339 695 2340 1755 2340 697 2340 1754 2341 1755 2341 695 2341 697 2342 1756 2342 699 2342 1755 2343 1756 2343 697 2343 699 2344 1757 2344 702 2344 1756 2345 1757 2345 699 2345 702 2346 1758 2346 705 2346 1757 2347 1758 2347 702 2347 705 2348 1759 2348 707 2348 707 2349 1759 2349 709 2349 1758 2350 1759 2350 705 2350 1759 2351 1760 2351 709 2351 709 2352 1761 2352 711 2352 1760 2353 1761 2353 709 2353 711 2354 1762 2354 751 2354 1761 2355 1762 2355 711 2355 751 2356 1763 2356 752 2356 1762 2357 1763 2357 751 2357 752 2358 1764 2358 758 2358 1763 2359 1764 2359 752 2359 1764 2360 1765 2360 758 2360 758 2361 1765 2361 762 2361 1765 2362 1766 2362 762 2362 762 2363 1766 2363 764 2363 1766 2364 1767 2364 764 2364 764 2365 1767 2365 771 2365 1767 2366 1768 2366 771 2366 771 2367 1768 2367 775 2367 1768 2368 1769 2368 775 2368 775 2369 1769 2369 776 2369 1769 2370 1770 2370 776 2370 776 2371 1770 2371 780 2371 1770 2372 1771 2372 780 2372 780 2373 1771 2373 785 2373 1771 2374 1684 2374 785 2374 785 2375 1684 2375 786 2375 1772 2376 1773 2376 855 2376 855 2377 1773 2377 856 2377 856 2378 1774 2378 857 2378 1773 2379 1774 2379 856 2379 857 2380 1775 2380 858 2380 1774 2381 1775 2381 857 2381 858 2382 1776 2382 859 2382 1775 2383 1776 2383 858 2383 859 2384 1777 2384 861 2384 861 2385 1777 2385 863 2385 1776 2386 1777 2386 859 2386 1777 2387 1778 2387 863 2387 863 2388 1778 2388 864 2388 1778 2389 1779 2389 864 2389 864 2390 1779 2390 865 2390 1779 2391 1780 2391 865 2391 1780 2392 1781 2392 865 2392 865 2393 1781 2393 866 2393 1781 2394 1782 2394 866 2394 866 2395 1782 2395 867 2395 1782 2396 1783 2396 867 2396 867 2397 1783 2397 870 2397 870 2398 1784 2398 871 2398 1783 2399 1784 2399 870 2399 871 2400 1785 2400 872 2400 1784 2401 1785 2401 871 2401 872 2402 1786 2402 873 2402 873 2403 1786 2403 877 2403 1785 2404 1786 2404 872 2404 1786 2405 1787 2405 877 2405 877 2406 1788 2406 878 2406 1787 2407 1788 2407 877 2407 878 2408 1789 2408 879 2408 879 2409 1789 2409 880 2409 1788 2410 1789 2410 878 2410 1789 2411 1790 2411 880 2411 880 2412 1791 2412 883 2412 1790 2413 1791 2413 880 2413 883 2414 1792 2414 884 2414 1791 2415 1792 2415 883 2415 884 2416 1793 2416 885 2416 1792 2417 1793 2417 884 2417 885 2418 1794 2418 888 2418 1793 2419 1794 2419 885 2419 888 2420 1795 2420 839 2420 1794 2421 1795 2421 888 2421 839 2422 1796 2422 838 2422 1795 2423 1796 2423 839 2423 838 2424 1797 2424 829 2424 1796 2425 1797 2425 838 2425 829 2426 1798 2426 828 2426 1797 2427 1798 2427 829 2427 828 2428 1799 2428 827 2428 827 2429 1799 2429 826 2429 1798 2430 1799 2430 828 2430 1799 2431 1800 2431 826 2431 826 2432 1801 2432 824 2432 1800 2433 1801 2433 826 2433 824 2434 1802 2434 822 2434 822 2435 1802 2435 821 2435 1801 2436 1802 2436 824 2436 1802 2437 1803 2437 821 2437 1803 2438 1804 2438 821 2438 821 2439 1804 2439 818 2439 1804 2440 1805 2440 818 2440 818 2441 1805 2441 816 2441 816 2442 1805 2442 814 2442 1805 2443 1806 2443 814 2443 1806 2444 1807 2444 814 2444 814 2445 1807 2445 812 2445 812 2446 1808 2446 811 2446 1807 2447 1808 2447 812 2447 811 2448 1808 2448 808 2448 1808 2449 1809 2449 808 2449 808 2450 1810 2450 806 2450 806 2451 1810 2451 804 2451 1809 2452 1810 2452 808 2452 804 2453 1811 2453 802 2453 1810 2454 1811 2454 804 2454 1811 2455 1812 2455 802 2455 802 2456 1813 2456 797 2456 797 2457 1813 2457 794 2457 1812 2458 1813 2458 802 2458 794 2459 1814 2459 792 2459 1813 2460 1814 2460 794 2460 1814 2461 1815 2461 792 2461 792 2462 1816 2462 788 2462 1815 2463 1816 2463 792 2463 788 2464 1817 2464 784 2464 1816 2465 1817 2465 788 2465 784 2466 1818 2466 782 2466 782 2467 1818 2467 779 2467 1817 2468 1818 2468 784 2468 1818 2469 1819 2469 779 2469 779 2470 1820 2470 774 2470 1819 2471 1820 2471 779 2471 774 2472 1821 2472 770 2472 770 2473 1821 2473 767 2473 1820 2474 1821 2474 774 2474 767 2475 1822 2475 763 2475 1821 2476 1822 2476 767 2476 1822 2477 1823 2477 763 2477 763 2478 1824 2478 759 2478 759 2479 1824 2479 755 2479 1823 2480 1824 2480 763 2480 1824 2481 1825 2481 755 2481 755 2482 1826 2482 750 2482 1825 2483 1826 2483 755 2483 750 2484 1827 2484 749 2484 749 2485 1827 2485 753 2485 1826 2486 1827 2486 750 2486 1827 2487 1828 2487 753 2487 1828 2488 1829 2488 753 2488 753 2489 1829 2489 756 2489 1829 2490 1830 2490 756 2490 756 2491 1830 2491 760 2491 760 2492 1830 2492 765 2492 1830 2493 1831 2493 765 2493 1831 2494 1832 2494 765 2494 765 2495 1832 2495 768 2495 1832 2496 1833 2496 768 2496 768 2497 1833 2497 772 2497 1833 2498 1834 2498 772 2498 772 2499 1834 2499 777 2499 1834 2500 1835 2500 777 2500 777 2501 1835 2501 781 2501 1835 2502 1836 2502 781 2502 781 2503 1836 2503 783 2503 1836 2504 1837 2504 783 2504 783 2505 1837 2505 787 2505 1837 2506 1838 2506 787 2506 787 2507 1838 2507 790 2507 790 2508 1838 2508 793 2508 1838 2509 1839 2509 793 2509 1839 2510 1840 2510 793 2510 793 2511 1840 2511 796 2511 1840 2512 1841 2512 796 2512 796 2513 1841 2513 800 2513 1841 2514 1842 2514 800 2514 800 2515 1842 2515 801 2515 801 2516 1843 2516 803 2516 1842 2517 1843 2517 801 2517 803 2518 1844 2518 831 2518 1843 2519 1844 2519 803 2519 831 2520 1845 2520 832 2520 1844 2521 1845 2521 831 2521 832 2522 1846 2522 833 2522 1845 2523 1846 2523 832 2523 833 2524 1847 2524 834 2524 834 2525 1847 2525 835 2525 1846 2526 1847 2526 833 2526 1847 2527 1848 2527 835 2527 835 2528 1849 2528 836 2528 1848 2529 1849 2529 835 2529 836 2530 1850 2530 837 2530 1849 2531 1850 2531 836 2531 837 2532 1851 2532 844 2532 1850 2533 1851 2533 837 2533 844 2534 1852 2534 845 2534 1851 2535 1852 2535 844 2535 1852 2536 1853 2536 845 2536 845 2537 1853 2537 846 2537 1853 2538 1854 2538 846 2538 846 2539 1854 2539 847 2539 1854 2540 1855 2540 847 2540 847 2541 1855 2541 848 2541 1855 2542 1856 2542 848 2542 848 2543 1856 2543 849 2543 1856 2544 1857 2544 849 2544 849 2545 1857 2545 850 2545 1857 2546 1858 2546 850 2546 850 2547 1858 2547 853 2547 1858 2548 1859 2548 853 2548 853 2549 1859 2549 854 2549 1859 2550 1772 2550 854 2550 854 2551 1772 2551 855 2551 1860 2552 1861 2552 411 2552 411 2553 1861 2553 416 2553 416 2554 1862 2554 419 2554 1861 2555 1862 2555 416 2555 419 2556 1863 2556 420 2556 1862 2557 1863 2557 419 2557 420 2558 1864 2558 423 2558 1863 2559 1864 2559 420 2559 423 2560 1865 2560 428 2560 428 2561 1865 2561 429 2561 1864 2562 1865 2562 423 2562 1865 2563 1866 2563 429 2563 429 2564 1866 2564 430 2564 1866 2565 1867 2565 430 2565 430 2566 1867 2566 436 2566 1867 2567 1868 2567 436 2567 1868 2568 1869 2568 436 2568 436 2569 1869 2569 439 2569 1869 2570 1870 2570 439 2570 439 2571 1870 2571 441 2571 1870 2572 1871 2572 441 2572 441 2573 1871 2573 443 2573 443 2574 1872 2574 467 2574 1871 2575 1872 2575 443 2575 467 2576 1873 2576 470 2576 1872 2577 1873 2577 467 2577 470 2578 1874 2578 474 2578 474 2579 1874 2579 481 2579 1873 2580 1874 2580 470 2580 1874 2581 1875 2581 481 2581 481 2582 1876 2582 482 2582 1875 2583 1876 2583 481 2583 482 2584 1877 2584 486 2584 486 2585 1877 2585 492 2585 1876 2586 1877 2586 482 2586 1877 2587 1878 2587 492 2587 492 2588 1879 2588 373 2588 1878 2589 1879 2589 492 2589 373 2590 1880 2590 372 2590 1879 2591 1880 2591 373 2591 372 2592 1881 2592 374 2592 1880 2593 1881 2593 372 2593 374 2594 1882 2594 360 2594 1881 2595 1882 2595 374 2595 360 2596 1883 2596 359 2596 1882 2597 1883 2597 360 2597 359 2598 1884 2598 361 2598 1883 2599 1884 2599 359 2599 361 2600 1885 2600 362 2600 1884 2601 1885 2601 361 2601 362 2602 1886 2602 363 2602 1885 2603 1886 2603 362 2603 363 2604 1887 2604 357 2604 357 2605 1887 2605 356 2605 1886 2606 1887 2606 363 2606 1887 2607 1888 2607 356 2607 356 2608 1889 2608 355 2608 1888 2609 1889 2609 356 2609 355 2610 1890 2610 354 2610 354 2611 1890 2611 353 2611 1889 2612 1890 2612 355 2612 1890 2613 1891 2613 353 2613 1891 2614 1892 2614 353 2614 353 2615 1892 2615 352 2615 1892 2616 1893 2616 352 2616 352 2617 1893 2617 351 2617 351 2618 1893 2618 350 2618 1893 2619 1894 2619 350 2619 1894 2620 1895 2620 350 2620 350 2621 1895 2621 348 2621 348 2622 1896 2622 347 2622 1895 2623 1896 2623 348 2623 347 2624 1896 2624 346 2624 1896 2625 1897 2625 346 2625 346 2626 1898 2626 345 2626 345 2627 1898 2627 344 2627 1897 2628 1898 2628 346 2628 344 2629 1899 2629 343 2629 1898 2630 1899 2630 344 2630 1899 2631 1900 2631 343 2631 343 2632 1901 2632 342 2632 342 2633 1901 2633 340 2633 1900 2634 1901 2634 343 2634 340 2635 1902 2635 337 2635 1901 2636 1902 2636 340 2636 1902 2637 1903 2637 337 2637 337 2638 1904 2638 335 2638 1903 2639 1904 2639 337 2639 335 2640 1905 2640 334 2640 1904 2641 1905 2641 335 2641 334 2642 1906 2642 330 2642 330 2643 1906 2643 329 2643 1905 2644 1906 2644 334 2644 1906 2645 1907 2645 329 2645 329 2646 1908 2646 324 2646 1907 2647 1908 2647 329 2647 324 2648 1909 2648 323 2648 323 2649 1909 2649 320 2649 1908 2650 1909 2650 324 2650 320 2651 1910 2651 319 2651 1909 2652 1910 2652 320 2652 1910 2653 1911 2653 319 2653 319 2654 1912 2654 315 2654 315 2655 1912 2655 314 2655 1911 2656 1912 2656 319 2656 1912 2657 1913 2657 314 2657 314 2658 1914 2658 311 2658 1913 2659 1914 2659 314 2659 311 2660 1915 2660 308 2660 308 2661 1915 2661 309 2661 1914 2662 1915 2662 311 2662 1915 2663 1916 2663 309 2663 1916 2664 1917 2664 309 2664 309 2665 1917 2665 313 2665 1917 2666 1918 2666 313 2666 313 2667 1918 2667 316 2667 316 2668 1918 2668 318 2668 1918 2669 1919 2669 318 2669 1919 2670 1920 2670 318 2670 318 2671 1920 2671 321 2671 1920 2672 1921 2672 321 2672 321 2673 1921 2673 322 2673 1921 2674 1922 2674 322 2674 322 2675 1922 2675 326 2675 1922 2676 1923 2676 326 2676 326 2677 1923 2677 328 2677 1923 2678 1924 2678 328 2678 328 2679 1924 2679 331 2679 1924 2680 1925 2680 331 2680 331 2681 1925 2681 332 2681 1925 2682 1926 2682 332 2682 332 2683 1926 2683 336 2683 336 2684 1926 2684 338 2684 1926 2685 1927 2685 338 2685 1927 2686 1928 2686 338 2686 338 2687 1928 2687 365 2687 1928 2688 1929 2688 365 2688 365 2689 1929 2689 366 2689 1929 2690 1930 2690 366 2690 366 2691 1930 2691 367 2691 367 2692 1931 2692 368 2692 1930 2693 1931 2693 367 2693 368 2694 1932 2694 369 2694 1931 2695 1932 2695 368 2695 369 2696 1933 2696 389 2696 1932 2697 1933 2697 369 2697 389 2698 1934 2698 387 2698 1933 2699 1934 2699 389 2699 387 2700 1935 2700 382 2700 382 2701 1935 2701 380 2701 1934 2702 1935 2702 387 2702 1935 2703 1936 2703 380 2703 380 2704 1937 2704 377 2704 1936 2705 1937 2705 380 2705 377 2706 1938 2706 375 2706 1937 2707 1938 2707 377 2707 375 2708 1939 2708 383 2708 1938 2709 1939 2709 375 2709 383 2710 1940 2710 386 2710 1939 2711 1940 2711 383 2711 1940 2712 1941 2712 386 2712 386 2713 1941 2713 391 2713 1941 2714 1942 2714 391 2714 391 2715 1942 2715 394 2715 1942 2716 1943 2716 394 2716 394 2717 1943 2717 397 2717 1943 2718 1944 2718 397 2718 397 2719 1944 2719 398 2719 1944 2720 1945 2720 398 2720 398 2721 1945 2721 403 2721 1945 2722 1946 2722 403 2722 403 2723 1946 2723 407 2723 1946 2724 1947 2724 407 2724 407 2725 1947 2725 409 2725 1947 2726 1860 2726 409 2726 409 2727 1860 2727 411 2727 1948 2728 1949 2728 457 2728 457 2729 1949 2729 458 2729 458 2730 1950 2730 459 2730 1949 2731 1950 2731 458 2731 459 2732 1951 2732 1195 2732 1950 2733 1951 2733 459 2733 1195 2734 1952 2734 554 2734 1951 2735 1952 2735 1195 2735 554 2736 1953 2736 552 2736 552 2737 1953 2737 550 2737 1952 2738 1953 2738 554 2738 1953 2739 1954 2739 550 2739 550 2740 1954 2740 548 2740 1954 2741 1955 2741 548 2741 548 2742 1955 2742 546 2742 1955 2743 1956 2743 546 2743 1956 2744 1957 2744 546 2744 546 2745 1957 2745 544 2745 1957 2746 1958 2746 544 2746 544 2747 1958 2747 543 2747 1958 2748 1959 2748 543 2748 543 2749 1959 2749 541 2749 541 2750 1960 2750 537 2750 1959 2751 1960 2751 541 2751 537 2752 1961 2752 535 2752 1960 2753 1961 2753 537 2753 535 2754 1962 2754 533 2754 533 2755 1962 2755 528 2755 1961 2756 1962 2756 535 2756 1962 2757 1963 2757 528 2757 528 2758 1964 2758 527 2758 1963 2759 1964 2759 528 2759 527 2760 1965 2760 522 2760 522 2761 1965 2761 521 2761 1964 2762 1965 2762 527 2762 1965 2763 1966 2763 521 2763 521 2764 1967 2764 517 2764 1966 2765 1967 2765 521 2765 517 2766 1968 2766 512 2766 1967 2767 1968 2767 517 2767 512 2768 1969 2768 511 2768 1968 2769 1969 2769 512 2769 511 2770 1970 2770 507 2770 1969 2771 1970 2771 511 2771 507 2772 1971 2772 502 2772 1970 2773 1971 2773 507 2773 502 2774 1972 2774 500 2774 1971 2775 1972 2775 502 2775 500 2776 1973 2776 498 2776 1972 2777 1973 2777 500 2777 498 2778 1974 2778 494 2778 1973 2779 1974 2779 498 2779 494 2780 1975 2780 490 2780 490 2781 1975 2781 485 2781 1974 2782 1975 2782 494 2782 1975 2783 1976 2783 485 2783 485 2784 1977 2784 479 2784 1976 2785 1977 2785 485 2785 479 2786 1978 2786 478 2786 478 2787 1978 2787 476 2787 1977 2788 1978 2788 479 2788 1978 2789 1979 2789 476 2789 1979 2790 1980 2790 476 2790 476 2791 1980 2791 472 2791 1980 2792 1981 2792 472 2792 472 2793 1981 2793 446 2793 446 2794 1981 2794 442 2794 1981 2795 1982 2795 442 2795 1982 2796 1983 2796 442 2796 442 2797 1983 2797 440 2797 440 2798 1984 2798 437 2798 1983 2799 1984 2799 440 2799 437 2800 1984 2800 433 2800 1984 2801 1985 2801 433 2801 433 2802 1986 2802 431 2802 431 2803 1986 2803 427 2803 1985 2804 1986 2804 433 2804 427 2805 1987 2805 424 2805 1986 2806 1987 2806 427 2806 1987 2807 1988 2807 424 2807 424 2808 1989 2808 422 2808 422 2809 1989 2809 418 2809 1988 2810 1989 2810 424 2810 418 2811 1990 2811 415 2811 1989 2812 1990 2812 418 2812 1990 2813 1991 2813 415 2813 415 2814 1992 2814 412 2814 1991 2815 1992 2815 415 2815 412 2816 1993 2816 408 2816 1992 2817 1993 2817 412 2817 408 2818 1994 2818 406 2818 406 2819 1994 2819 404 2819 1993 2820 1994 2820 408 2820 1994 2821 1995 2821 404 2821 404 2822 1996 2822 400 2822 1995 2823 1996 2823 404 2823 400 2824 1997 2824 396 2824 396 2825 1997 2825 393 2825 1996 2826 1997 2826 400 2826 393 2827 1998 2827 390 2827 1997 2828 1998 2828 393 2828 1998 2829 1999 2829 390 2829 390 2830 2000 2830 385 2830 385 2831 2000 2831 384 2831 1999 2832 2000 2832 390 2832 2000 2833 2001 2833 384 2833 384 2834 2002 2834 376 2834 2001 2835 2002 2835 384 2835 376 2836 2003 2836 378 2836 378 2837 2003 2837 379 2837 2002 2838 2003 2838 376 2838 2003 2839 2004 2839 379 2839 2004 2840 2005 2840 379 2840 379 2841 2005 2841 381 2841 2005 2842 2006 2842 381 2842 381 2843 2006 2843 388 2843 388 2844 2006 2844 392 2844 2006 2845 2007 2845 392 2845 2007 2846 2008 2846 392 2846 392 2847 2008 2847 395 2847 2008 2848 2009 2848 395 2848 395 2849 2009 2849 399 2849 2009 2850 2010 2850 399 2850 399 2851 2010 2851 401 2851 2010 2852 2011 2852 401 2852 401 2853 2011 2853 402 2853 2011 2854 2012 2854 402 2854 402 2855 2012 2855 405 2855 2012 2856 2013 2856 405 2856 405 2857 2013 2857 410 2857 2013 2858 2014 2858 410 2858 410 2859 2014 2859 413 2859 413 2860 2014 2860 414 2860 2014 2861 2015 2861 414 2861 2015 2862 2016 2862 414 2862 414 2863 2016 2863 417 2863 2016 2864 2017 2864 417 2864 417 2865 2017 2865 421 2865 2017 2866 2018 2866 421 2866 421 2867 2018 2867 425 2867 425 2868 2019 2868 426 2868 2018 2869 2019 2869 425 2869 426 2870 2020 2870 432 2870 2019 2871 2020 2871 426 2871 432 2872 2021 2872 434 2872 2020 2873 2021 2873 432 2873 434 2874 2022 2874 435 2874 2021 2875 2022 2875 434 2875 435 2876 2023 2876 438 2876 438 2877 2023 2877 444 2877 2022 2878 2023 2878 435 2878 2023 2879 2024 2879 444 2879 444 2880 2025 2880 445 2880 2024 2881 2025 2881 444 2881 445 2882 2026 2882 447 2882 2025 2883 2026 2883 445 2883 447 2884 2027 2884 448 2884 2026 2885 2027 2885 447 2885 448 2886 2028 2886 449 2886 2027 2887 2028 2887 448 2887 2028 2888 2029 2888 449 2888 449 2889 2029 2889 450 2889 2029 2890 2030 2890 450 2890 450 2891 2030 2891 451 2891 2030 2892 2031 2892 451 2892 451 2893 2031 2893 452 2893 2031 2894 2032 2894 452 2894 452 2895 2032 2895 453 2895 2032 2896 2033 2896 453 2896 453 2897 2033 2897 454 2897 2033 2898 2034 2898 454 2898 454 2899 2034 2899 455 2899 2034 2900 2035 2900 455 2900 455 2901 2035 2901 456 2901 2035 2902 1948 2902 456 2902 456 2903 1948 2903 457 2903 2036 2904 2037 2904 622 2904 622 2905 2037 2905 623 2905 623 2906 2038 2906 624 2906 2037 2907 2038 2907 623 2907 624 2908 2039 2908 625 2908 2038 2909 2039 2909 624 2909 625 2910 2040 2910 626 2910 2039 2911 2040 2911 625 2911 626 2912 2041 2912 627 2912 627 2913 2041 2913 628 2913 2040 2914 2041 2914 626 2914 2041 2915 2042 2915 628 2915 628 2916 2042 2916 629 2916 2042 2917 2043 2917 629 2917 629 2918 2043 2918 630 2918 2043 2919 2044 2919 630 2919 2044 2920 2045 2920 630 2920 630 2921 2045 2921 631 2921 2045 2922 2046 2922 631 2922 631 2923 2046 2923 632 2923 2046 2924 2047 2924 632 2924 632 2925 2047 2925 633 2925 633 2926 2048 2926 634 2926 2047 2927 2048 2927 633 2927 634 2928 2049 2928 635 2928 2048 2929 2049 2929 634 2929 635 2930 2050 2930 636 2930 636 2931 2050 2931 637 2931 2049 2932 2050 2932 635 2932 2050 2933 2051 2933 637 2933 637 2934 2052 2934 639 2934 2051 2935 2052 2935 637 2935 639 2936 2053 2936 640 2936 640 2937 2053 2937 641 2937 2052 2938 2053 2938 639 2938 2053 2939 2054 2939 641 2939 641 2940 2055 2940 642 2940 2054 2941 2055 2941 641 2941 642 2942 2056 2942 643 2942 2055 2943 2056 2943 642 2943 643 2944 2057 2944 644 2944 2056 2945 2057 2945 643 2945 644 2946 2058 2946 611 2946 2057 2947 2058 2947 644 2947 611 2948 2059 2948 567 2948 2058 2949 2059 2949 611 2949 567 2950 2060 2950 565 2950 2059 2951 2060 2951 567 2951 565 2952 2061 2952 568 2952 2060 2953 2061 2953 565 2953 568 2954 2062 2954 569 2954 2061 2955 2062 2955 568 2955 569 2956 2063 2956 570 2956 570 2957 2063 2957 558 2957 2062 2958 2063 2958 569 2958 2063 2959 2064 2959 558 2959 558 2960 2065 2960 556 2960 2064 2961 2065 2961 558 2961 556 2962 2066 2962 559 2962 559 2963 2066 2963 560 2963 2065 2964 2066 2964 556 2964 2066 2965 2067 2965 560 2965 2067 2966 2068 2966 560 2966 560 2967 2068 2967 561 2967 2068 2968 2069 2968 561 2968 561 2969 2069 2969 562 2969 562 2970 2069 2970 538 2970 2069 2971 2070 2971 538 2971 2070 2972 2071 2972 538 2972 538 2973 2071 2973 534 2973 534 2974 2072 2974 531 2974 2071 2975 2072 2975 534 2975 531 2976 2072 2976 529 2976 2072 2977 2073 2977 529 2977 529 2978 2074 2978 525 2978 525 2979 2074 2979 523 2979 2073 2980 2074 2980 529 2980 523 2981 2075 2981 519 2981 2074 2982 2075 2982 523 2982 2075 2983 2076 2983 519 2983 519 2984 2077 2984 515 2984 515 2985 2077 2985 513 2985 2076 2986 2077 2986 519 2986 513 2987 2078 2987 509 2987 2077 2988 2078 2988 513 2988 2078 2989 2079 2989 509 2989 509 2990 2080 2990 508 2990 2079 2991 2080 2991 509 2991 508 2992 2081 2992 505 2992 2080 2993 2081 2993 508 2993 505 2994 2082 2994 499 2994 499 2995 2082 2995 496 2995 2081 2996 2082 2996 505 2996 2082 2997 2083 2997 496 2997 496 2998 2084 2998 495 2998 2083 2999 2084 2999 496 2999 495 3000 2085 3000 491 3000 491 3001 2085 3001 487 3001 2084 3002 2085 3002 495 3002 487 3003 2086 3003 483 3003 2085 3004 2086 3004 487 3004 2086 3005 2087 3005 483 3005 483 3006 2088 3006 480 3006 480 3007 2088 3007 473 3007 2087 3008 2088 3008 483 3008 2088 3009 2089 3009 473 3009 473 3010 2090 3010 469 3010 2089 3011 2090 3011 473 3011 469 3012 2091 3012 468 3012 468 3013 2091 3013 471 3013 2090 3014 2091 3014 469 3014 2091 3015 2092 3015 471 3015 2092 3016 2093 3016 471 3016 471 3017 2093 3017 475 3017 2093 3018 2094 3018 475 3018 475 3019 2094 3019 477 3019 477 3020 2094 3020 484 3020 2094 3021 2095 3021 484 3021 2095 3022 2096 3022 484 3022 484 3023 2096 3023 488 3023 2096 3024 2097 3024 488 3024 488 3025 2097 3025 489 3025 2097 3026 2098 3026 489 3026 489 3027 2098 3027 493 3027 2098 3028 2099 3028 493 3028 493 3029 2099 3029 497 3029 2099 3030 2100 3030 497 3030 497 3031 2100 3031 501 3031 2100 3032 2101 3032 501 3032 501 3033 2101 3033 503 3033 2101 3034 2102 3034 503 3034 503 3035 2102 3035 506 3035 506 3036 2102 3036 510 3036 2102 3037 2103 3037 510 3037 2103 3038 2104 3038 510 3038 510 3039 2104 3039 514 3039 2104 3040 2105 3040 514 3040 514 3041 2105 3041 516 3041 2105 3042 2106 3042 516 3042 516 3043 2106 3043 520 3043 520 3044 2107 3044 524 3044 2106 3045 2107 3045 520 3045 524 3046 2108 3046 526 3046 2107 3047 2108 3047 524 3047 526 3048 2109 3048 530 3048 2108 3049 2109 3049 526 3049 530 3050 2110 3050 532 3050 2109 3051 2110 3051 530 3051 532 3052 2111 3052 536 3052 536 3053 2111 3053 539 3053 2110 3054 2111 3054 532 3054 2111 3055 2112 3055 539 3055 539 3056 2113 3056 540 3056 2112 3057 2113 3057 539 3057 540 3058 2114 3058 542 3058 2113 3059 2114 3059 540 3059 542 3060 2115 3060 545 3060 2114 3061 2115 3061 542 3061 545 3062 2116 3062 547 3062 2115 3063 2116 3063 545 3063 2116 3064 2117 3064 547 3064 547 3065 2117 3065 549 3065 2117 3066 2118 3066 549 3066 549 3067 2118 3067 551 3067 2118 3068 2119 3068 551 3068 551 3069 2119 3069 553 3069 2119 3070 2120 3070 553 3070 553 3071 2120 3071 555 3071 2120 3072 2121 3072 555 3072 555 3073 2121 3073 1194 3073 2121 3074 2122 3074 1194 3074 1194 3075 2122 3075 621 3075 2122 3076 2123 3076 621 3076 621 3077 2123 3077 619 3077 2123 3078 2036 3078 619 3078 619 3079 2036 3079 622 3079 2124 3080 2125 3080 563 3080 563 3081 2125 3081 842 3081 2125 3082 620 3082 842 3082 2125 3083 2126 3083 620 3083 2126 3084 2127 3084 620 3084 620 3085 2127 3085 364 3085 2127 3086 563 3086 364 3086 2127 3087 2124 3087 563 3087 2128 3088 2129 3088 875 3088 875 3089 2129 3089 1072 3089 2129 3090 891 3090 1072 3090 2129 3091 2130 3091 891 3091 2130 3092 2131 3092 891 3092 891 3093 2131 3093 841 3093 2131 3094 875 3094 841 3094 2131 3095 2128 3095 875 3095 2132 3096 2133 3096 967 3096 967 3097 2133 3097 970 3097 970 3098 2134 3098 972 3098 2133 3099 2134 3099 970 3099 972 3100 2135 3100 993 3100 2134 3101 2135 3101 972 3101 993 3102 2136 3102 994 3102 2135 3103 2136 3103 993 3103 994 3104 2137 3104 1010 3104 1010 3105 2137 3105 1016 3105 2136 3106 2137 3106 994 3106 2137 3107 2138 3107 1016 3107 1016 3108 2138 3108 1019 3108 2138 3109 2139 3109 1019 3109 1019 3110 2139 3110 1021 3110 2139 3111 2140 3111 1021 3111 2140 3112 2141 3112 1021 3112 1021 3113 2141 3113 1027 3113 2141 3114 2142 3114 1027 3114 1027 3115 2142 3115 1033 3115 2142 3116 2143 3116 1033 3116 1033 3117 2143 3117 1037 3117 1037 3118 2144 3118 1049 3118 2143 3119 2144 3119 1037 3119 1049 3120 2145 3120 1047 3120 2144 3121 2145 3121 1049 3121 1047 3122 2146 3122 1044 3122 1044 3123 2146 3123 1042 3123 2145 3124 2146 3124 1047 3124 2146 3125 2147 3125 1042 3125 1042 3126 2148 3126 1040 3126 2147 3127 2148 3127 1042 3127 1040 3128 2149 3128 1036 3128 1036 3129 2149 3129 1031 3129 2148 3130 2149 3130 1040 3130 2149 3131 2150 3131 1031 3131 1031 3132 2151 3132 1029 3132 2150 3133 2151 3133 1031 3133 1029 3134 2152 3134 1024 3134 2151 3135 2152 3135 1029 3135 1024 3136 2153 3136 1022 3136 2152 3137 2153 3137 1024 3137 1022 3138 2154 3138 1015 3138 2153 3139 2154 3139 1022 3139 1015 3140 2155 3140 1014 3140 2154 3141 2155 3141 1015 3141 1014 3142 2156 3142 1009 3142 2155 3143 2156 3143 1014 3143 1009 3144 2157 3144 1007 3144 2156 3145 2157 3145 1009 3145 1007 3146 2158 3146 1001 3146 2157 3147 2158 3147 1007 3147 1001 3148 2159 3148 999 3148 999 3149 2159 3149 991 3149 2158 3150 2159 3150 1001 3150 2159 3151 2160 3151 991 3151 991 3152 2161 3152 988 3152 2160 3153 2161 3153 991 3153 988 3154 2162 3154 987 3154 987 3155 2162 3155 980 3155 2161 3156 2162 3156 988 3156 2162 3157 2163 3157 980 3157 2163 3158 2164 3158 980 3158 980 3159 2164 3159 975 3159 2164 3160 2165 3160 975 3160 975 3161 2165 3161 973 3161 973 3162 2165 3162 977 3162 2165 3163 2166 3163 977 3163 2166 3164 2167 3164 977 3164 977 3165 2167 3165 982 3165 982 3166 2168 3166 984 3166 2167 3167 2168 3167 982 3167 984 3168 2168 3168 985 3168 2168 3169 2169 3169 985 3169 985 3170 2170 3170 996 3170 996 3171 2170 3171 997 3171 2169 3172 2170 3172 985 3172 997 3173 2171 3173 1005 3173 2170 3174 2171 3174 997 3174 2171 3175 2172 3175 1005 3175 1005 3176 2173 3176 1196 3176 1196 3177 2173 3177 919 3177 2172 3178 2173 3178 1005 3178 919 3179 2174 3179 916 3179 2173 3180 2174 3180 919 3180 2174 3181 2175 3181 916 3181 916 3182 2176 3182 914 3182 2175 3183 2176 3183 916 3183 914 3184 2177 3184 913 3184 2176 3185 2177 3185 914 3185 913 3186 2178 3186 910 3186 910 3187 2178 3187 909 3187 2177 3188 2178 3188 913 3188 2178 3189 2179 3189 909 3189 909 3190 2180 3190 906 3190 2179 3191 2180 3191 909 3191 906 3192 2181 3192 904 3192 904 3193 2181 3193 902 3193 2180 3194 2181 3194 906 3194 902 3195 2182 3195 900 3195 2181 3196 2182 3196 902 3196 2182 3197 2183 3197 900 3197 900 3198 2184 3198 898 3198 898 3199 2184 3199 897 3199 2183 3200 2184 3200 900 3200 2184 3201 2185 3201 897 3201 897 3202 2186 3202 893 3202 2185 3203 2186 3203 897 3203 893 3204 2187 3204 894 3204 894 3205 2187 3205 895 3205 2186 3206 2187 3206 893 3206 2187 3207 2188 3207 895 3207 2188 3208 2189 3208 895 3208 895 3209 2189 3209 896 3209 2189 3210 2190 3210 896 3210 896 3211 2190 3211 899 3211 899 3212 2190 3212 901 3212 2190 3213 2191 3213 901 3213 2191 3214 2192 3214 901 3214 901 3215 2192 3215 903 3215 2192 3216 2193 3216 903 3216 903 3217 2193 3217 905 3217 2193 3218 2194 3218 905 3218 905 3219 2194 3219 907 3219 2194 3220 2195 3220 907 3220 907 3221 2195 3221 908 3221 2195 3222 2196 3222 908 3222 908 3223 2196 3223 911 3223 2196 3224 2197 3224 911 3224 911 3225 2197 3225 912 3225 2197 3226 2198 3226 912 3226 912 3227 2198 3227 915 3227 915 3228 2198 3228 917 3228 2198 3229 2199 3229 917 3229 2199 3230 2200 3230 917 3230 917 3231 2200 3231 918 3231 2200 3232 2201 3232 918 3232 918 3233 2201 3233 921 3233 2201 3234 2202 3234 921 3234 921 3235 2202 3235 922 3235 922 3236 2203 3236 923 3236 2202 3237 2203 3237 922 3237 923 3238 2204 3238 924 3238 2203 3239 2204 3239 923 3239 924 3240 2205 3240 948 3240 2204 3241 2205 3241 924 3241 948 3242 2206 3242 944 3242 2205 3243 2206 3243 948 3243 944 3244 2207 3244 939 3244 939 3245 2207 3245 937 3245 2206 3246 2207 3246 944 3246 2207 3247 2208 3247 937 3247 937 3248 2209 3248 933 3248 2208 3249 2209 3249 937 3249 933 3250 2210 3250 931 3250 2209 3251 2210 3251 933 3251 931 3252 2211 3252 934 3252 2210 3253 2211 3253 931 3253 934 3254 2212 3254 941 3254 2211 3255 2212 3255 934 3255 2212 3256 2213 3256 941 3256 941 3257 2213 3257 945 3257 2213 3258 2214 3258 945 3258 945 3259 2214 3259 949 3259 2214 3260 2215 3260 949 3260 949 3261 2215 3261 951 3261 2215 3262 2216 3262 951 3262 951 3263 2216 3263 955 3263 2216 3264 2217 3264 955 3264 955 3265 2217 3265 958 3265 2217 3266 2218 3266 958 3266 958 3267 2218 3267 960 3267 2218 3268 2219 3268 960 3268 960 3269 2219 3269 965 3269 2219 3270 2132 3270 965 3270 965 3271 2132 3271 967 3271 2220 3272 2221 3272 1124 3272 1124 3273 2221 3273 1122 3273 1122 3274 2222 3274 1125 3274 2221 3275 2222 3275 1122 3275 1125 3276 2223 3276 1126 3276 2222 3277 2223 3277 1125 3277 1126 3278 2224 3278 1131 3278 2223 3279 2224 3279 1126 3279 1131 3280 2225 3280 1133 3280 1133 3281 2225 3281 1134 3281 2224 3282 2225 3282 1131 3282 2225 3283 2226 3283 1134 3283 1134 3284 2226 3284 1135 3284 2226 3285 2227 3285 1135 3285 1135 3286 2227 3286 1136 3286 2227 3287 2228 3287 1136 3287 2228 3288 2229 3288 1136 3288 1136 3289 2229 3289 1137 3289 2229 3290 2230 3290 1137 3290 1137 3291 2230 3291 1138 3291 2230 3292 2231 3292 1138 3292 1138 3293 2231 3293 1140 3293 1140 3294 2232 3294 1142 3294 2231 3295 2232 3295 1140 3295 1142 3296 2233 3296 1143 3296 2232 3297 2233 3297 1142 3297 1143 3298 2234 3298 1144 3298 1144 3299 2234 3299 1145 3299 2233 3300 2234 3300 1143 3300 2234 3301 2235 3301 1145 3301 1145 3302 2236 3302 1146 3302 2235 3303 2236 3303 1145 3303 1146 3304 2237 3304 1147 3304 1147 3305 2237 3305 1150 3305 2236 3306 2237 3306 1146 3306 2237 3307 2238 3307 1150 3307 1150 3308 2239 3308 1151 3308 2238 3309 2239 3309 1150 3309 1151 3310 2240 3310 1152 3310 2239 3311 2240 3311 1151 3311 1152 3312 2241 3312 1153 3312 2240 3313 2241 3313 1152 3313 1153 3314 2242 3314 1154 3314 2241 3315 2242 3315 1153 3315 1154 3316 2243 3316 1157 3316 2242 3317 2243 3317 1154 3317 1157 3318 2244 3318 1158 3318 2243 3319 2244 3319 1157 3319 1158 3320 2245 3320 1065 3320 2244 3321 2245 3321 1158 3321 1065 3322 2246 3322 1063 3322 2245 3323 2246 3323 1065 3323 1063 3324 2247 3324 1061 3324 1061 3325 2247 3325 1059 3325 2246 3326 2247 3326 1063 3326 2247 3327 2248 3327 1059 3327 1059 3328 2249 3328 1057 3328 2248 3329 2249 3329 1059 3329 1057 3330 2250 3330 1055 3330 1055 3331 2250 3331 1053 3331 2249 3332 2250 3332 1057 3332 2250 3333 2251 3333 1053 3333 2251 3334 2252 3334 1053 3334 1053 3335 2252 3335 1051 3335 2252 3336 2253 3336 1051 3336 1051 3337 2253 3337 1038 3337 1038 3338 2253 3338 1034 3338 2253 3339 2254 3339 1034 3339 2254 3340 2255 3340 1034 3340 1034 3341 2255 3341 1028 3341 1028 3342 2256 3342 1025 3342 2255 3343 2256 3343 1028 3343 1025 3344 2256 3344 1020 3344 2256 3345 2257 3345 1020 3345 1020 3346 2258 3346 1017 3346 1017 3347 2258 3347 1011 3347 2257 3348 2258 3348 1020 3348 1011 3349 2259 3349 1003 3349 2258 3350 2259 3350 1011 3350 2259 3351 2260 3351 1003 3351 1003 3352 2261 3352 992 3352 992 3353 2261 3353 971 3353 2260 3354 2261 3354 1003 3354 971 3355 2262 3355 969 3355 2261 3356 2262 3356 971 3356 2262 3357 2263 3357 969 3357 969 3358 2264 3358 968 3358 2263 3359 2264 3359 969 3359 968 3360 2265 3360 966 3360 2264 3361 2265 3361 968 3361 966 3362 2266 3362 962 3362 962 3363 2266 3363 959 3363 2265 3364 2266 3364 966 3364 2266 3365 2267 3365 959 3365 959 3366 2268 3366 956 3366 2267 3367 2268 3367 959 3367 956 3368 2269 3368 953 3368 953 3369 2269 3369 950 3369 2268 3370 2269 3370 956 3370 950 3371 2270 3371 946 3371 2269 3372 2270 3372 950 3372 2270 3373 2271 3373 946 3373 946 3374 2272 3374 942 3374 942 3375 2272 3375 940 3375 2271 3376 2272 3376 946 3376 2272 3377 2273 3377 940 3377 940 3378 2274 3378 932 3378 2273 3379 2274 3379 940 3379 932 3380 2275 3380 935 3380 935 3381 2275 3381 936 3381 2274 3382 2275 3382 932 3382 2275 3383 2276 3383 936 3383 2276 3384 2277 3384 936 3384 936 3385 2277 3385 938 3385 2277 3386 2278 3386 938 3386 938 3387 2278 3387 943 3387 943 3388 2278 3388 947 3388 2278 3389 2279 3389 947 3389 2279 3390 2280 3390 947 3390 947 3391 2280 3391 952 3391 2280 3392 2281 3392 952 3392 952 3393 2281 3393 954 3393 2281 3394 2282 3394 954 3394 954 3395 2282 3395 957 3395 2282 3396 2283 3396 957 3396 957 3397 2283 3397 961 3397 2283 3398 2284 3398 961 3398 961 3399 2284 3399 963 3399 2284 3400 2285 3400 963 3400 963 3401 2285 3401 964 3401 2285 3402 2286 3402 964 3402 964 3403 2286 3403 1067 3403 1067 3404 2286 3404 1069 3404 2286 3405 2287 3405 1069 3405 2287 3406 2288 3406 1069 3406 1069 3407 2288 3407 1098 3407 2288 3408 2289 3408 1098 3408 1098 3409 2289 3409 1099 3409 2289 3410 2290 3410 1099 3410 1099 3411 2290 3411 1100 3411 1100 3412 2291 3412 1103 3412 2290 3413 2291 3413 1100 3413 1103 3414 2292 3414 1104 3414 2291 3415 2292 3415 1103 3415 1104 3416 2293 3416 1105 3416 2292 3417 2293 3417 1104 3417 1105 3418 2294 3418 1106 3418 2293 3419 2294 3419 1105 3419 1106 3420 2295 3420 1109 3420 1109 3421 2295 3421 1110 3421 2294 3422 2295 3422 1106 3422 2295 3423 2296 3423 1110 3423 1110 3424 2297 3424 1111 3424 2296 3425 2297 3425 1110 3425 1111 3426 2298 3426 1112 3426 2297 3427 2298 3427 1111 3427 1112 3428 2299 3428 1115 3428 2298 3429 2299 3429 1112 3429 1115 3430 2300 3430 1116 3430 2299 3431 2300 3431 1115 3431 2300 3432 2301 3432 1116 3432 1116 3433 2301 3433 1117 3433 2301 3434 2302 3434 1117 3434 1117 3435 2302 3435 1118 3435 2302 3436 2303 3436 1118 3436 1118 3437 2303 3437 1119 3437 2303 3438 2304 3438 1119 3438 1119 3439 2304 3439 1120 3439 2304 3440 2305 3440 1120 3440 1120 3441 2305 3441 1127 3441 2305 3442 2306 3442 1127 3442 1127 3443 2306 3443 1128 3443 2306 3444 2307 3444 1128 3444 1128 3445 2307 3445 1129 3445 2307 3446 2220 3446 1129 3446 1129 3447 2220 3447 1124 3447 2308 3448 2309 3448 1164 3448 1164 3449 2309 3449 1162 3449 1162 3450 2310 3450 1165 3450 2309 3451 2310 3451 1162 3451 1165 3452 2311 3452 1166 3452 2310 3453 2311 3453 1165 3453 1166 3454 2312 3454 1167 3454 2311 3455 2312 3455 1166 3455 1167 3456 2313 3456 1169 3456 1169 3457 2313 3457 1171 3457 2312 3458 2313 3458 1167 3458 2313 3459 2314 3459 1171 3459 1171 3460 2314 3460 1172 3460 2314 3461 2315 3461 1172 3461 1172 3462 2315 3462 1173 3462 2315 3463 2316 3463 1173 3463 2316 3464 2317 3464 1173 3464 1173 3465 2317 3465 1174 3465 2317 3466 2318 3466 1174 3466 1174 3467 2318 3467 1175 3467 2318 3468 2319 3468 1175 3468 1175 3469 2319 3469 1178 3469 1178 3470 2320 3470 1180 3470 2319 3471 2320 3471 1178 3471 1180 3472 2321 3472 1181 3472 2320 3473 2321 3473 1180 3473 1181 3474 2322 3474 1182 3474 1182 3475 2322 3475 1183 3475 2321 3476 2322 3476 1181 3476 2322 3477 2323 3477 1183 3477 1183 3478 2324 3478 1184 3478 2323 3479 2324 3479 1183 3479 1184 3480 2325 3480 1185 3480 1185 3481 2325 3481 1187 3481 2324 3482 2325 3482 1184 3482 2325 3483 2326 3483 1187 3483 1187 3484 2327 3484 1188 3484 2326 3485 2327 3485 1187 3485 1188 3486 2328 3486 1189 3486 2327 3487 2328 3487 1188 3487 1189 3488 2329 3488 1177 3488 2328 3489 2329 3489 1189 3489 1177 3490 2330 3490 1073 3490 2329 3491 2330 3491 1177 3491 1073 3492 2331 3492 1071 3492 2330 3493 2331 3493 1073 3493 1071 3494 2332 3494 1074 3494 2331 3495 2332 3495 1071 3495 1074 3496 2333 3496 1075 3496 2332 3497 2333 3497 1074 3497 1075 3498 2334 3498 1076 3498 2333 3499 2334 3499 1075 3499 1076 3500 2335 3500 1077 3500 1077 3501 2335 3501 1078 3501 2334 3502 2335 3502 1076 3502 2335 3503 2336 3503 1078 3503 1078 3504 2337 3504 1079 3504 2336 3505 2337 3505 1078 3505 1079 3506 2338 3506 1080 3506 1080 3507 2338 3507 1081 3507 2337 3508 2338 3508 1079 3508 2338 3509 2339 3509 1081 3509 2339 3510 2340 3510 1081 3510 1081 3511 2340 3511 1082 3511 2340 3512 2341 3512 1082 3512 1082 3513 2341 3513 1083 3513 1083 3514 2341 3514 1084 3514 2341 3515 2342 3515 1084 3515 2342 3516 2343 3516 1084 3516 1084 3517 2343 3517 1085 3517 1085 3518 2344 3518 1086 3518 2343 3519 2344 3519 1085 3519 1086 3520 2344 3520 1087 3520 2344 3521 2345 3521 1087 3521 1087 3522 2346 3522 1088 3522 1088 3523 2346 3523 1089 3523 2345 3524 2346 3524 1087 3524 1089 3525 2347 3525 1090 3525 2346 3526 2347 3526 1089 3526 2347 3527 2348 3527 1090 3527 1090 3528 2349 3528 1091 3528 1091 3529 2349 3529 1092 3529 2348 3530 2349 3530 1090 3530 1092 3531 2350 3531 1093 3531 2349 3532 2350 3532 1092 3532 2350 3533 2351 3533 1093 3533 1093 3534 2352 3534 1094 3534 2351 3535 2352 3535 1093 3535 1094 3536 2353 3536 1095 3536 2352 3537 2353 3537 1094 3537 1095 3538 2354 3538 1096 3538 1096 3539 2354 3539 1197 3539 2353 3540 2354 3540 1095 3540 2354 3541 2355 3541 1197 3541 1197 3542 2356 3542 1004 3542 2355 3543 2356 3543 1197 3543 1004 3544 2357 3544 1002 3544 1002 3545 2357 3545 995 3545 2356 3546 2357 3546 1004 3546 995 3547 2358 3547 989 3547 2357 3548 2358 3548 995 3548 2358 3549 2359 3549 989 3549 989 3550 2360 3550 983 3550 983 3551 2360 3551 981 3551 2359 3552 2360 3552 989 3552 2360 3553 2361 3553 981 3553 981 3554 2362 3554 976 3554 2361 3555 2362 3555 981 3555 976 3556 2363 3556 974 3556 974 3557 2363 3557 978 3557 2362 3558 2363 3558 976 3558 2363 3559 2364 3559 978 3559 2364 3560 2365 3560 978 3560 978 3561 2365 3561 979 3561 2365 3562 2366 3562 979 3562 979 3563 2366 3563 986 3563 986 3564 2366 3564 990 3564 2366 3565 2367 3565 990 3565 2367 3566 2368 3566 990 3566 990 3567 2368 3567 998 3567 2368 3568 2369 3568 998 3568 998 3569 2369 3569 1000 3569 2369 3570 2370 3570 1000 3570 1000 3571 2370 3571 1006 3571 2370 3572 2371 3572 1006 3572 1006 3573 2371 3573 1008 3573 2371 3574 2372 3574 1008 3574 1008 3575 2372 3575 1012 3575 2372 3576 2373 3576 1012 3576 1012 3577 2373 3577 1013 3577 2373 3578 2374 3578 1013 3578 1013 3579 2374 3579 1018 3579 1018 3580 2374 3580 1023 3580 2374 3581 2375 3581 1023 3581 2375 3582 2376 3582 1023 3582 1023 3583 2376 3583 1026 3583 2376 3584 2377 3584 1026 3584 1026 3585 2377 3585 1030 3585 2377 3586 2378 3586 1030 3586 1030 3587 2378 3587 1032 3587 1032 3588 2379 3588 1035 3588 2378 3589 2379 3589 1032 3589 1035 3590 2380 3590 1039 3590 2379 3591 2380 3591 1035 3591 1039 3592 2381 3592 1043 3592 2380 3593 2381 3593 1039 3593 1043 3594 2382 3594 1045 3594 2381 3595 2382 3595 1043 3595 1045 3596 2383 3596 1046 3596 1046 3597 2383 3597 1048 3597 2382 3598 2383 3598 1045 3598 2383 3599 2384 3599 1048 3599 1048 3600 2385 3600 1050 3600 2384 3601 2385 3601 1048 3601 1050 3602 2386 3602 1052 3602 2385 3603 2386 3603 1050 3603 1052 3604 2387 3604 1054 3604 2386 3605 2387 3605 1052 3605 1054 3606 2388 3606 1056 3606 2387 3607 2388 3607 1054 3607 2388 3608 2389 3608 1056 3608 1056 3609 2389 3609 1058 3609 2389 3610 2390 3610 1058 3610 1058 3611 2390 3611 1060 3611 2390 3612 2391 3612 1060 3612 1060 3613 2391 3613 1062 3613 2391 3614 2392 3614 1062 3614 1062 3615 2392 3615 1064 3615 2392 3616 2393 3616 1064 3616 1064 3617 2393 3617 1066 3617 2393 3618 2394 3618 1066 3618 1066 3619 2394 3619 1159 3619 2394 3620 2395 3620 1159 3620 1159 3621 2395 3621 1160 3621 2395 3622 2308 3622 1160 3622 1160 3623 2308 3623 1164 3623 1591 3624 2396 3624 2397 3624 1591 3625 2397 3625 2398 3625 1591 3626 2398 3626 2399 3626 1591 3627 2399 3627 2400 3627 1591 3628 2400 3628 2401 3628 1591 3629 2401 3629 2402 3629 1378 3630 2403 3630 1379 3630 1378 3631 2404 3631 2403 3631 1380 3632 1379 3632 2403 3632 1381 3633 1380 3633 2403 3633 1377 3634 2404 3634 1378 3634 1382 3635 1381 3635 2403 3635 1376 3636 2404 3636 1377 3636 1383 3637 1382 3637 2403 3637 1375 3638 2404 3638 1376 3638 1374 3639 2404 3639 1375 3639 1384 3640 1383 3640 2403 3640 1384 3641 2403 3641 2405 3641 1373 3642 2404 3642 1374 3642 1385 3643 1384 3643 2405 3643 1386 3644 1385 3644 2405 3644 1372 3645 2404 3645 1373 3645 1372 3646 2406 3646 2404 3646 1387 3647 1386 3647 2405 3647 1371 3648 2406 3648 1372 3648 1370 3649 2406 3649 1371 3649 1388 3650 1387 3650 2405 3650 1369 3651 2406 3651 1370 3651 1389 3652 1388 3652 2405 3652 1390 3653 2405 3653 2396 3653 1390 3654 1389 3654 2405 3654 1368 3655 2406 3655 1369 3655 1367 3656 2406 3656 1368 3656 1391 3657 2396 3657 1591 3657 1391 3658 1390 3658 2396 3658 1366 3659 2406 3659 1367 3659 1366 3660 2407 3660 2406 3660 1392 3661 1391 3661 1591 3661 1468 3662 1467 3662 2408 3662 1466 3663 2409 3663 2408 3663 1466 3664 2408 3664 1467 3664 1469 3665 1468 3665 2408 3665 1465 3666 2409 3666 1466 3666 1470 3667 1469 3667 2408 3667 1464 3668 2409 3668 1465 3668 1463 3669 2409 3669 1464 3669 1471 3670 1470 3670 2408 3670 1365 3671 2407 3671 1366 3671 1393 3672 1392 3672 1591 3672 1462 3673 2409 3673 1463 3673 1472 3674 1471 3674 2408 3674 1461 3675 2409 3675 1462 3675 1473 3676 1472 3676 2408 3676 1364 3677 2407 3677 1365 3677 1394 3678 1393 3678 1591 3678 1460 3679 2409 3679 1461 3679 1474 3680 1473 3680 2408 3680 1474 3681 2408 3681 2410 3681 1459 3682 2409 3682 1460 3682 1475 3683 1474 3683 2410 3683 1363 3684 2407 3684 1364 3684 1395 3685 1394 3685 1591 3685 1476 3686 1475 3686 2410 3686 1458 3687 2409 3687 1459 3687 1458 3688 2411 3688 2409 3688 1457 3689 2411 3689 1458 3689 1477 3690 1476 3690 2410 3690 1396 3691 1395 3691 1591 3691 1456 3692 2411 3692 1457 3692 1478 3693 1477 3693 2410 3693 1397 3694 1396 3694 1591 3694 1455 3695 2411 3695 1456 3695 1479 3696 1478 3696 2410 3696 1398 3697 1397 3697 1591 3697 1454 3698 2411 3698 1455 3698 1480 3699 1479 3699 2410 3699 1480 3700 2410 3700 2407 3700 1399 3701 1398 3701 1591 3701 1453 3702 2411 3702 1454 3702 1481 3703 1480 3703 2407 3703 1452 3704 2411 3704 1453 3704 1482 3705 2407 3705 1363 3705 1482 3706 1481 3706 2407 3706 1400 3707 1399 3707 1591 3707 1451 3708 2412 3708 2411 3708 1451 3709 2411 3709 1452 3709 1483 3710 1482 3710 1363 3710 1483 3711 1363 3711 1362 3711 1401 3712 1400 3712 1591 3712 1450 3713 2412 3713 1451 3713 1484 3714 1362 3714 1361 3714 1484 3715 1483 3715 1362 3715 1402 3716 1401 3716 1591 3716 1485 3717 1361 3717 1360 3717 1485 3718 1484 3718 1361 3718 1449 3719 2412 3719 1450 3719 1403 3720 1402 3720 1591 3720 1486 3721 1360 3721 1359 3721 1486 3722 1485 3722 1360 3722 1448 3723 2412 3723 1449 3723 1404 3724 1403 3724 1591 3724 1487 3725 1486 3725 1359 3725 1487 3726 1359 3726 1358 3726 1447 3727 2412 3727 1448 3727 1405 3728 1404 3728 1591 3728 1488 3729 1487 3729 1358 3729 1488 3730 1358 3730 1357 3730 1446 3731 2412 3731 1447 3731 1406 3732 1405 3732 1591 3732 1489 3733 1488 3733 1357 3733 1445 3734 2412 3734 1446 3734 1407 3735 1406 3735 1591 3735 1444 3736 2413 3736 2412 3736 1444 3737 2412 3737 1445 3737 1408 3738 1407 3738 1591 3738 1409 3739 1408 3739 1591 3739 1443 3740 2413 3740 1444 3740 1410 3741 1409 3741 1591 3741 1442 3742 2413 3742 1443 3742 1411 3743 1410 3743 1591 3743 1441 3744 2413 3744 1442 3744 1324 3745 1411 3745 1591 3745 1440 3746 2414 3746 2413 3746 1440 3747 2413 3747 1441 3747 1325 3748 1324 3748 1591 3748 1326 3749 1325 3749 1591 3749 1439 3750 2414 3750 1440 3750 1438 3751 2414 3751 1439 3751 1437 3752 2414 3752 1438 3752 1436 3753 2414 3753 1437 3753 1436 3754 2415 3754 2414 3754 1435 3755 2415 3755 1436 3755 1434 3756 2415 3756 1435 3756 1433 3757 2415 3757 1434 3757 1433 3758 2416 3758 2415 3758 1432 3759 2416 3759 1433 3759 1555 3760 1489 3760 1357 3760 1556 3761 1555 3761 1357 3761 1556 3762 1357 3762 1356 3762 1554 3763 1489 3763 1555 3763 1554 3764 1490 3764 1489 3764 1553 3765 1490 3765 1554 3765 1553 3766 1491 3766 1490 3766 1553 3767 1492 3767 1491 3767 1557 3768 1556 3768 1356 3768 1557 3769 1356 3769 1355 3769 1558 3770 1557 3770 1355 3770 1558 3771 1354 3771 1353 3771 1558 3772 1355 3772 1354 3772 1552 3773 1492 3773 1553 3773 1551 3774 1492 3774 1552 3774 1551 3775 1493 3775 1492 3775 1551 3776 1494 3776 1493 3776 1559 3777 1558 3777 1353 3777 1559 3778 1353 3778 1352 3778 1550 3779 1494 3779 1551 3779 1550 3780 1495 3780 1494 3780 1560 3781 1559 3781 1352 3781 1549 3782 1495 3782 1550 3782 1561 3783 1560 3783 1352 3783 1561 3784 1352 3784 1351 3784 1562 3785 1561 3785 1351 3785 1562 3786 1351 3786 1350 3786 1548 3787 1495 3787 1549 3787 1548 3788 1496 3788 1495 3788 1547 3789 1496 3789 1548 3789 1547 3790 1497 3790 1496 3790 1563 3791 1562 3791 1350 3791 1563 3792 1349 3792 1348 3792 1563 3793 1350 3793 1349 3793 1564 3794 1563 3794 1348 3794 1546 3795 1497 3795 1547 3795 1546 3796 1498 3796 1497 3796 1565 3797 1564 3797 1348 3797 1565 3798 1348 3798 1347 3798 1545 3799 1498 3799 1546 3799 1545 3800 1499 3800 1498 3800 1566 3801 1565 3801 1347 3801 1566 3802 1347 3802 1346 3802 1544 3803 1499 3803 1545 3803 1544 3804 1412 3804 1499 3804 1567 3805 1346 3805 1345 3805 1567 3806 1566 3806 1346 3806 1543 3807 1413 3807 1412 3807 1543 3808 1414 3808 1413 3808 1543 3809 1412 3809 1544 3809 1568 3810 1344 3810 1343 3810 1568 3811 1345 3811 1344 3811 1568 3812 1567 3812 1345 3812 1542 3813 1414 3813 1543 3813 1541 3814 1415 3814 1414 3814 1541 3815 1414 3815 1542 3815 1569 3816 1568 3816 1343 3816 1569 3817 1343 3817 1342 3817 1570 3818 1569 3818 1342 3818 1540 3819 1416 3819 1415 3819 1540 3820 1415 3820 1541 3820 1539 3821 1416 3821 1540 3821 1539 3822 1417 3822 1416 3822 1539 3823 1418 3823 1417 3823 1571 3824 1342 3824 1341 3824 1571 3825 1570 3825 1342 3825 1572 3826 1571 3826 1341 3826 1572 3827 1341 3827 1340 3827 1538 3828 1419 3828 1418 3828 1538 3829 1418 3829 1539 3829 1573 3830 1340 3830 1339 3830 1573 3831 1572 3831 1340 3831 1537 3832 1419 3832 1538 3832 1574 3833 1339 3833 1338 3833 1574 3834 1573 3834 1339 3834 1536 3835 1420 3835 1419 3835 1536 3836 1419 3836 1537 3836 1575 3837 1337 3837 1336 3837 1575 3838 1338 3838 1337 3838 1575 3839 1574 3839 1338 3839 1535 3840 1421 3840 1420 3840 1535 3841 1420 3841 1536 3841 1534 3842 1422 3842 1421 3842 1534 3843 1421 3843 1535 3843 1576 3844 1575 3844 1336 3844 1533 3845 1422 3845 1534 3845 1533 3846 1423 3846 1422 3846 1577 3847 1335 3847 1334 3847 1577 3848 1336 3848 1335 3848 1577 3849 1576 3849 1336 3849 1532 3850 1424 3850 1423 3850 1532 3851 1423 3851 1533 3851 1578 3852 1577 3852 1334 3852 1578 3853 1334 3853 1333 3853 1579 3854 1578 3854 1333 3854 1531 3855 1425 3855 1424 3855 1531 3856 1424 3856 1532 3856 1530 3857 1425 3857 1531 3857 1530 3858 1426 3858 1425 3858 1580 3859 1332 3859 1331 3859 1580 3860 1333 3860 1332 3860 1580 3861 1579 3861 1333 3861 1529 3862 1427 3862 1426 3862 1529 3863 1426 3863 1530 3863 1581 3864 1331 3864 1330 3864 1581 3865 1580 3865 1331 3865 1528 3866 1428 3866 1427 3866 1528 3867 1427 3867 1529 3867 1582 3868 1330 3868 1329 3868 1582 3869 1581 3869 1330 3869 1583 3870 1582 3870 1329 3870 1584 3871 1583 3871 1329 3871 1584 3872 1329 3872 1328 3872 1588 3873 1591 3873 2402 3873 1588 3874 2402 3874 2417 3874 1588 3875 2417 3875 2418 3875 1588 3876 2418 3876 2419 3876 1588 3877 2419 3877 2420 3877 1588 3878 2420 3878 2421 3878 1588 3879 2421 3879 2422 3879 1588 3880 2422 3880 2423 3880 1588 3881 2423 3881 2424 3881 1590 3882 1501 3882 1500 3882 1590 3883 1502 3883 1501 3883 1590 3884 1503 3884 1502 3884 1590 3885 1504 3885 1503 3885 1590 3886 1505 3886 1504 3886 1590 3887 1506 3887 1505 3887 1590 3888 1507 3888 1506 3888 1590 3889 1508 3889 1507 3889 1590 3890 1428 3890 1528 3890 1590 3891 1509 3891 1508 3891 1590 3892 1510 3892 1509 3892 1590 3893 1511 3893 1510 3893 1590 3894 1512 3894 1511 3894 1590 3895 1513 3895 1512 3895 1590 3896 1514 3896 1513 3896 1590 3897 1515 3897 1514 3897 1590 3898 1516 3898 1515 3898 1590 3899 1517 3899 1516 3899 1590 3900 1518 3900 1517 3900 1590 3901 1519 3901 1518 3901 1590 3902 1520 3902 1519 3902 1590 3903 1521 3903 1520 3903 1590 3904 1522 3904 1521 3904 1590 3905 1523 3905 1522 3905 1590 3906 1524 3906 1523 3906 1590 3907 1525 3907 1524 3907 1590 3908 1526 3908 1525 3908 1590 3909 1527 3909 1526 3909 1590 3910 1528 3910 1527 3910 1590 3911 1429 3911 1428 3911 1590 3912 1430 3912 1429 3912 1590 3913 1431 3913 1430 3913 1590 3914 1432 3914 1431 3914 1590 3915 2416 3915 1432 3915 1590 3916 2425 3916 2426 3916 1590 3917 2426 3917 2427 3917 1590 3918 2427 3918 2416 3918 1590 3919 1587 3919 1586 3919 1590 3920 1500 3920 1587 3920 1595 3921 2428 3921 2429 3921 1595 3922 2429 3922 2430 3922 1595 3923 2430 3923 2431 3923 1595 3924 1588 3924 2424 3924 1595 3925 2424 3925 2432 3925 1595 3926 2432 3926 2433 3926 1595 3927 2433 3927 2434 3927 1595 3928 2434 3928 2435 3928 1595 3929 2435 3929 2436 3929 1595 3930 2436 3930 2428 3930 1589 3931 1588 3931 1595 3931 1914 3932 2437 3932 1915 3932 1916 3933 2437 3933 2438 3933 1916 3934 1915 3934 2437 3934 1917 3935 1916 3935 2438 3935 1913 3936 2437 3936 1914 3936 1918 3937 1917 3937 2438 3937 1912 3938 2437 3938 1913 3938 1911 3939 2437 3939 1912 3939 1919 3940 1918 3940 2438 3940 1910 3941 2437 3941 1911 3941 1920 3942 1919 3942 2438 3942 1920 3943 2438 3943 2439 3943 1921 3944 1920 3944 2439 3944 1909 3945 2437 3945 1910 3945 1909 3946 2440 3946 2437 3946 1908 3947 2440 3947 1909 3947 1922 3948 1921 3948 2439 3948 1923 3949 1922 3949 2439 3949 1907 3950 2440 3950 1908 3950 1906 3951 2440 3951 1907 3951 1924 3952 1923 3952 2439 3952 1924 3953 2439 3953 2441 3953 1925 3954 1924 3954 2441 3954 1905 3955 2440 3955 1906 3955 1904 3956 2440 3956 1905 3956 1926 3957 1925 3957 2441 3957 1927 3958 2441 3958 2442 3958 1927 3959 1926 3959 2441 3959 1903 3960 2440 3960 1904 3960 1902 3961 2443 3961 2440 3961 1902 3962 2440 3962 1903 3962 1928 3963 1927 3963 2442 3963 1901 3964 2443 3964 1902 3964 1900 3965 2443 3965 1901 3965 1899 3966 2443 3966 1900 3966 1898 3967 2443 3967 1899 3967 1897 3968 2443 3968 1898 3968 1896 3969 2443 3969 1897 3969 1895 3970 2443 3970 1896 3970 1894 3971 2443 3971 1895 3971 2444 3972 2443 3972 1894 3972 2444 3973 1894 3973 1893 3973 1892 3974 2444 3974 1893 3974 1891 3975 2444 3975 1892 3975 1890 3976 2444 3976 1891 3976 1889 3977 2444 3977 1890 3977 1888 3978 2444 3978 1889 3978 1887 3979 2444 3979 1888 3979 1886 3980 2444 3980 1887 3980 2445 3981 2444 3981 1886 3981 2445 3982 1881 3982 1880 3982 2445 3983 1882 3983 1881 3983 2445 3984 1883 3984 1882 3984 2445 3985 1884 3985 1883 3985 2445 3986 1885 3986 1884 3986 2445 3987 1886 3987 1885 3987 2127 3988 2425 3988 1590 3988 2127 3989 1929 3989 1928 3989 2127 3990 1930 3990 1929 3990 2127 3991 1931 3991 1930 3991 2127 3992 1932 3992 1931 3992 2127 3993 2442 3993 2446 3993 2127 3994 2446 3994 2447 3994 2127 3995 2447 3995 2425 3995 2127 3996 1928 3996 2442 3996 2127 3997 1590 3997 1589 3997 2448 3998 2445 3998 1880 3998 2448 3999 1879 3999 1878 3999 2448 4000 1880 4000 1879 4000 2002 4001 1937 4001 2003 4001 2002 4002 1938 4002 1937 4002 2004 4003 2003 4003 1937 4003 2004 4004 1936 4004 1935 4004 2004 4005 1937 4005 1936 4005 2005 4006 2004 4006 1935 4006 2001 4007 1938 4007 2002 4007 2001 4008 1939 4008 1938 4008 2001 4009 1940 4009 1939 4009 2006 4010 2005 4010 1935 4010 2006 4011 1934 4011 1933 4011 2006 4012 1935 4012 1934 4012 2000 4013 1940 4013 2001 4013 2007 4014 1933 4014 1932 4014 2007 4015 2006 4015 1933 4015 1999 4016 1940 4016 2000 4016 1999 4017 1941 4017 1940 4017 1999 4018 1942 4018 1941 4018 1998 4019 1942 4019 1999 4019 2008 4020 2007 4020 1932 4020 2008 4021 1932 4021 2127 4021 1997 4022 1943 4022 1942 4022 1997 4023 1942 4023 1998 4023 2009 4024 2008 4024 2127 4024 1996 4025 1944 4025 1943 4025 1996 4026 1943 4026 1997 4026 2010 4027 2009 4027 2127 4027 2011 4028 2010 4028 2127 4028 1995 4029 1944 4029 1996 4029 1995 4030 1945 4030 1944 4030 1995 4031 1946 4031 1945 4031 1994 4032 1946 4032 1995 4032 2012 4033 2011 4033 2127 4033 2013 4034 2012 4034 2127 4034 1993 4035 1946 4035 1994 4035 1993 4036 1947 4036 1946 4036 1992 4037 1860 4037 1947 4037 1992 4038 1947 4038 1993 4038 1992 4039 1861 4039 1860 4039 2014 4040 2013 4040 2127 4040 1991 4041 1861 4041 1992 4041 2015 4042 2014 4042 2127 4042 1990 4043 1861 4043 1991 4043 1990 4044 1862 4044 1861 4044 2016 4045 2015 4045 2127 4045 2017 4046 2016 4046 2127 4046 1989 4047 1862 4047 1990 4047 1989 4048 1863 4048 1862 4048 1989 4049 1864 4049 1863 4049 2018 4050 2017 4050 2127 4050 1988 4051 1864 4051 1989 4051 1987 4052 1865 4052 1864 4052 1987 4053 1864 4053 1988 4053 2019 4054 2018 4054 2127 4054 1986 4055 1865 4055 1987 4055 1986 4056 1866 4056 1865 4056 2020 4057 2019 4057 2127 4057 1985 4058 1867 4058 1866 4058 1985 4059 1868 4059 1867 4059 1985 4060 1866 4060 1986 4060 2021 4061 2020 4061 2127 4061 2022 4062 2021 4062 2127 4062 1984 4063 1868 4063 1985 4063 1983 4064 1869 4064 1868 4064 1983 4065 1868 4065 1984 4065 2023 4066 2022 4066 2127 4066 1982 4067 1869 4067 1983 4067 1982 4068 1870 4068 1869 4068 2024 4069 2023 4069 2127 4069 2025 4070 2024 4070 2127 4070 1981 4071 1871 4071 1870 4071 1981 4072 1870 4072 1982 4072 2026 4073 2025 4073 2127 4073 2027 4074 2026 4074 2127 4074 2028 4075 2027 4075 2127 4075 2029 4076 2028 4076 2127 4076 2030 4077 2029 4077 2127 4077 2031 4078 2030 4078 2127 4078 2032 4079 2031 4079 2127 4079 2033 4080 2032 4080 2127 4080 2034 4081 2033 4081 2127 4081 2035 4082 2034 4082 2127 4082 1948 4083 2035 4083 2127 4083 1949 4084 1948 4084 2127 4084 1950 4085 1949 4085 2127 4085 1592 4086 2431 4086 2449 4086 1592 4087 2449 4087 2450 4087 1592 4088 2450 4088 2451 4088 1592 4089 2451 4089 2452 4089 1592 4090 1595 4090 2431 4090 2453 4091 1592 4091 2452 4091 2091 4092 1871 4092 1981 4092 2091 4093 1872 4093 1871 4093 2090 4094 1873 4094 1872 4094 2090 4095 1872 4095 2091 4095 2092 4096 2091 4096 1981 4096 2092 4097 1981 4097 1980 4097 2089 4098 1873 4098 2090 4098 2089 4099 1874 4099 1873 4099 2093 4100 2092 4100 1980 4100 2093 4101 1980 4101 1979 4101 2094 4102 2093 4102 1979 4102 2094 4103 1979 4103 1978 4103 2088 4104 1875 4104 1874 4104 2088 4105 1874 4105 2089 4105 2095 4106 2094 4106 1978 4106 2095 4107 1978 4107 1977 4107 2087 4108 1875 4108 2088 4108 2087 4109 1876 4109 1875 4109 2086 4110 1876 4110 2087 4110 2086 4111 1877 4111 1876 4111 2096 4112 2095 4112 1977 4112 2096 4113 1976 4113 1975 4113 2096 4114 1977 4114 1976 4114 2085 4115 1877 4115 2086 4115 2085 4116 2448 4116 1878 4116 2085 4117 1878 4117 1877 4117 2097 4118 2096 4118 1975 4118 2097 4119 1975 4119 1974 4119 2454 4120 1592 4120 2453 4120 2098 4121 2097 4121 1974 4121 2084 4122 2448 4122 2085 4122 2099 4123 2098 4123 1974 4123 2099 4124 1974 4124 1973 4124 2083 4125 2448 4125 2084 4125 2100 4126 2099 4126 1973 4126 2100 4127 1972 4127 1971 4127 2100 4128 1973 4128 1972 4128 2082 4129 2448 4129 2083 4129 2082 4130 2455 4130 2448 4130 2101 4131 2100 4131 1971 4131 2081 4132 2455 4132 2082 4132 2102 4133 1971 4133 1970 4133 2102 4134 2101 4134 1971 4134 2080 4135 2455 4135 2081 4135 2079 4136 2455 4136 2080 4136 2103 4137 2102 4137 1970 4137 2103 4138 1970 4138 1969 4138 2104 4139 2103 4139 1969 4139 2104 4140 1969 4140 1968 4140 2078 4141 2455 4141 2079 4141 2077 4142 2455 4142 2078 4142 2105 4143 2104 4143 1968 4143 2105 4144 1967 4144 1966 4144 2105 4145 1968 4145 1967 4145 2076 4146 2456 4146 2455 4146 2076 4147 2455 4147 2077 4147 2106 4148 2105 4148 1966 4148 2075 4149 2456 4149 2076 4149 2107 4150 2106 4150 1966 4150 2107 4151 1966 4151 1965 4151 2074 4152 2456 4152 2075 4152 2108 4153 1965 4153 1964 4153 2108 4154 2107 4154 1965 4154 2109 4155 1964 4155 1963 4155 2109 4156 2108 4156 1964 4156 2073 4157 2456 4157 2074 4157 2072 4158 2456 4158 2073 4158 2110 4159 1963 4159 1962 4159 2110 4160 2109 4160 1963 4160 2071 4161 2456 4161 2072 4161 2111 4162 2110 4162 1962 4162 2111 4163 1961 4163 1960 4163 2111 4164 1962 4164 1961 4164 2070 4165 2456 4165 2071 4165 2112 4166 2111 4166 1960 4166 2113 4167 1960 4167 1959 4167 2113 4168 2112 4168 1960 4168 2114 4169 1958 4169 1957 4169 2114 4170 1959 4170 1958 4170 2114 4171 2113 4171 1959 4171 2115 4172 2114 4172 1957 4172 2116 4173 1957 4173 1956 4173 2116 4174 2115 4174 1957 4174 2117 4175 1956 4175 1955 4175 2117 4176 2116 4176 1956 4176 2118 4177 1955 4177 1954 4177 2118 4178 2117 4178 1955 4178 2119 4179 1954 4179 1953 4179 2119 4180 2118 4180 1954 4180 2120 4181 1953 4181 1952 4181 2120 4182 2119 4182 1953 4182 2457 4183 2065 4183 2064 4183 2457 4184 2066 4184 2065 4184 2457 4185 2067 4185 2066 4185 2457 4186 2068 4186 2067 4186 2457 4187 2069 4187 2068 4187 2457 4188 2070 4188 2069 4188 2457 4189 2456 4189 2070 4189 2124 4190 2127 4190 1589 4190 1594 4191 1589 4191 1595 4191 2458 4192 2059 4192 2058 4192 2458 4193 2060 4193 2059 4193 2458 4194 2061 4194 2060 4194 2458 4195 2062 4195 2061 4195 2458 4196 2063 4196 2062 4196 2458 4197 2064 4197 2063 4197 2458 4198 2457 4198 2064 4198 1650 4199 1592 4199 1651 4199 1652 4200 1651 4200 1592 4200 1649 4201 1592 4201 1650 4201 1653 4202 1652 4202 1592 4202 1654 4203 1653 4203 1592 4203 1648 4204 1592 4204 1649 4204 1647 4205 1592 4205 1648 4205 1655 4206 1654 4206 1592 4206 1646 4207 1592 4207 1647 4207 1656 4208 1655 4208 1592 4208 1645 4209 1592 4209 1646 4209 1657 4210 1656 4210 1592 4210 1644 4211 1592 4211 1645 4211 1658 4212 1657 4212 1592 4212 1659 4213 1658 4213 1592 4213 1643 4214 1592 4214 1644 4214 1642 4215 1592 4215 1643 4215 1660 4216 1659 4216 1592 4216 1661 4217 1660 4217 1592 4217 1661 4218 1592 4218 2454 4218 1641 4219 1592 4219 1642 4219 1640 4220 1592 4220 1641 4220 1662 4221 2454 4221 2459 4221 1662 4222 1661 4222 2454 4222 1639 4223 1592 4223 1640 4223 1663 4224 1662 4224 2459 4224 1638 4225 1592 4225 1639 4225 1664 4226 1663 4226 2459 4226 1665 4227 1664 4227 2459 4227 1666 4228 1665 4228 2459 4228 1667 4229 1666 4229 2459 4229 1668 4230 2459 4230 2460 4230 1668 4231 1667 4231 2459 4231 1669 4232 1668 4232 2460 4232 1670 4233 1669 4233 2460 4233 1671 4234 1670 4234 2460 4234 1672 4235 1671 4235 2460 4235 1673 4236 1672 4236 2460 4236 1674 4237 1673 4237 2460 4237 2461 4238 2458 4238 2058 4238 2461 4239 2058 4239 2057 4239 2462 4240 1675 4240 1674 4240 2462 4241 1676 4241 1675 4241 2462 4242 1677 4242 1676 4242 2462 4243 1674 4243 2460 4243 2462 4244 1678 4244 1677 4244 2462 4245 1679 4245 1678 4245 2462 4246 1680 4246 1679 4246 2126 4247 2123 4247 2122 4247 2126 4248 2036 4248 2123 4248 2126 4249 2037 4249 2036 4249 2126 4250 2038 4250 2037 4250 2126 4251 2039 4251 2038 4251 2126 4252 2040 4252 2039 4252 2126 4253 2041 4253 2040 4253 2126 4254 2461 4254 2057 4254 2126 4255 2042 4255 2041 4255 2126 4256 2043 4256 2042 4256 2126 4257 2044 4257 2043 4257 2126 4258 2045 4258 2044 4258 2126 4259 2046 4259 2045 4259 2126 4260 2047 4260 2046 4260 2126 4261 2048 4261 2047 4261 2126 4262 2049 4262 2048 4262 2126 4263 2050 4263 2049 4263 2126 4264 2051 4264 2050 4264 2126 4265 2463 4265 2461 4265 2126 4266 2052 4266 2051 4266 2126 4267 2053 4267 2052 4267 2126 4268 2054 4268 2053 4268 2126 4269 2055 4269 2054 4269 2126 4270 2056 4270 2055 4270 2126 4271 2057 4271 2056 4271 2464 4272 1680 4272 2462 4272 2464 4273 1681 4273 1680 4273 2464 4274 1682 4274 1681 4274 2464 4275 1683 4275 1682 4275 2464 4276 1596 4276 1683 4276 2464 4277 1597 4277 1596 4277 2464 4278 1598 4278 1597 4278 1740 4279 1628 4279 1627 4279 1740 4280 1629 4280 1628 4280 1740 4281 1739 4281 1629 4281 1738 4282 1630 4282 1629 4282 1738 4283 1629 4283 1739 4283 1741 4284 1740 4284 1627 4284 1737 4285 1631 4285 1630 4285 1737 4286 1630 4286 1738 4286 1742 4287 1627 4287 1626 4287 1742 4288 1741 4288 1627 4288 1736 4289 1632 4289 1631 4289 1736 4290 1631 4290 1737 4290 1743 4291 1626 4291 1625 4291 1743 4292 1742 4292 1626 4292 1735 4293 1632 4293 1736 4293 1735 4294 1633 4294 1632 4294 1744 4295 1624 4295 1623 4295 1744 4296 1625 4296 1624 4296 1744 4297 1743 4297 1625 4297 1734 4298 1634 4298 1633 4298 1734 4299 1633 4299 1735 4299 1733 4300 1635 4300 1634 4300 1733 4301 1634 4301 1734 4301 1745 4302 1744 4302 1623 4302 1746 4303 1745 4303 1623 4303 1746 4304 1622 4304 1621 4304 1746 4305 1623 4305 1622 4305 1732 4306 1636 4306 1635 4306 1732 4307 1635 4307 1733 4307 1747 4308 1621 4308 1620 4308 1747 4309 1746 4309 1621 4309 1748 4310 1747 4310 1620 4310 1748 4311 1620 4311 1619 4311 1749 4312 1748 4312 1619 4312 1750 4313 1619 4313 1618 4313 1750 4314 1749 4314 1619 4314 2465 4315 2463 4315 2126 4315 1751 4316 1618 4316 1617 4316 1751 4317 1750 4317 1618 4317 1752 4318 1751 4318 1617 4318 1752 4319 1617 4319 1616 4319 1753 4320 1615 4320 1614 4320 1753 4321 1616 4321 1615 4321 1753 4322 1752 4322 1616 4322 1754 4323 1614 4323 1613 4323 1754 4324 1753 4324 1614 4324 1755 4325 1754 4325 1613 4325 1756 4326 1612 4326 1611 4326 1756 4327 1613 4327 1612 4327 1756 4328 1755 4328 1613 4328 1757 4329 1611 4329 1610 4329 1757 4330 1756 4330 1611 4330 1758 4331 1757 4331 1610 4331 1759 4332 1609 4332 1608 4332 1759 4333 1610 4333 1609 4333 1759 4334 1758 4334 1610 4334 1760 4335 1759 4335 1608 4335 1761 4336 1608 4336 1607 4336 1761 4337 1760 4337 1608 4337 2466 4338 1598 4338 2464 4338 2466 4339 1599 4339 1598 4339 2466 4340 1600 4340 1599 4340 2466 4341 1601 4341 1600 4341 1593 4342 1703 4342 1702 4342 1593 4343 1704 4343 1703 4343 1593 4344 1705 4344 1704 4344 1593 4345 1706 4345 1705 4345 1593 4346 1707 4346 1706 4346 1593 4347 1708 4347 1707 4347 1593 4348 1709 4348 1708 4348 1593 4349 1710 4349 1709 4349 1593 4350 1711 4350 1710 4350 1593 4351 1712 4351 1711 4351 1593 4352 1713 4352 1712 4352 1593 4353 1714 4353 1713 4353 1593 4354 1715 4354 1714 4354 1593 4355 1716 4355 1715 4355 1593 4356 1717 4356 1716 4356 1593 4357 1718 4357 1717 4357 1593 4358 1719 4358 1718 4358 1593 4359 1720 4359 1719 4359 1593 4360 1721 4360 1720 4360 1593 4361 1722 4361 1721 4361 1593 4362 1723 4362 1722 4362 1593 4363 1724 4363 1723 4363 1593 4364 1725 4364 1724 4364 1593 4365 1726 4365 1725 4365 1593 4366 1727 4366 1726 4366 1593 4367 1728 4367 1727 4367 1593 4368 1729 4368 1728 4368 1593 4369 1730 4369 1729 4369 1593 4370 1701 4370 1700 4370 1593 4371 1702 4371 1701 4371 2467 4372 2465 4372 2126 4372 2468 4373 2467 4373 2126 4373 1827 4374 1761 4374 1607 4374 1826 4375 1762 4375 1761 4375 1826 4376 1761 4376 1827 4376 1828 4377 1607 4377 1606 4377 1828 4378 1827 4378 1607 4378 1825 4379 1762 4379 1826 4379 1825 4380 1763 4380 1762 4380 1829 4381 1606 4381 1605 4381 1829 4382 1828 4382 1606 4382 1824 4383 1763 4383 1825 4383 1824 4384 1764 4384 1763 4384 1830 4385 1605 4385 1604 4385 1830 4386 1829 4386 1605 4386 1823 4387 1764 4387 1824 4387 1823 4388 1765 4388 1764 4388 1831 4389 1604 4389 1603 4389 1831 4390 1830 4390 1604 4390 1822 4391 1766 4391 1765 4391 1822 4392 1765 4392 1823 4392 1832 4393 1603 4393 1602 4393 1832 4394 1831 4394 1603 4394 1821 4395 1767 4395 1766 4395 1821 4396 1766 4396 1822 4396 1833 4397 1602 4397 1601 4397 1833 4398 1832 4398 1602 4398 1820 4399 1768 4399 1767 4399 1820 4400 1767 4400 1821 4400 1834 4401 1601 4401 2466 4401 1834 4402 1833 4402 1601 4402 1819 4403 1769 4403 1768 4403 1819 4404 1768 4404 1820 4404 1835 4405 1834 4405 2466 4405 1818 4406 1770 4406 1769 4406 1818 4407 1771 4407 1770 4407 1818 4408 1769 4408 1819 4408 1836 4409 2466 4409 2469 4409 1836 4410 1835 4410 2466 4410 1817 4411 1771 4411 1818 4411 1837 4412 1836 4412 2469 4412 1838 4413 1837 4413 2469 4413 1816 4414 1684 4414 1771 4414 1816 4415 1771 4415 1817 4415 1816 4416 1685 4416 1684 4416 1815 4417 1685 4417 1816 4417 1839 4418 1838 4418 2469 4418 1814 4419 1686 4419 1685 4419 1814 4420 1685 4420 1815 4420 1840 4421 1839 4421 2469 4421 1813 4422 1686 4422 1814 4422 1813 4423 1687 4423 1686 4423 1841 4424 1840 4424 2469 4424 1812 4425 1687 4425 1813 4425 1812 4426 1688 4426 1687 4426 1842 4427 1841 4427 2469 4427 1811 4428 1689 4428 1688 4428 1811 4429 1688 4429 1812 4429 1810 4430 1689 4430 1811 4430 1810 4431 1690 4431 1689 4431 1809 4432 1690 4432 1810 4432 1809 4433 1691 4433 1690 4433 1809 4434 1692 4434 1691 4434 1808 4435 1692 4435 1809 4435 1807 4436 1692 4436 1808 4436 1807 4437 1693 4437 1692 4437 1807 4438 1694 4438 1693 4438 1806 4439 1694 4439 1807 4439 2470 4440 1842 4440 2469 4440 2470 4441 1843 4441 1842 4441 2470 4442 1844 4442 1843 4442 2470 4443 1845 4443 1844 4443 2470 4444 1846 4444 1845 4444 2470 4445 1847 4445 1846 4445 2470 4446 1848 4446 1847 4446 1805 4447 1694 4447 1806 4447 1805 4448 1695 4448 1694 4448 1849 4449 1848 4449 2470 4449 1850 4450 1849 4450 2470 4450 1804 4451 1696 4451 1695 4451 1804 4452 1695 4452 1805 4452 1803 4453 1696 4453 1804 4453 1803 4454 1697 4454 1696 4454 1802 4455 1697 4455 1803 4455 1802 4456 1698 4456 1697 4456 1801 4457 1698 4457 1802 4457 1801 4458 1699 4458 1698 4458 1800 4459 1593 4459 1700 4459 1800 4460 1699 4460 1801 4460 1800 4461 1700 4461 1699 4461 1799 4462 1593 4462 1800 4462 1798 4463 1593 4463 1799 4463 1797 4464 1593 4464 1798 4464 1796 4465 1593 4465 1797 4465 2471 4466 2468 4466 2126 4466 2131 4467 2124 4467 1589 4467 2131 4468 1589 4468 1594 4468 2125 4469 2124 4469 2131 4469 2472 4470 1850 4470 2470 4470 2472 4471 1851 4471 1850 4471 2472 4472 1852 4472 1851 4472 2472 4473 1853 4473 1852 4473 2472 4474 1854 4474 1853 4474 2472 4475 1855 4475 1854 4475 2472 4476 1856 4476 1855 4476 2472 4477 1857 4477 1856 4477 2472 4478 1858 4478 1857 4478 2473 4479 2126 4479 2125 4479 2473 4480 2471 4480 2126 4480 2474 4481 1859 4481 1858 4481 2474 4482 1772 4482 1859 4482 2474 4483 1773 4483 1772 4483 2474 4484 1774 4484 1773 4484 2474 4485 1775 4485 1774 4485 2474 4486 1776 4486 1775 4486 2474 4487 1777 4487 1776 4487 2474 4488 1858 4488 2472 4488 2475 4489 2473 4489 2125 4489 2476 4490 1777 4490 2474 4490 2476 4491 1778 4491 1777 4491 2476 4492 1779 4492 1778 4492 2476 4493 1780 4493 1779 4493 2476 4494 1781 4494 1780 4494 2476 4495 1782 4495 1781 4495 2476 4496 1783 4496 1782 4496 2476 4497 1784 4497 1783 4497 2477 4498 2475 4498 2125 4498 2478 4499 1785 4499 1784 4499 2478 4500 1786 4500 1785 4500 2478 4501 1787 4501 1786 4501 2478 4502 1788 4502 1787 4502 2478 4503 1784 4503 2476 4503 2479 4504 2477 4504 2125 4504 2128 4505 2131 4505 1594 4505 2128 4506 1594 4506 1593 4506 2480 4507 1788 4507 2478 4507 2480 4508 1789 4508 1788 4508 2480 4509 1790 4509 1789 4509 2480 4510 1791 4510 1790 4510 2480 4511 1792 4511 1791 4511 2481 4512 2479 4512 2125 4512 2482 4513 1792 4513 2480 4513 2482 4514 1793 4514 1792 4514 2482 4515 1794 4515 1793 4515 2482 4516 1795 4516 1794 4516 2483 4517 2481 4517 2125 4517 2484 4518 1593 4518 1796 4518 2484 4519 1795 4519 2482 4519 2484 4520 1796 4520 1795 4520 2485 4521 2483 4521 2125 4521 2486 4522 1593 4522 2484 4522 2130 4523 2125 4523 2131 4523 2487 4524 2485 4524 2125 4524 2488 4525 1593 4525 2486 4525 2186 4526 2128 4526 2187 4526 2188 4527 2187 4527 2128 4527 2189 4528 2188 4528 2128 4528 2185 4529 2128 4529 2186 4529 2190 4530 2189 4530 2128 4530 2184 4531 2128 4531 2185 4531 2183 4532 2128 4532 2184 4532 2191 4533 2190 4533 2128 4533 2182 4534 2128 4534 2183 4534 2192 4535 2191 4535 2128 4535 2181 4536 2128 4536 2182 4536 2193 4537 2192 4537 2128 4537 2180 4538 2128 4538 2181 4538 2194 4539 2193 4539 2128 4539 2195 4540 2194 4540 2128 4540 2179 4541 2128 4541 2180 4541 2178 4542 2128 4542 2179 4542 2196 4543 2195 4543 2128 4543 2197 4544 2196 4544 2128 4544 2177 4545 2128 4545 2178 4545 2176 4546 2128 4546 2177 4546 2198 4547 2197 4547 2128 4547 2175 4548 2128 4548 2176 4548 2199 4549 2198 4549 2128 4549 2174 4550 2128 4550 2175 4550 2200 4551 2199 4551 2128 4551 2489 4552 2125 4552 2130 4552 2489 4553 2487 4553 2125 4553 2201 4554 2200 4554 2128 4554 2202 4555 2201 4555 2128 4555 2203 4556 2202 4556 2128 4556 2204 4557 2203 4557 2128 4557 2490 4558 1593 4558 2488 4558 2490 4559 2128 4559 1593 4559 2491 4560 2489 4560 2130 4560 2492 4561 2128 4561 2490 4561 2493 4562 2491 4562 2130 4562 2494 4563 2128 4563 2492 4563 2495 4564 2493 4564 2130 4564 2275 4565 2209 4565 2208 4565 2275 4566 2210 4566 2209 4566 2274 4567 2210 4567 2275 4567 2276 4568 2275 4568 2208 4568 2273 4569 2211 4569 2210 4569 2273 4570 2212 4570 2211 4570 2273 4571 2210 4571 2274 4571 2277 4572 2208 4572 2207 4572 2277 4573 2276 4573 2208 4573 2277 4574 2207 4574 2206 4574 2278 4575 2277 4575 2206 4575 2272 4576 2212 4576 2273 4576 2271 4577 2213 4577 2212 4577 2271 4578 2212 4578 2272 4578 2279 4579 2278 4579 2206 4579 2279 4580 2205 4580 2204 4580 2279 4581 2206 4581 2205 4581 2270 4582 2214 4582 2213 4582 2270 4583 2213 4583 2271 4583 2280 4584 2279 4584 2204 4584 2280 4585 2204 4585 2128 4585 2281 4586 2280 4586 2128 4586 2269 4587 2215 4587 2214 4587 2269 4588 2214 4588 2270 4588 2282 4589 2281 4589 2128 4589 2268 4590 2216 4590 2215 4590 2268 4591 2217 4591 2216 4591 2268 4592 2215 4592 2269 4592 2267 4593 2217 4593 2268 4593 2283 4594 2282 4594 2128 4594 2266 4595 2218 4595 2217 4595 2266 4596 2219 4596 2218 4596 2266 4597 2217 4597 2267 4597 2284 4598 2283 4598 2128 4598 2265 4599 2219 4599 2266 4599 2264 4600 2132 4600 2219 4600 2264 4601 2219 4601 2265 4601 2263 4602 2133 4602 2132 4602 2263 4603 2132 4603 2264 4603 2262 4604 2133 4604 2263 4604 2262 4605 2134 4605 2133 4605 2362 4606 2165 4606 2363 4606 2362 4607 2166 4607 2165 4607 2364 4608 2363 4608 2165 4608 2364 4609 2165 4609 2164 4609 2365 4610 2364 4610 2164 4610 2365 4611 2163 4611 2162 4611 2365 4612 2164 4612 2163 4612 2361 4613 2166 4613 2362 4613 2361 4614 2167 4614 2166 4614 2366 4615 2365 4615 2162 4615 2366 4616 2162 4616 2161 4616 2360 4617 2167 4617 2361 4617 2360 4618 2168 4618 2167 4618 2360 4619 2169 4619 2168 4619 2359 4620 2169 4620 2360 4620 2367 4621 2366 4621 2161 4621 2367 4622 2161 4622 2160 4622 2261 4623 2134 4623 2262 4623 2261 4624 2135 4624 2134 4624 2358 4625 2169 4625 2359 4625 2358 4626 2170 4626 2169 4626 2358 4627 2171 4627 2170 4627 2368 4628 2367 4628 2160 4628 2368 4629 2160 4629 2159 4629 2369 4630 2368 4630 2159 4630 2357 4631 2171 4631 2358 4631 2260 4632 2135 4632 2261 4632 2260 4633 2136 4633 2135 4633 2260 4634 2137 4634 2136 4634 2356 4635 2171 4635 2357 4635 2356 4636 2172 4636 2171 4636 2370 4637 2159 4637 2158 4637 2370 4638 2369 4638 2159 4638 2496 4639 2284 4639 2128 4639 2496 4640 2128 4640 2494 4640 2496 4641 2285 4641 2284 4641 2371 4642 2370 4642 2158 4642 2371 4643 2157 4643 2156 4643 2371 4644 2158 4644 2157 4644 2259 4645 2137 4645 2260 4645 2372 4646 2156 4646 2155 4646 2372 4647 2371 4647 2156 4647 2373 4648 2155 4648 2154 4648 2373 4649 2372 4649 2155 4649 2258 4650 2138 4650 2137 4650 2258 4651 2139 4651 2138 4651 2258 4652 2137 4652 2259 4652 2374 4653 2154 4653 2153 4653 2374 4654 2373 4654 2154 4654 2257 4655 2140 4655 2139 4655 2257 4656 2139 4656 2258 4656 2375 4657 2374 4657 2153 4657 2256 4658 2140 4658 2257 4658 2376 4659 2152 4659 2151 4659 2376 4660 2153 4660 2152 4660 2376 4661 2375 4661 2153 4661 2255 4662 2141 4662 2140 4662 2255 4663 2142 4663 2141 4663 2255 4664 2140 4664 2256 4664 2377 4665 2376 4665 2151 4665 2378 4666 2377 4666 2151 4666 2378 4667 2150 4667 2149 4667 2378 4668 2151 4668 2150 4668 2254 4669 2142 4669 2255 4669 2254 4670 2143 4670 2142 4670 2379 4671 2378 4671 2149 4671 2253 4672 2143 4672 2254 4672 2380 4673 2379 4673 2149 4673 2380 4674 2149 4674 2148 4674 2381 4675 2380 4675 2148 4675 2381 4676 2148 4676 2147 4676 2382 4677 2381 4677 2147 4677 2382 4678 2146 4678 2145 4678 2382 4679 2147 4679 2146 4679 2383 4680 2382 4680 2145 4680 2383 4681 2145 4681 2144 4681 2384 4682 2383 4682 2144 4682 2385 4683 2384 4683 2144 4683 2385 4684 2144 4684 2143 4684 2385 4685 2253 4685 2252 4685 2385 4686 2143 4686 2253 4686 2386 4687 2252 4687 2251 4687 2386 4688 2385 4688 2252 4688 2387 4689 2251 4689 2250 4689 2387 4690 2386 4690 2251 4690 2388 4691 2250 4691 2249 4691 2388 4692 2387 4692 2250 4692 2497 4693 2495 4693 2130 4693 2389 4694 2388 4694 2249 4694 2389 4695 2249 4695 2248 4695 2390 4696 2248 4696 2247 4696 2390 4697 2389 4697 2248 4697 2391 4698 2390 4698 2247 4698 2391 4699 2247 4699 2246 4699 2498 4700 2285 4700 2496 4700 2498 4701 2286 4701 2285 4701 2498 4702 2287 4702 2286 4702 2498 4703 2288 4703 2287 4703 2129 4704 2332 4704 2331 4704 2129 4705 2333 4705 2332 4705 2129 4706 2334 4706 2333 4706 2129 4707 2335 4707 2334 4707 2129 4708 2336 4708 2335 4708 2129 4709 2337 4709 2336 4709 2129 4710 2338 4710 2337 4710 2129 4711 2339 4711 2338 4711 2129 4712 2340 4712 2339 4712 2129 4713 2341 4713 2340 4713 2129 4714 2342 4714 2341 4714 2129 4715 2343 4715 2342 4715 2129 4716 2344 4716 2343 4716 2129 4717 2345 4717 2344 4717 2129 4718 2346 4718 2345 4718 2129 4719 2347 4719 2346 4719 2129 4720 2348 4720 2347 4720 2129 4721 2349 4721 2348 4721 2129 4722 2350 4722 2349 4722 2129 4723 2351 4723 2350 4723 2129 4724 2352 4724 2351 4724 2129 4725 2353 4725 2352 4725 2129 4726 2354 4726 2353 4726 2499 4727 2497 4727 2130 4727 2500 4728 2288 4728 2498 4728 2500 4729 2289 4729 2288 4729 2500 4730 2290 4730 2289 4730 2500 4731 2291 4731 2290 4731 2500 4732 2292 4732 2291 4732 2501 4733 2499 4733 2130 4733 2502 4734 2292 4734 2500 4734 2502 4735 2293 4735 2292 4735 2502 4736 2294 4736 2293 4736 2502 4737 2295 4737 2294 4737 2502 4738 2296 4738 2295 4738 2503 4739 2501 4739 2130 4739 2504 4740 2296 4740 2502 4740 2504 4741 2297 4741 2296 4741 2504 4742 2298 4742 2297 4742 2504 4743 2299 4743 2298 4743 2504 4744 2300 4744 2299 4744 2504 4745 2301 4745 2300 4745 2504 4746 2302 4746 2301 4746 2504 4747 2303 4747 2302 4747 2505 4748 2503 4748 2130 4748 2506 4749 2303 4749 2504 4749 2506 4750 2221 4750 2220 4750 2506 4751 2222 4751 2221 4751 2506 4752 2304 4752 2303 4752 2506 4753 2305 4753 2304 4753 2506 4754 2306 4754 2305 4754 2506 4755 2307 4755 2306 4755 2506 4756 2220 4756 2307 4756 2507 4757 2130 4757 2129 4757 2507 4758 2505 4758 2130 4758 2508 4759 2223 4759 2222 4759 2508 4760 2224 4760 2223 4760 2508 4761 2225 4761 2224 4761 2508 4762 2226 4762 2225 4762 2508 4763 2227 4763 2226 4763 2508 4764 2228 4764 2227 4764 2508 4765 2229 4765 2228 4765 2508 4766 2230 4766 2229 4766 2508 4767 2222 4767 2506 4767 2509 4768 2507 4768 2129 4768 2510 4769 2231 4769 2230 4769 2510 4770 2232 4770 2231 4770 2510 4771 2230 4771 2508 4771 2510 4772 2233 4772 2232 4772 2510 4773 2234 4773 2233 4773 2510 4774 2235 4774 2234 4774 2510 4775 2236 4775 2235 4775 2510 4776 2237 4776 2236 4776 2510 4777 2238 4777 2237 4777 2511 4778 2509 4778 2129 4778 2512 4779 2238 4779 2510 4779 2512 4780 2239 4780 2238 4780 2512 4781 2240 4781 2239 4781 2512 4782 2241 4782 2240 4782 2512 4783 2242 4783 2241 4783 2512 4784 2243 4784 2242 4784 2512 4785 2244 4785 2243 4785 2513 4786 2511 4786 2129 4786 2514 4787 2391 4787 2246 4787 2514 4788 2245 4788 2244 4788 2514 4789 2246 4789 2245 4789 2514 4790 2244 4790 2512 4790 2514 4791 2392 4791 2391 4791 2514 4792 2393 4792 2392 4792 2514 4793 2394 4793 2393 4793 2515 4794 2513 4794 2129 4794 2516 4795 2309 4795 2308 4795 2516 4796 2310 4796 2309 4796 2516 4797 2311 4797 2310 4797 2516 4798 2312 4798 2311 4798 2516 4799 2394 4799 2514 4799 2516 4800 2395 4800 2394 4800 2516 4801 2308 4801 2395 4801 2517 4802 2515 4802 2129 4802 2518 4803 2313 4803 2312 4803 2518 4804 2314 4804 2313 4804 2518 4805 2315 4805 2314 4805 2518 4806 2316 4806 2315 4806 2518 4807 2317 4807 2316 4807 2518 4808 2318 4808 2317 4808 2518 4809 2312 4809 2516 4809 2519 4810 2331 4810 2330 4810 2519 4811 2517 4811 2129 4811 2519 4812 2129 4812 2331 4812 2520 4813 2319 4813 2318 4813 2520 4814 2320 4814 2319 4814 2520 4815 2321 4815 2320 4815 2520 4816 2322 4816 2321 4816 2520 4817 2323 4817 2322 4817 2520 4818 2324 4818 2323 4818 2520 4819 2318 4819 2518 4819 2521 4820 2325 4820 2324 4820 2521 4821 2326 4821 2325 4821 2521 4822 2327 4822 2326 4822 2521 4823 2328 4823 2327 4823 2521 4824 2329 4824 2328 4824 2521 4825 2330 4825 2329 4825 2521 4826 2519 4826 2330 4826 2521 4827 2324 4827 2520 4827 1591 4828 1590 4828 1586 4828 1591 4829 1586 4829 1585 4829 1591 4830 1585 4830 1584 4830 1591 4831 1584 4831 1328 4831 1591 4832 1328 4832 1327 4832 1591 4833 1327 4833 1326 4833 1593 4834 1592 4834 1638 4834 1593 4835 1638 4835 1637 4835 1593 4836 1637 4836 1636 4836 1593 4837 1636 4837 1732 4837 1593 4838 1732 4838 1731 4838 1593 4839 1731 4839 1730 4839 2127 4840 2126 4840 2122 4840 2127 4841 2122 4841 2121 4841 2127 4842 2121 4842 2120 4842 2127 4843 2120 4843 1952 4843 2127 4844 1952 4844 1951 4844 2127 4845 1951 4845 1950 4845 2129 4846 2128 4846 2174 4846 2129 4847 2174 4847 2173 4847 2129 4848 2173 4848 2172 4848 2129 4849 2172 4849 2356 4849 2129 4850 2356 4850 2355 4850 2129 4851 2355 4851 2354 4851 2522 4852 2490 4852 2523 4852 2524 4853 2525 4853 2526 4853 2527 4854 2488 4854 2524 4854 2523 4855 2488 4855 2527 4855 2490 4856 2488 4856 2523 4856 2488 4857 2486 4857 2524 4857 2524 4858 2486 4858 2525 4858 2525 4859 2484 4859 2528 4859 2486 4860 2484 4860 2525 4860 2528 4861 2482 4861 2529 4861 2484 4862 2482 4862 2528 4862 2529 4863 2480 4863 2530 4863 2482 4864 2480 4864 2529 4864 2480 4865 2478 4865 2530 4865 2530 4866 2478 4866 2531 4866 2478 4867 2476 4867 2531 4867 2531 4868 2476 4868 2532 4868 2476 4869 2474 4869 2532 4869 2532 4870 2474 4870 2533 4870 2474 4871 2472 4871 2533 4871 2533 4872 2472 4872 2534 4872 2472 4873 2470 4873 2534 4873 2534 4874 2470 4874 2535 4874 2470 4875 2469 4875 2535 4875 2535 4876 2469 4876 2536 4876 2536 4877 2466 4877 2537 4877 2469 4878 2466 4878 2536 4878 2466 4879 2464 4879 2537 4879 2537 4880 2464 4880 2538 4880 2538 4881 2462 4881 2539 4881 2464 4882 2462 4882 2538 4882 2539 4883 2460 4883 2540 4883 2462 4884 2460 4884 2539 4884 2540 4885 2459 4885 2541 4885 2460 4886 2459 4886 2540 4886 2541 4887 2454 4887 2542 4887 2459 4888 2454 4888 2541 4888 2542 4889 2453 4889 2543 4889 2454 4890 2453 4890 2542 4890 2543 4891 2452 4891 2544 4891 2453 4892 2452 4892 2543 4892 2544 4893 2451 4893 2545 4893 2452 4894 2451 4894 2544 4894 2545 4895 2450 4895 2546 4895 2451 4896 2450 4896 2545 4896 2546 4897 2449 4897 2547 4897 2450 4898 2449 4898 2546 4898 2547 4899 2431 4899 2548 4899 2449 4900 2431 4900 2547 4900 2549 4901 2430 4901 2550 4901 2548 4902 2430 4902 2549 4902 2431 4903 2430 4903 2548 4903 2550 4904 2429 4904 2551 4904 2430 4905 2429 4905 2550 4905 2551 4906 2428 4906 2552 4906 2429 4907 2428 4907 2551 4907 2552 4908 2436 4908 2553 4908 2428 4909 2436 4909 2552 4909 2553 4910 2435 4910 2554 4910 2436 4911 2435 4911 2553 4911 2554 4912 2555 4912 2556 4912 2554 4913 2434 4913 2555 4913 2435 4914 2434 4914 2554 4914 2434 4915 2433 4915 2555 4915 2555 4916 2433 4916 2557 4916 2433 4917 2432 4917 2557 4917 2557 4918 2432 4918 2558 4918 2432 4919 2424 4919 2558 4919 2558 4920 2424 4920 2559 4920 2560 4921 2561 4921 2562 4921 2424 4922 2423 4922 2559 4922 2559 4923 2423 4923 2560 4923 2560 4924 2422 4924 2561 4924 2423 4925 2422 4925 2560 4925 2422 4926 2421 4926 2561 4926 2561 4927 2421 4927 2563 4927 2421 4928 2420 4928 2563 4928 2563 4929 2420 4929 2564 4929 2420 4930 2419 4930 2564 4930 2564 4931 2419 4931 2565 4931 2419 4932 2418 4932 2565 4932 2565 4933 2418 4933 2566 4933 2418 4934 2417 4934 2566 4934 2567 4935 2417 4935 2568 4935 2566 4936 2417 4936 2567 4936 2417 4937 2402 4937 2568 4937 2568 4938 2402 4938 2569 4938 2402 4939 2401 4939 2569 4939 2569 4940 2401 4940 2570 4940 2401 4941 2400 4941 2570 4941 2570 4942 2400 4942 2571 4942 2400 4943 2399 4943 2571 4943 2571 4944 2399 4944 2572 4944 2572 4945 2398 4945 2573 4945 2399 4946 2398 4946 2572 4946 2398 4947 2397 4947 2573 4947 2573 4948 2397 4948 2574 4948 2574 4949 2396 4949 2575 4949 2397 4950 2396 4950 2574 4950 2575 4951 2405 4951 2576 4951 2396 4952 2405 4952 2575 4952 2576 4953 2403 4953 2577 4953 2405 4954 2403 4954 2576 4954 2577 4955 2404 4955 2578 4955 2403 4956 2404 4956 2577 4956 2578 4957 2406 4957 2579 4957 2404 4958 2406 4958 2578 4958 2579 4959 2407 4959 2580 4959 2406 4960 2407 4960 2579 4960 2580 4961 2410 4961 2581 4961 2407 4962 2410 4962 2580 4962 2581 4963 2408 4963 2582 4963 2410 4964 2408 4964 2581 4964 2582 4965 2409 4965 2583 4965 2408 4966 2409 4966 2582 4966 2583 4967 2411 4967 2584 4967 2409 4968 2411 4968 2583 4968 2411 4969 2412 4969 2584 4969 2584 4970 2412 4970 2585 4970 2412 4971 2413 4971 2585 4971 2585 4972 2413 4972 2586 4972 2413 4973 2414 4973 2586 4973 2586 4974 2414 4974 2587 4974 2414 4975 2415 4975 2587 4975 2587 4976 2415 4976 2588 4976 2589 4977 2590 4977 2591 4977 2415 4978 2416 4978 2588 4978 2588 4979 2416 4979 2589 4979 2416 4980 2427 4980 2589 4980 2589 4981 2427 4981 2590 4981 2427 4982 2426 4982 2590 4982 2590 4983 2426 4983 2592 4983 2426 4984 2425 4984 2592 4984 2593 4985 2425 4985 2594 4985 2592 4986 2425 4986 2593 4986 2595 4987 2596 4987 2597 4987 2425 4988 2447 4988 2594 4988 2594 4989 2447 4989 2595 4989 2595 4990 2446 4990 2596 4990 2447 4991 2446 4991 2595 4991 2596 4992 2442 4992 2598 4992 2446 4993 2442 4993 2596 4993 2598 4994 2441 4994 2599 4994 2442 4995 2441 4995 2598 4995 2599 4996 2439 4996 2600 4996 2441 4997 2439 4997 2599 4997 2439 4998 2438 4998 2600 4998 2600 4999 2438 4999 2601 4999 2438 5000 2437 5000 2601 5000 2601 5001 2437 5001 2602 5001 2437 5002 2440 5002 2602 5002 2602 5003 2440 5003 2603 5003 2440 5004 2443 5004 2603 5004 2603 5005 2443 5005 2604 5005 2443 5006 2444 5006 2604 5006 2604 5007 2444 5007 2605 5007 2444 5008 2445 5008 2605 5008 2605 5009 2445 5009 2606 5009 2445 5010 2448 5010 2606 5010 2606 5011 2448 5011 2607 5011 2607 5012 2455 5012 2608 5012 2448 5013 2455 5013 2607 5013 2455 5014 2456 5014 2608 5014 2608 5015 2456 5015 2609 5015 2456 5016 2457 5016 2609 5016 2609 5017 2457 5017 2610 5017 2457 5018 2458 5018 2610 5018 2610 5019 2458 5019 2611 5019 2458 5020 2461 5020 2611 5020 2611 5021 2461 5021 2612 5021 2461 5022 2463 5022 2612 5022 2612 5023 2463 5023 2613 5023 2463 5024 2465 5024 2613 5024 2613 5025 2465 5025 2614 5025 2465 5026 2467 5026 2614 5026 2614 5027 2467 5027 2615 5027 2467 5028 2468 5028 2615 5028 2615 5029 2468 5029 2616 5029 2468 5030 2471 5030 2616 5030 2616 5031 2471 5031 2617 5031 2471 5032 2473 5032 2617 5032 2617 5033 2473 5033 2618 5033 2473 5034 2475 5034 2618 5034 2619 5035 2475 5035 2620 5035 2618 5036 2475 5036 2619 5036 2475 5037 2477 5037 2620 5037 2620 5038 2477 5038 2621 5038 2477 5039 2479 5039 2621 5039 2621 5040 2479 5040 2622 5040 2479 5041 2481 5041 2622 5041 2622 5042 2481 5042 2623 5042 2481 5043 2483 5043 2623 5043 2623 5044 2483 5044 2624 5044 2624 5045 2625 5045 2626 5045 2483 5046 2485 5046 2624 5046 2624 5047 2485 5047 2625 5047 2625 5048 2487 5048 2627 5048 2485 5049 2487 5049 2625 5049 2627 5050 2489 5050 2628 5050 2487 5051 2489 5051 2627 5051 2628 5052 2491 5052 2629 5052 2489 5053 2491 5053 2628 5053 2630 5054 2631 5054 2632 5054 2629 5055 2493 5055 2630 5055 2491 5056 2493 5056 2629 5056 2630 5057 2495 5057 2631 5057 2493 5058 2495 5058 2630 5058 2631 5059 2497 5059 2633 5059 2495 5060 2497 5060 2631 5060 2633 5061 2499 5061 2634 5061 2497 5062 2499 5062 2633 5062 2634 5063 2501 5063 2635 5063 2499 5064 2501 5064 2634 5064 2635 5065 2503 5065 2636 5065 2501 5066 2503 5066 2635 5066 2503 5067 2505 5067 2636 5067 2637 5068 2505 5068 2638 5068 2636 5069 2505 5069 2637 5069 2505 5070 2507 5070 2638 5070 2638 5071 2507 5071 2639 5071 2507 5072 2509 5072 2639 5072 2639 5073 2509 5073 2640 5073 2509 5074 2511 5074 2640 5074 2640 5075 2511 5075 2641 5075 2511 5076 2513 5076 2641 5076 2641 5077 2513 5077 2642 5077 2513 5078 2515 5078 2642 5078 2642 5079 2515 5079 2643 5079 2515 5080 2517 5080 2643 5080 2643 5081 2517 5081 2644 5081 2644 5082 2519 5082 2645 5082 2517 5083 2519 5083 2644 5083 2645 5084 2521 5084 2646 5084 2519 5085 2521 5085 2645 5085 2646 5086 2520 5086 2647 5086 2521 5087 2520 5087 2646 5087 2647 5088 2518 5088 2648 5088 2520 5089 2518 5089 2647 5089 2648 5090 2516 5090 2649 5090 2518 5091 2516 5091 2648 5091 2649 5092 2514 5092 2650 5092 2516 5093 2514 5093 2649 5093 2650 5094 2512 5094 2651 5094 2514 5095 2512 5095 2650 5095 2651 5096 2510 5096 2652 5096 2512 5097 2510 5097 2651 5097 2652 5098 2508 5098 2653 5098 2510 5099 2508 5099 2652 5099 2653 5100 2506 5100 2654 5100 2508 5101 2506 5101 2653 5101 2654 5102 2504 5102 2655 5102 2506 5103 2504 5103 2654 5103 2655 5104 2502 5104 2656 5104 2504 5105 2502 5105 2655 5105 2656 5106 2500 5106 2657 5106 2502 5107 2500 5107 2656 5107 2657 5108 2498 5108 2658 5108 2500 5109 2498 5109 2657 5109 2659 5110 2660 5110 2661 5110 2658 5111 2496 5111 2659 5111 2498 5112 2496 5112 2658 5112 2659 5113 2494 5113 2660 5113 2496 5114 2494 5114 2659 5114 2662 5115 2492 5115 2663 5115 2660 5116 2492 5116 2662 5116 2494 5117 2492 5117 2660 5117 2663 5118 2490 5118 2522 5118 2492 5119 2490 5119 2663 5119 2664 5120 2661 5120 2660 5120 2664 5121 2660 5121 2665 5121 2666 5122 2664 5122 2665 5122 2666 5123 2665 5123 2667 5123 2668 5124 2667 5124 2669 5124 2668 5125 2666 5125 2667 5125 2670 5126 2669 5126 2671 5126 2670 5127 2668 5127 2669 5127 2672 5128 2671 5128 2673 5128 2672 5129 2673 5129 2674 5129 2672 5130 2670 5130 2671 5130 2675 5131 2672 5131 2674 5131 2676 5132 2674 5132 2677 5132 2676 5133 2675 5133 2674 5133 2678 5134 2677 5134 2679 5134 2678 5135 2676 5135 2677 5135 2680 5136 2679 5136 2681 5136 2680 5137 2678 5137 2679 5137 2682 5138 2681 5138 2683 5138 2682 5139 2680 5139 2681 5139 2684 5140 2683 5140 2685 5140 2684 5141 2682 5141 2683 5141 2686 5142 2685 5142 2687 5142 2686 5143 2684 5143 2685 5143 2688 5144 2687 5144 2689 5144 2688 5145 2686 5145 2687 5145 2690 5146 2689 5146 2691 5146 2690 5147 2688 5147 2689 5147 2692 5148 2691 5148 2693 5148 2692 5149 2690 5149 2691 5149 2694 5150 2693 5150 2695 5150 2694 5151 2692 5151 2693 5151 2696 5152 2695 5152 2697 5152 2696 5153 2694 5153 2695 5153 2698 5154 2697 5154 2699 5154 2698 5155 2696 5155 2697 5155 2700 5156 2699 5156 2701 5156 2700 5157 2698 5157 2699 5157 2702 5158 2701 5158 2703 5158 2702 5159 2700 5159 2701 5159 2704 5160 2703 5160 2705 5160 2704 5161 2702 5161 2703 5161 2706 5162 2705 5162 2707 5162 2706 5163 2704 5163 2705 5163 2708 5164 2707 5164 2709 5164 2708 5165 2706 5165 2707 5165 2710 5166 2708 5166 2709 5166 2710 5167 2709 5167 2711 5167 2712 5168 2710 5168 2711 5168 2712 5169 2711 5169 2713 5169 2714 5170 2712 5170 2713 5170 2714 5171 2713 5171 2715 5171 2716 5172 2714 5172 2715 5172 2716 5173 2715 5173 2717 5173 2718 5174 2716 5174 2717 5174 2718 5175 2717 5175 2719 5175 2720 5176 2718 5176 2719 5176 2720 5177 2719 5177 2721 5177 2722 5178 2720 5178 2721 5178 2722 5179 2721 5179 2723 5179 2724 5180 2722 5180 2723 5180 2724 5181 2723 5181 2725 5181 2726 5182 2725 5182 2727 5182 2726 5183 2727 5183 2728 5183 2726 5184 2724 5184 2725 5184 2729 5185 2726 5185 2728 5185 2729 5186 2728 5186 2730 5186 2731 5187 2729 5187 2730 5187 2732 5188 2730 5188 2733 5188 2732 5189 2733 5189 2734 5189 2732 5190 2731 5190 2730 5190 2735 5191 2732 5191 2734 5191 2736 5192 2734 5192 2737 5192 2736 5193 2735 5193 2734 5193 2738 5194 2737 5194 2739 5194 2738 5195 2739 5195 2740 5195 2738 5196 2736 5196 2737 5196 2741 5197 2740 5197 2742 5197 2741 5198 2738 5198 2740 5198 2743 5199 2741 5199 2742 5199 2744 5200 2742 5200 2745 5200 2744 5201 2745 5201 2746 5201 2744 5202 2743 5202 2742 5202 2747 5203 2744 5203 2746 5203 2748 5204 2746 5204 2749 5204 2748 5205 2747 5205 2746 5205 2750 5206 2749 5206 2751 5206 2750 5207 2748 5207 2749 5207 2752 5208 2751 5208 2753 5208 2752 5209 2750 5209 2751 5209 2754 5210 2753 5210 2755 5210 2754 5211 2752 5211 2753 5211 2756 5212 2755 5212 2757 5212 2756 5213 2754 5213 2755 5213 2758 5214 2757 5214 2759 5214 2758 5215 2756 5215 2757 5215 2760 5216 2758 5216 2759 5216 2760 5217 2759 5217 2761 5217 2760 5218 2761 5218 2762 5218 2763 5219 2760 5219 2762 5219 2764 5220 2763 5220 2762 5220 2764 5221 2762 5221 2765 5221 2766 5222 2764 5222 2765 5222 2766 5223 2765 5223 2767 5223 2768 5224 2766 5224 2767 5224 2768 5225 2767 5225 2769 5225 2770 5226 2768 5226 2769 5226 2770 5227 2769 5227 2771 5227 2526 5228 2770 5228 2524 5228 2524 5229 2770 5229 2771 5229 2749 5230 2772 5230 2751 5230 2751 5231 2773 5231 2753 5231 2753 5232 2773 5232 2755 5232 2772 5233 2773 5233 2751 5233 2745 5234 2774 5234 2746 5234 2746 5235 2774 5235 2749 5235 2749 5236 2774 5236 2772 5236 2755 5237 2775 5237 2757 5237 2773 5238 2775 5238 2755 5238 2742 5239 2776 5239 2745 5239 2745 5240 2776 5240 2774 5240 2757 5241 2777 5241 2759 5241 2775 5242 2777 5242 2757 5242 2742 5243 2778 5243 2776 5243 2739 5244 2778 5244 2740 5244 2740 5245 2778 5245 2742 5245 2759 5246 2779 5246 2761 5246 2761 5247 2779 5247 2762 5247 2777 5248 2779 5248 2759 5248 2739 5249 2780 5249 2778 5249 2737 5250 2780 5250 2739 5250 2733 5251 2781 5251 2734 5251 2734 5252 2781 5252 2737 5252 2737 5253 2781 5253 2780 5253 2779 5254 2782 5254 2762 5254 2762 5255 2782 5255 2765 5255 2765 5256 2783 5256 2767 5256 2767 5257 2783 5257 2769 5257 2782 5258 2783 5258 2765 5258 2730 5259 2784 5259 2733 5259 2733 5260 2784 5260 2781 5260 2783 5261 2785 5261 2769 5261 2769 5262 2785 5262 2771 5262 2730 5263 2786 5263 2784 5263 2728 5264 2786 5264 2730 5264 2785 5265 2787 5265 2771 5265 2725 5266 2788 5266 2727 5266 2727 5267 2788 5267 2728 5267 2728 5268 2788 5268 2786 5268 2787 5269 2789 5269 2771 5269 2723 5270 2790 5270 2725 5270 2725 5271 2790 5271 2788 5271 2789 5272 2791 5272 2771 5272 2723 5273 2792 5273 2790 5273 2719 5274 2792 5274 2721 5274 2721 5275 2792 5275 2723 5275 2791 5276 2793 5276 2771 5276 2719 5277 2794 5277 2792 5277 2717 5278 2794 5278 2719 5278 2793 5279 2795 5279 2771 5279 2713 5280 2796 5280 2715 5280 2717 5281 2796 5281 2794 5281 2715 5282 2796 5282 2717 5282 2795 5283 2797 5283 2771 5283 2711 5284 2798 5284 2713 5284 2713 5285 2798 5285 2796 5285 2797 5286 2799 5286 2771 5286 2711 5287 2800 5287 2798 5287 2707 5288 2800 5288 2709 5288 2709 5289 2800 5289 2711 5289 2705 5290 2801 5290 2707 5290 2707 5291 2801 5291 2800 5291 2799 5292 2802 5292 2771 5292 2802 5293 2803 5293 2771 5293 2703 5294 2804 5294 2705 5294 2705 5295 2804 5295 2801 5295 2699 5296 2805 5296 2701 5296 2701 5297 2805 5297 2703 5297 2703 5298 2805 5298 2804 5298 2803 5299 2806 5299 2771 5299 2806 5300 2807 5300 2771 5300 2697 5301 2808 5301 2699 5301 2699 5302 2808 5302 2805 5302 2807 5303 2809 5303 2771 5303 2697 5304 2810 5304 2808 5304 2693 5305 2810 5305 2695 5305 2695 5306 2810 5306 2697 5306 2693 5307 2811 5307 2810 5307 2691 5308 2811 5308 2693 5308 2809 5309 2812 5309 2771 5309 2691 5310 2813 5310 2811 5310 2689 5311 2813 5311 2691 5311 2812 5312 2814 5312 2771 5312 2689 5313 2687 5313 2813 5313 2814 5314 2815 5314 2771 5314 2687 5315 2816 5315 2813 5315 2687 5316 2685 5316 2816 5316 2816 5317 2685 5317 2817 5317 2685 5318 2683 5318 2817 5318 2683 5319 2681 5319 2817 5319 2817 5320 2681 5320 2818 5320 2681 5321 2679 5321 2818 5321 2818 5322 2679 5322 2819 5322 2679 5323 2677 5323 2819 5323 2819 5324 2677 5324 2820 5324 2677 5325 2674 5325 2820 5325 2674 5326 2673 5326 2820 5326 2820 5327 2673 5327 2821 5327 2673 5328 2671 5328 2821 5328 2821 5329 2671 5329 2822 5329 2671 5330 2669 5330 2822 5330 2822 5331 2667 5331 2823 5331 2669 5332 2667 5332 2822 5332 2667 5333 2665 5333 2823 5333 2824 5334 2665 5334 2825 5334 2826 5335 2665 5335 2824 5335 2827 5336 2665 5336 2826 5336 2828 5337 2665 5337 2827 5337 2829 5338 2665 5338 2828 5338 2830 5339 2665 5339 2829 5339 2831 5340 2665 5340 2830 5340 2832 5341 2665 5341 2831 5341 2833 5342 2665 5342 2832 5342 2834 5343 2665 5343 2833 5343 2835 5344 2665 5344 2834 5344 2836 5345 2665 5345 2835 5345 2837 5346 2665 5346 2836 5346 2838 5347 2665 5347 2837 5347 2823 5348 2665 5348 2838 5348 2815 5349 2527 5349 2771 5349 2839 5350 2527 5350 2815 5350 2840 5351 2527 5351 2839 5351 2841 5352 2527 5352 2840 5352 2842 5353 2527 5353 2841 5353 2771 5354 2527 5354 2524 5354 2843 5355 2523 5355 2842 5355 2844 5356 2523 5356 2843 5356 2845 5357 2523 5357 2844 5357 2846 5358 2523 5358 2845 5358 2847 5359 2523 5359 2846 5359 2842 5360 2523 5360 2527 5360 2847 5361 2522 5361 2523 5361 2848 5362 2522 5362 2847 5362 2849 5363 2522 5363 2848 5363 2850 5364 2522 5364 2849 5364 2851 5365 2522 5365 2850 5365 2851 5366 2663 5366 2522 5366 2852 5367 2663 5367 2851 5367 2853 5368 2663 5368 2852 5368 2854 5369 2663 5369 2853 5369 2855 5370 2663 5370 2854 5370 2856 5371 2663 5371 2855 5371 2665 5372 2662 5372 2825 5372 2857 5373 2662 5373 2856 5373 2858 5374 2662 5374 2857 5374 2859 5375 2662 5375 2858 5375 2825 5376 2662 5376 2859 5376 2856 5377 2662 5377 2663 5377 2665 5378 2660 5378 2662 5378 2860 5379 2861 5379 2849 5379 2849 5380 2861 5380 2850 5380 2850 5381 2862 5381 2851 5381 2861 5382 2862 5382 2850 5382 2851 5383 2863 5383 2852 5383 2862 5384 2863 5384 2851 5384 2852 5385 2864 5385 2853 5385 2853 5386 2864 5386 2854 5386 2863 5387 2864 5387 2852 5387 2864 5388 2865 5388 2854 5388 2854 5389 2866 5389 2855 5389 2865 5390 2866 5390 2854 5390 2855 5391 2867 5391 2856 5391 2866 5392 2867 5392 2855 5392 2856 5393 2868 5393 2857 5393 2867 5394 2868 5394 2856 5394 2857 5395 2869 5395 2858 5395 2858 5396 2869 5396 2859 5396 2868 5397 2869 5397 2857 5397 2869 5398 2870 5398 2859 5398 2859 5399 2871 5399 2825 5399 2870 5400 2871 5400 2859 5400 2825 5401 2872 5401 2824 5401 2871 5402 2872 5402 2825 5402 2824 5403 2873 5403 2826 5403 2872 5404 2873 5404 2824 5404 2826 5405 2874 5405 2827 5405 2827 5406 2874 5406 2828 5406 2873 5407 2874 5407 2826 5407 2828 5408 2875 5408 2829 5408 2874 5409 2875 5409 2828 5409 2875 5410 2876 5410 2829 5410 2829 5411 2877 5411 2830 5411 2876 5412 2877 5412 2829 5412 2830 5413 2878 5413 2831 5413 2877 5414 2878 5414 2830 5414 2831 5415 2879 5415 2832 5415 2878 5416 2879 5416 2831 5416 2832 5417 2880 5417 2833 5417 2879 5418 2880 5418 2832 5418 2833 5419 2881 5419 2834 5419 2880 5420 2881 5420 2833 5420 2834 5421 2882 5421 2835 5421 2881 5422 2882 5422 2834 5422 2835 5423 2883 5423 2836 5423 2882 5424 2883 5424 2835 5424 2836 5425 2884 5425 2837 5425 2883 5426 2884 5426 2836 5426 2837 5427 2885 5427 2838 5427 2884 5428 2885 5428 2837 5428 2838 5429 2886 5429 2823 5429 2885 5430 2886 5430 2838 5430 2823 5431 2887 5431 2822 5431 2886 5432 2887 5432 2823 5432 2822 5433 2888 5433 2821 5433 2887 5434 2888 5434 2822 5434 2821 5435 2889 5435 2820 5435 2888 5436 2889 5436 2821 5436 2820 5437 2890 5437 2819 5437 2889 5438 2890 5438 2820 5438 2890 5439 2891 5439 2819 5439 2819 5440 2891 5440 2818 5440 2891 5441 2892 5441 2818 5441 2818 5442 2892 5442 2817 5442 2892 5443 2893 5443 2817 5443 2817 5444 2893 5444 2816 5444 2893 5445 2894 5445 2816 5445 2816 5446 2894 5446 2813 5446 2894 5447 2895 5447 2813 5447 2813 5448 2895 5448 2811 5448 2895 5449 2896 5449 2811 5449 2811 5450 2896 5450 2810 5450 2896 5451 2897 5451 2810 5451 2810 5452 2897 5452 2808 5452 2897 5453 2898 5453 2808 5453 2808 5454 2898 5454 2805 5454 2898 5455 2899 5455 2805 5455 2805 5456 2899 5456 2804 5456 2804 5457 2900 5457 2801 5457 2899 5458 2900 5458 2804 5458 2801 5459 2901 5459 2800 5459 2900 5460 2901 5460 2801 5460 2800 5461 2902 5461 2798 5461 2798 5462 2902 5462 2796 5462 2901 5463 2902 5463 2800 5463 2902 5464 2903 5464 2796 5464 2796 5465 2904 5465 2794 5465 2903 5466 2904 5466 2796 5466 2794 5467 2905 5467 2792 5467 2904 5468 2905 5468 2794 5468 2792 5469 2906 5469 2790 5469 2905 5470 2906 5470 2792 5470 2790 5471 2907 5471 2788 5471 2906 5472 2907 5472 2790 5472 2788 5473 2908 5473 2786 5473 2786 5474 2908 5474 2784 5474 2907 5475 2908 5475 2788 5475 2908 5476 2909 5476 2784 5476 2784 5477 2910 5477 2781 5477 2909 5478 2910 5478 2784 5478 2781 5479 2911 5479 2780 5479 2910 5480 2911 5480 2781 5480 2780 5481 2912 5481 2778 5481 2911 5482 2912 5482 2780 5482 2778 5483 2913 5483 2776 5483 2912 5484 2913 5484 2778 5484 2776 5485 2914 5485 2774 5485 2913 5486 2914 5486 2776 5486 2774 5487 2915 5487 2772 5487 2914 5488 2915 5488 2774 5488 2915 5489 2916 5489 2772 5489 2772 5490 2916 5490 2773 5490 2773 5491 2916 5491 2775 5491 2916 5492 2917 5492 2775 5492 2917 5493 2918 5493 2775 5493 2775 5494 2918 5494 2777 5494 2777 5495 2918 5495 2779 5495 2918 5496 2919 5496 2779 5496 2919 5497 2920 5497 2779 5497 2779 5498 2920 5498 2782 5498 2920 5499 2921 5499 2782 5499 2782 5500 2921 5500 2783 5500 2783 5501 2921 5501 2785 5501 2921 5502 2922 5502 2785 5502 2922 5503 2923 5503 2785 5503 2785 5504 2923 5504 2787 5504 2923 5505 2924 5505 2787 5505 2787 5506 2924 5506 2789 5506 2924 5507 2925 5507 2789 5507 2789 5508 2925 5508 2791 5508 2791 5509 2925 5509 2793 5509 2925 5510 2926 5510 2793 5510 2926 5511 2927 5511 2793 5511 2793 5512 2927 5512 2795 5512 2927 5513 2928 5513 2795 5513 2795 5514 2928 5514 2797 5514 2797 5515 2928 5515 2799 5515 2928 5516 2929 5516 2799 5516 2929 5517 2930 5517 2799 5517 2799 5518 2930 5518 2802 5518 2930 5519 2931 5519 2802 5519 2802 5520 2931 5520 2803 5520 2931 5521 2932 5521 2803 5521 2803 5522 2932 5522 2806 5522 2932 5523 2933 5523 2806 5523 2806 5524 2933 5524 2807 5524 2807 5525 2933 5525 2809 5525 2933 5526 2934 5526 2809 5526 2809 5527 2935 5527 2812 5527 2934 5528 2935 5528 2809 5528 2812 5529 2936 5529 2814 5529 2935 5530 2936 5530 2812 5530 2814 5531 2937 5531 2815 5531 2815 5532 2937 5532 2839 5532 2936 5533 2937 5533 2814 5533 2937 5534 2938 5534 2839 5534 2839 5535 2939 5535 2840 5535 2938 5536 2939 5536 2839 5536 2840 5537 2940 5537 2841 5537 2939 5538 2940 5538 2840 5538 2940 5539 2941 5539 2841 5539 2841 5540 2941 5540 2842 5540 2941 5541 2942 5541 2842 5541 2842 5542 2942 5542 2843 5542 2843 5543 2942 5543 2844 5543 2942 5544 2943 5544 2844 5544 2943 5545 2944 5545 2844 5545 2844 5546 2944 5546 2845 5546 2845 5547 2944 5547 2846 5547 2944 5548 2945 5548 2846 5548 2945 5549 2946 5549 2846 5549 2846 5550 2946 5550 2847 5550 2946 5551 2947 5551 2847 5551 2847 5552 2947 5552 2848 5552 2848 5553 2947 5553 2849 5553 2947 5554 2860 5554 2849 5554 2948 5555 2556 5555 2555 5555 2948 5556 2555 5556 2949 5556 2950 5557 2951 5557 2560 5557 2950 5558 2952 5558 2951 5558 2560 5559 2953 5559 2559 5559 2951 5560 2953 5560 2560 5560 2950 5561 2954 5561 2952 5561 2953 5562 2955 5562 2559 5562 2955 5563 2956 5563 2559 5563 2950 5564 2957 5564 2954 5564 2950 5565 2958 5565 2957 5565 2956 5566 2959 5566 2559 5566 2950 5567 2960 5567 2958 5567 2959 5568 2961 5568 2559 5568 2950 5569 2962 5569 2960 5569 2961 5570 2963 5570 2559 5570 2559 5571 2964 5571 2558 5571 2963 5572 2964 5572 2559 5572 2950 5573 2965 5573 2962 5573 2964 5574 2966 5574 2558 5574 2950 5575 2967 5575 2965 5575 2950 5576 2968 5576 2967 5576 2966 5577 2969 5577 2558 5577 2969 5578 2970 5578 2558 5578 2950 5579 2971 5579 2968 5579 2950 5580 2972 5580 2971 5580 2970 5581 2973 5581 2558 5581 2950 5582 2974 5582 2972 5582 2973 5583 2975 5583 2558 5583 2950 5584 2976 5584 2974 5584 2975 5585 2977 5585 2558 5585 2950 5586 2978 5586 2976 5586 2977 5587 2979 5587 2558 5587 2950 5588 2980 5588 2978 5588 2981 5589 2980 5589 2950 5589 2558 5590 2982 5590 2557 5590 2979 5591 2982 5591 2558 5591 2981 5592 2983 5592 2980 5592 2984 5593 2983 5593 2985 5593 2985 5594 2983 5594 2981 5594 2982 5595 2986 5595 2557 5595 2984 5596 2987 5596 2983 5596 2988 5597 2987 5597 2984 5597 2986 5598 2989 5598 2557 5598 2988 5599 2990 5599 2987 5599 2991 5600 2990 5600 2992 5600 2992 5601 2990 5601 2988 5601 2989 5602 2993 5602 2557 5602 2991 5603 2994 5603 2990 5603 2995 5604 2994 5604 2991 5604 2993 5605 2996 5605 2557 5605 2997 5606 2998 5606 2995 5606 2995 5607 2998 5607 2994 5607 2996 5608 2999 5608 2557 5608 2997 5609 3000 5609 2998 5609 3001 5610 3000 5610 3002 5610 3002 5611 3000 5611 2997 5611 2557 5612 3003 5612 2555 5612 2999 5613 3003 5613 2557 5613 3001 5614 3004 5614 3000 5614 3003 5615 3005 5615 2555 5615 3001 5616 3006 5616 3004 5616 3006 5617 3007 5617 3004 5617 3006 5618 3008 5618 3007 5618 3008 5619 3009 5619 3007 5619 3007 5620 3009 5620 3010 5620 3009 5621 3011 5621 3010 5621 3010 5622 3011 5622 3012 5622 3011 5623 3013 5623 3012 5623 3013 5624 3014 5624 3012 5624 3012 5625 3014 5625 3015 5625 3014 5626 3016 5626 3015 5626 3015 5627 3016 5627 3017 5627 3016 5628 3018 5628 3017 5628 3018 5629 3019 5629 3017 5629 3017 5630 3019 5630 3020 5630 3019 5631 3021 5631 3020 5631 3020 5632 3021 5632 3022 5632 3021 5633 3023 5633 3022 5633 3022 5634 3023 5634 3024 5634 3023 5635 3025 5635 3024 5635 3025 5636 3026 5636 3024 5636 3024 5637 3026 5637 3027 5637 3026 5638 3028 5638 3027 5638 3027 5639 3028 5639 3029 5639 3028 5640 3030 5640 3029 5640 3029 5641 3031 5641 3032 5641 3030 5642 3031 5642 3029 5642 3032 5643 3033 5643 3034 5643 3031 5644 3033 5644 3032 5644 3033 5645 3035 5645 3034 5645 3034 5646 3036 5646 3037 5646 3035 5647 3036 5647 3034 5647 3037 5648 3038 5648 3039 5648 3036 5649 3038 5649 3037 5649 3038 5650 3040 5650 3039 5650 3041 5651 2949 5651 3005 5651 3042 5652 2949 5652 3041 5652 3043 5653 2949 5653 3042 5653 3044 5654 2949 5654 3043 5654 3045 5655 2949 5655 3044 5655 3046 5656 2949 5656 3045 5656 3047 5657 2949 5657 3046 5657 3048 5658 2949 5658 3047 5658 3049 5659 2949 5659 3048 5659 3050 5660 2949 5660 3049 5660 3051 5661 2949 5661 3050 5661 3052 5662 2949 5662 3051 5662 3053 5663 2949 5663 3052 5663 3054 5664 2949 5664 3053 5664 3055 5665 2949 5665 3054 5665 3005 5666 2949 5666 2555 5666 3039 5667 3056 5667 3057 5667 3040 5668 3056 5668 3039 5668 3058 5669 3059 5669 3055 5669 3055 5670 3059 5670 2949 5670 3056 5671 3060 5671 3057 5671 3057 5672 3060 5672 3061 5672 3058 5673 3062 5673 3059 5673 3060 5674 3063 5674 3061 5674 3061 5675 3063 5675 3064 5675 3058 5676 3065 5676 3062 5676 3066 5677 3065 5677 3058 5677 3063 5678 3067 5678 3064 5678 3068 5679 3069 5679 3066 5679 3066 5680 3069 5680 3065 5680 3067 5681 3070 5681 3064 5681 3064 5682 3070 5682 3071 5682 3068 5683 3072 5683 3069 5683 3070 5684 3073 5684 3071 5684 3071 5685 3073 5685 3074 5685 3068 5686 3075 5686 3072 5686 3076 5687 3075 5687 3068 5687 3073 5688 3077 5688 3074 5688 3076 5689 3078 5689 3075 5689 3079 5690 3078 5690 3076 5690 3077 5691 3080 5691 3074 5691 3074 5692 3080 5692 3081 5692 3079 5693 3082 5693 3078 5693 3083 5694 3082 5694 3079 5694 3080 5695 3084 5695 3081 5695 3081 5696 3084 5696 3085 5696 3083 5697 3086 5697 3082 5697 3084 5698 3087 5698 3085 5698 3083 5699 3088 5699 3086 5699 3089 5700 3088 5700 3083 5700 3087 5701 3090 5701 3085 5701 3089 5702 3090 5702 3088 5702 3085 5703 3090 5703 3089 5703 2562 5704 3091 5704 2560 5704 2560 5705 3091 5705 2950 5705 3092 5706 2591 5706 2590 5706 3092 5707 2590 5707 3093 5707 2590 5708 3094 5708 3093 5708 3094 5709 3095 5709 3093 5709 2592 5710 3096 5710 2590 5710 2590 5711 3096 5711 3094 5711 3095 5712 3097 5712 3093 5712 2592 5713 3098 5713 3096 5713 3097 5714 3099 5714 3093 5714 2592 5715 3100 5715 3098 5715 2592 5716 3101 5716 3100 5716 3099 5717 3102 5717 3093 5717 2592 5718 3103 5718 3101 5718 3102 5719 3104 5719 3093 5719 3104 5720 3105 5720 3093 5720 2592 5721 3106 5721 3103 5721 3105 5722 3107 5722 3093 5722 2593 5723 3108 5723 2592 5723 2592 5724 3108 5724 3106 5724 3107 5725 3109 5725 3093 5725 2593 5726 3110 5726 3108 5726 3109 5727 3111 5727 3093 5727 2593 5728 3112 5728 3110 5728 2593 5729 3113 5729 3112 5729 3111 5730 3114 5730 3093 5730 3114 5731 3115 5731 3093 5731 2593 5732 3116 5732 3113 5732 3115 5733 3117 5733 3093 5733 2593 5734 3118 5734 3116 5734 3117 5735 3119 5735 3093 5735 2593 5736 3120 5736 3118 5736 2593 5737 3121 5737 3120 5737 3119 5738 3122 5738 3093 5738 2593 5739 3123 5739 3121 5739 2594 5740 3123 5740 2593 5740 3093 5741 3124 5741 3125 5741 3122 5742 3124 5742 3093 5742 2594 5743 3126 5743 3123 5743 3125 5744 3127 5744 3128 5744 3128 5745 3127 5745 3129 5745 3124 5746 3127 5746 3125 5746 2594 5747 3130 5747 3126 5747 3129 5748 3131 5748 3132 5748 3127 5749 3131 5749 3129 5749 2594 5750 3133 5750 3130 5750 3132 5751 3134 5751 3135 5751 3135 5752 3134 5752 3136 5752 3131 5753 3134 5753 3132 5753 3136 5754 3137 5754 3138 5754 3134 5755 3137 5755 3136 5755 2594 5756 3139 5756 3133 5756 2594 5757 3140 5757 3139 5757 3138 5758 3141 5758 3142 5758 3137 5759 3141 5759 3138 5759 2595 5760 3143 5760 2594 5760 2594 5761 3143 5761 3140 5761 3142 5762 3144 5762 3145 5762 3145 5763 3144 5763 3146 5763 3141 5764 3144 5764 3142 5764 3144 5765 3147 5765 3146 5765 2595 5766 3148 5766 3143 5766 3147 5767 3149 5767 3146 5767 3147 5768 3150 5768 3149 5768 3150 5769 3151 5769 3149 5769 3152 5770 3153 5770 3150 5770 3150 5771 3153 5771 3151 5771 3154 5772 3155 5772 3152 5772 3152 5773 3155 5773 3153 5773 3154 5774 3156 5774 3155 5774 3157 5775 3158 5775 3154 5775 3154 5776 3158 5776 3156 5776 3157 5777 3159 5777 3158 5777 3160 5778 3159 5778 3157 5778 3160 5779 3161 5779 3159 5779 3162 5780 3163 5780 3160 5780 3160 5781 3163 5781 3161 5781 3164 5782 3165 5782 3162 5782 3162 5783 3165 5783 3163 5783 3166 5784 3167 5784 3164 5784 3164 5785 3167 5785 3165 5785 3166 5786 3168 5786 3167 5786 3166 5787 3169 5787 3168 5787 3170 5788 3169 5788 3166 5788 3171 5789 3172 5789 3170 5789 3170 5790 3172 5790 3169 5790 3171 5791 3173 5791 3172 5791 3174 5792 3175 5792 3171 5792 3171 5793 3175 5793 3173 5793 3176 5794 3177 5794 3174 5794 3174 5795 3177 5795 3175 5795 3176 5796 3178 5796 3177 5796 3176 5797 3179 5797 3178 5797 3180 5798 3179 5798 3176 5798 3180 5799 3181 5799 3179 5799 3182 5800 3181 5800 3180 5800 3182 5801 3183 5801 3181 5801 2595 5802 3184 5802 3148 5802 3185 5803 3184 5803 3186 5803 3187 5804 3184 5804 3185 5804 3188 5805 3184 5805 3187 5805 3189 5806 3184 5806 3188 5806 3190 5807 3184 5807 3189 5807 3191 5808 3184 5808 3190 5808 3192 5809 3184 5809 3191 5809 3193 5810 3184 5810 3192 5810 3194 5811 3184 5811 3193 5811 3195 5812 3184 5812 3194 5812 3196 5813 3184 5813 3195 5813 3197 5814 3184 5814 3196 5814 3198 5815 3184 5815 3197 5815 3199 5816 3184 5816 3198 5816 3148 5817 3184 5817 3199 5817 3200 5818 3201 5818 3182 5818 3182 5819 3201 5819 3183 5819 3184 5820 3202 5820 3186 5820 3186 5821 3202 5821 3203 5821 3204 5822 3205 5822 3200 5822 3200 5823 3205 5823 3201 5823 3202 5824 3206 5824 3203 5824 3207 5825 3208 5825 3204 5825 3204 5826 3208 5826 3205 5826 3203 5827 3209 5827 3210 5827 3206 5828 3209 5828 3203 5828 3207 5829 3211 5829 3208 5829 3209 5830 3212 5830 3210 5830 3210 5831 3212 5831 3213 5831 3207 5832 3214 5832 3211 5832 3215 5833 3214 5833 3207 5833 3212 5834 3216 5834 3213 5834 3215 5835 3217 5835 3214 5835 3218 5836 3217 5836 3215 5836 3216 5837 3219 5837 3213 5837 3213 5838 3219 5838 3220 5838 3218 5839 3221 5839 3217 5839 3219 5840 3222 5840 3220 5840 3220 5841 3222 5841 3223 5841 3218 5842 3224 5842 3221 5842 3225 5843 3224 5843 3218 5843 3222 5844 3226 5844 3223 5844 3223 5845 3226 5845 3227 5845 3225 5846 3228 5846 3224 5846 3229 5847 3228 5847 3225 5847 3226 5848 3230 5848 3227 5848 3229 5849 3231 5849 3228 5849 3230 5850 3232 5850 3227 5850 3227 5851 3232 5851 3233 5851 3229 5852 3234 5852 3231 5852 3232 5853 3234 5853 3233 5853 3233 5854 3234 5854 3229 5854 2597 5855 3235 5855 2595 5855 2595 5856 3235 5856 3184 5856 3236 5857 2626 5857 2625 5857 3236 5858 2625 5858 3237 5858 3238 5859 3239 5859 3240 5859 3238 5860 3241 5860 3239 5860 3242 5861 3241 5861 3243 5861 3243 5862 3241 5862 3238 5862 3239 5863 3244 5863 3240 5863 3240 5864 3244 5864 3245 5864 3245 5865 3244 5865 3246 5865 3242 5866 3247 5866 3241 5866 3248 5867 3247 5867 3242 5867 3246 5868 3249 5868 3250 5868 3244 5869 3249 5869 3246 5869 3250 5870 3251 5870 3252 5870 3252 5871 3251 5871 3253 5871 3249 5872 3251 5872 3250 5872 3248 5873 3254 5873 3247 5873 3255 5874 3254 5874 3248 5874 3256 5875 3257 5875 3258 5875 3258 5876 3257 5876 3255 5876 3255 5877 3257 5877 3254 5877 3253 5878 3259 5878 3260 5878 3251 5879 3259 5879 3253 5879 3261 5880 3262 5880 3256 5880 3256 5881 3262 5881 3257 5881 3260 5882 3263 5882 3264 5882 3264 5883 3263 5883 3265 5883 3259 5884 3263 5884 3260 5884 3265 5885 3266 5885 3267 5885 3263 5886 3266 5886 3265 5886 3268 5887 3269 5887 3270 5887 3270 5888 3269 5888 3261 5888 3261 5889 3269 5889 3262 5889 3267 5890 3271 5890 3272 5890 3266 5891 3271 5891 3267 5891 3237 5892 3273 5892 3268 5892 3268 5893 3273 5893 3269 5893 3237 5894 3274 5894 3273 5894 3272 5895 3275 5895 3276 5895 3276 5896 3275 5896 3277 5896 3271 5897 3275 5897 3272 5897 3237 5898 3278 5898 3274 5898 3277 5899 3279 5899 3280 5899 3275 5900 3279 5900 3277 5900 3280 5901 3281 5901 3282 5901 3282 5902 3281 5902 3283 5902 3279 5903 3281 5903 3280 5903 3237 5904 3284 5904 3278 5904 3237 5905 3285 5905 3284 5905 3283 5906 3286 5906 3287 5906 3281 5907 3286 5907 3283 5907 3237 5908 3288 5908 3285 5908 3287 5909 3289 5909 3290 5909 3290 5910 3289 5910 3291 5910 3286 5911 3289 5911 3287 5911 3237 5912 3292 5912 3288 5912 3291 5913 3293 5913 3294 5913 3289 5914 3293 5914 3291 5914 3237 5915 3295 5915 3292 5915 3294 5916 3296 5916 3297 5916 3297 5917 3296 5917 3298 5917 3293 5918 3296 5918 3294 5918 3237 5919 3299 5919 3295 5919 3298 5920 3300 5920 3301 5920 3296 5921 3300 5921 3298 5921 3237 5922 3302 5922 3299 5922 3301 5923 3303 5923 3304 5923 3300 5924 3303 5924 3301 5924 3237 5925 3305 5925 3302 5925 3304 5926 3306 5926 3307 5926 3307 5927 3306 5927 3308 5927 3303 5928 3306 5928 3304 5928 3237 5929 3309 5929 3305 5929 3308 5930 3310 5930 3311 5930 3306 5931 3310 5931 3308 5931 3237 5932 3312 5932 3309 5932 3311 5933 3313 5933 3314 5933 3314 5934 3313 5934 3315 5934 3310 5935 3313 5935 3311 5935 3237 5936 3316 5936 3312 5936 3313 5937 3317 5937 3315 5937 3315 5938 3317 5938 3318 5938 3237 5939 3319 5939 3316 5939 3317 5940 3320 5940 3318 5940 3318 5941 3320 5941 3321 5941 3320 5942 3322 5942 3321 5942 3237 5943 3323 5943 3319 5943 3320 5944 3324 5944 3322 5944 3324 5945 3325 5945 3322 5945 3326 5946 3325 5946 3324 5946 3326 5947 3327 5947 3325 5947 3328 5948 3329 5948 3326 5948 3326 5949 3329 5949 3327 5949 3328 5950 3330 5950 3329 5950 3331 5951 3330 5951 3328 5951 3332 5952 3333 5952 3331 5952 3331 5953 3333 5953 3330 5953 3332 5954 3334 5954 3333 5954 3335 5955 3336 5955 3332 5955 3332 5956 3336 5956 3334 5956 3335 5957 3337 5957 3336 5957 3338 5958 3337 5958 3335 5958 3338 5959 3339 5959 3337 5959 3338 5960 3340 5960 3339 5960 3341 5961 3340 5961 3338 5961 3341 5962 3342 5962 3340 5962 3343 5963 3342 5963 3341 5963 3344 5964 3342 5964 3343 5964 3345 5965 3342 5965 3344 5965 3346 5966 3342 5966 3345 5966 3347 5967 3342 5967 3346 5967 3348 5968 3342 5968 3347 5968 3349 5969 3342 5969 3348 5969 3350 5970 3342 5970 3349 5970 3351 5971 3342 5971 3350 5971 3352 5972 3342 5972 3351 5972 3353 5973 3342 5973 3352 5973 3354 5974 3342 5974 3353 5974 3355 5975 3342 5975 3354 5975 3356 5976 3342 5976 3355 5976 3357 5977 3342 5977 3356 5977 3237 5978 2625 5978 3323 5978 3323 5979 2625 5979 3358 5979 2625 5980 2627 5980 3358 5980 3359 5981 2627 5981 3360 5981 3361 5982 2627 5982 3359 5982 3362 5983 2627 5983 3361 5983 3363 5984 2627 5984 3362 5984 3364 5985 2627 5985 3363 5985 3358 5986 2627 5986 3364 5986 3365 5987 2628 5987 3366 5987 3367 5988 2628 5988 3365 5988 3368 5989 2628 5989 3367 5989 3369 5990 2628 5990 3368 5990 3370 5991 2628 5991 3369 5991 3371 5992 2628 5992 3370 5992 3372 5993 2628 5993 3371 5993 3360 5994 2628 5994 3372 5994 2627 5995 2628 5995 3360 5995 3373 5996 2629 5996 3374 5996 3375 5997 2629 5997 3373 5997 3376 5998 2629 5998 3375 5998 3377 5999 2629 5999 3376 5999 3378 6000 2629 6000 3377 6000 3366 6001 2629 6001 3378 6001 2628 6002 2629 6002 3366 6002 3357 6003 2630 6003 3342 6003 3374 6004 2630 6004 3357 6004 2629 6005 2630 6005 3374 6005 2632 6006 3379 6006 2630 6006 2630 6007 3379 6007 3342 6007 3380 6008 3236 6008 3237 6008 3380 6009 3237 6009 3268 6009 3381 6010 3268 6010 3270 6010 3381 6011 3380 6011 3268 6011 3382 6012 3270 6012 3261 6012 3382 6013 3381 6013 3270 6013 3383 6014 3261 6014 3256 6014 3383 6015 3382 6015 3261 6015 3384 6016 3256 6016 3258 6016 3384 6017 3258 6017 3255 6017 3384 6018 3383 6018 3256 6018 3385 6019 3384 6019 3255 6019 3386 6020 3255 6020 3248 6020 3386 6021 3248 6021 3242 6021 3386 6022 3385 6022 3255 6022 3387 6023 3386 6023 3242 6023 3388 6024 3242 6024 3243 6024 3388 6025 3387 6025 3242 6025 3389 6026 3243 6026 3238 6026 3389 6027 3388 6027 3243 6027 3390 6028 3238 6028 3240 6028 3390 6029 3389 6029 3238 6029 3391 6030 3240 6030 3245 6030 3391 6031 3390 6031 3240 6031 3392 6032 3245 6032 3246 6032 3392 6033 3391 6033 3245 6033 3393 6034 3246 6034 3250 6034 3393 6035 3250 6035 3252 6035 3393 6036 3392 6036 3246 6036 3394 6037 3393 6037 3252 6037 3395 6038 3252 6038 3253 6038 3395 6039 3394 6039 3252 6039 3396 6040 3253 6040 3260 6040 3396 6041 3395 6041 3253 6041 3397 6042 3260 6042 3264 6042 3397 6043 3264 6043 3265 6043 3397 6044 3396 6044 3260 6044 3398 6045 3397 6045 3265 6045 3399 6046 3265 6046 3267 6046 3399 6047 3398 6047 3265 6047 3400 6048 3267 6048 3272 6048 3400 6049 3272 6049 3276 6049 3400 6050 3399 6050 3267 6050 3401 6051 3400 6051 3276 6051 3402 6052 3401 6052 3276 6052 3402 6053 3276 6053 3277 6053 3402 6054 3277 6054 3280 6054 3403 6055 3402 6055 3280 6055 3404 6056 3403 6056 3280 6056 3404 6057 3280 6057 3282 6057 3405 6058 3404 6058 3282 6058 3405 6059 3282 6059 3283 6059 3405 6060 3283 6060 3287 6060 3406 6061 3405 6061 3287 6061 3406 6062 3287 6062 3290 6062 3407 6063 3406 6063 3290 6063 3408 6064 3407 6064 3290 6064 3408 6065 3290 6065 3291 6065 3408 6066 3291 6066 3294 6066 3409 6067 3408 6067 3294 6067 3410 6068 3294 6068 3297 6068 3410 6069 3409 6069 3294 6069 3411 6070 3297 6070 3298 6070 3411 6071 3410 6071 3297 6071 3412 6072 3298 6072 3301 6072 3412 6073 3411 6073 3298 6073 3413 6074 3301 6074 3304 6074 3413 6075 3412 6075 3301 6075 3414 6076 3304 6076 3307 6076 3414 6077 3413 6077 3304 6077 3415 6078 3307 6078 3308 6078 3415 6079 3414 6079 3307 6079 3416 6080 3308 6080 3311 6080 3416 6081 3415 6081 3308 6081 3417 6082 3311 6082 3314 6082 3417 6083 3416 6083 3311 6083 3418 6084 3417 6084 3314 6084 3418 6085 3314 6085 3315 6085 3419 6086 3315 6086 3318 6086 3419 6087 3418 6087 3315 6087 3420 6088 3318 6088 3321 6088 3420 6089 3321 6089 3322 6089 3420 6090 3419 6090 3318 6090 3421 6091 3420 6091 3322 6091 3422 6092 3322 6092 3325 6092 3422 6093 3421 6093 3322 6093 3423 6094 3325 6094 3327 6094 3423 6095 3422 6095 3325 6095 3424 6096 3327 6096 3329 6096 3424 6097 3423 6097 3327 6097 3425 6098 3329 6098 3330 6098 3425 6099 3424 6099 3329 6099 3426 6100 3330 6100 3333 6100 3426 6101 3425 6101 3330 6101 3427 6102 3426 6102 3333 6102 3427 6103 3333 6103 3334 6103 3428 6104 3427 6104 3334 6104 3428 6105 3334 6105 3336 6105 3428 6106 3336 6106 3337 6106 3429 6107 3428 6107 3337 6107 3430 6108 3429 6108 3337 6108 3430 6109 3337 6109 3339 6109 3431 6110 3430 6110 3339 6110 3431 6111 3339 6111 3340 6111 3431 6112 3340 6112 3342 6112 3379 6113 3431 6113 3342 6113 3432 6114 3433 6114 3346 6114 3346 6115 3433 6115 3347 6115 3347 6116 3434 6116 3348 6116 3433 6117 3434 6117 3347 6117 3348 6118 3435 6118 3349 6118 3434 6119 3435 6119 3348 6119 3349 6120 3436 6120 3350 6120 3350 6121 3436 6121 3351 6121 3435 6122 3436 6122 3349 6122 3436 6123 3437 6123 3351 6123 3351 6124 3438 6124 3352 6124 3437 6125 3438 6125 3351 6125 3352 6126 3439 6126 3353 6126 3438 6127 3439 6127 3352 6127 3353 6128 3440 6128 3354 6128 3439 6129 3440 6129 3353 6129 3354 6130 3441 6130 3355 6130 3355 6131 3441 6131 3356 6131 3440 6132 3441 6132 3354 6132 3441 6133 3442 6133 3356 6133 3356 6134 3443 6134 3357 6134 3442 6135 3443 6135 3356 6135 3357 6136 3444 6136 3374 6136 3443 6137 3444 6137 3357 6137 3374 6138 3445 6138 3373 6138 3444 6139 3445 6139 3374 6139 3373 6140 3446 6140 3375 6140 3375 6141 3446 6141 3376 6141 3445 6142 3446 6142 3373 6142 3376 6143 3447 6143 3377 6143 3446 6144 3447 6144 3376 6144 3447 6145 3448 6145 3377 6145 3377 6146 3449 6146 3378 6146 3448 6147 3449 6147 3377 6147 3378 6148 3450 6148 3366 6148 3449 6149 3450 6149 3378 6149 3366 6150 3451 6150 3365 6150 3450 6151 3451 6151 3366 6151 3365 6152 3452 6152 3367 6152 3451 6153 3452 6153 3365 6153 3367 6154 3453 6154 3368 6154 3452 6155 3453 6155 3367 6155 3368 6156 3454 6156 3369 6156 3453 6157 3454 6157 3368 6157 3369 6158 3455 6158 3370 6158 3454 6159 3455 6159 3369 6159 3370 6160 3456 6160 3371 6160 3455 6161 3456 6161 3370 6161 3371 6162 3457 6162 3372 6162 3456 6163 3457 6163 3371 6163 3372 6164 3458 6164 3360 6164 3457 6165 3458 6165 3372 6165 3360 6166 3459 6166 3359 6166 3458 6167 3459 6167 3360 6167 3359 6168 3460 6168 3361 6168 3459 6169 3460 6169 3359 6169 3361 6170 3461 6170 3362 6170 3460 6171 3461 6171 3361 6171 3362 6172 3462 6172 3363 6172 3461 6173 3462 6173 3362 6173 3462 6174 3463 6174 3363 6174 3363 6175 3463 6175 3364 6175 3463 6176 3464 6176 3364 6176 3364 6177 3464 6177 3358 6177 3464 6178 3465 6178 3358 6178 3358 6179 3465 6179 3323 6179 3465 6180 3466 6180 3323 6180 3323 6181 3466 6181 3319 6181 3466 6182 3467 6182 3319 6182 3319 6183 3467 6183 3316 6183 3467 6184 3468 6184 3316 6184 3316 6185 3468 6185 3312 6185 3468 6186 3469 6186 3312 6186 3312 6187 3469 6187 3309 6187 3469 6188 3470 6188 3309 6188 3309 6189 3470 6189 3305 6189 3470 6190 3471 6190 3305 6190 3305 6191 3471 6191 3302 6191 3302 6192 3472 6192 3299 6192 3471 6193 3472 6193 3302 6193 3299 6194 3473 6194 3295 6194 3472 6195 3473 6195 3299 6195 3295 6196 3474 6196 3292 6196 3292 6197 3474 6197 3288 6197 3473 6198 3474 6198 3295 6198 3474 6199 3475 6199 3288 6199 3288 6200 3476 6200 3285 6200 3475 6201 3476 6201 3288 6201 3285 6202 3477 6202 3284 6202 3476 6203 3477 6203 3285 6203 3284 6204 3478 6204 3278 6204 3477 6205 3478 6205 3284 6205 3278 6206 3479 6206 3274 6206 3478 6207 3479 6207 3278 6207 3274 6208 3480 6208 3273 6208 3273 6209 3480 6209 3269 6209 3479 6210 3480 6210 3274 6210 3480 6211 3481 6211 3269 6211 3269 6212 3482 6212 3262 6212 3481 6213 3482 6213 3269 6213 3262 6214 3483 6214 3257 6214 3482 6215 3483 6215 3262 6215 3257 6216 3484 6216 3254 6216 3483 6217 3484 6217 3257 6217 3254 6218 3485 6218 3247 6218 3484 6219 3485 6219 3254 6219 3247 6220 3486 6220 3241 6220 3485 6221 3486 6221 3247 6221 3241 6222 3487 6222 3239 6222 3486 6223 3487 6223 3241 6223 3487 6224 3488 6224 3239 6224 3239 6225 3488 6225 3244 6225 3244 6226 3488 6226 3249 6226 3488 6227 3489 6227 3249 6227 3489 6228 3490 6228 3249 6228 3249 6229 3490 6229 3251 6229 3251 6230 3490 6230 3259 6230 3490 6231 3491 6231 3259 6231 3491 6232 3492 6232 3259 6232 3259 6233 3492 6233 3263 6233 3492 6234 3493 6234 3263 6234 3263 6235 3493 6235 3266 6235 3266 6236 3493 6236 3271 6236 3493 6237 3494 6237 3271 6237 3494 6238 3495 6238 3271 6238 3271 6239 3495 6239 3275 6239 3495 6240 3496 6240 3275 6240 3275 6241 3496 6241 3279 6241 3496 6242 3497 6242 3279 6242 3279 6243 3497 6243 3281 6243 3281 6244 3497 6244 3286 6244 3497 6245 3498 6245 3286 6245 3498 6246 3499 6246 3286 6246 3286 6247 3499 6247 3289 6247 3499 6248 3500 6248 3289 6248 3289 6249 3500 6249 3293 6249 3293 6250 3500 6250 3296 6250 3500 6251 3501 6251 3296 6251 3501 6252 3502 6252 3296 6252 3296 6253 3502 6253 3300 6253 3502 6254 3503 6254 3300 6254 3300 6255 3503 6255 3303 6255 3503 6256 3504 6256 3303 6256 3303 6257 3504 6257 3306 6257 3504 6258 3505 6258 3306 6258 3306 6259 3505 6259 3310 6259 3310 6260 3505 6260 3313 6260 3505 6261 3506 6261 3313 6261 3313 6262 3507 6262 3317 6262 3506 6263 3507 6263 3313 6263 3317 6264 3508 6264 3320 6264 3507 6265 3508 6265 3317 6265 3320 6266 3509 6266 3324 6266 3324 6267 3509 6267 3326 6267 3508 6268 3509 6268 3320 6268 3509 6269 3510 6269 3326 6269 3326 6270 3511 6270 3328 6270 3510 6271 3511 6271 3326 6271 3328 6272 3512 6272 3331 6272 3511 6273 3512 6273 3328 6273 3512 6274 3513 6274 3331 6274 3331 6275 3513 6275 3332 6275 3513 6276 3514 6276 3332 6276 3332 6277 3514 6277 3335 6277 3335 6278 3514 6278 3338 6278 3514 6279 3515 6279 3338 6279 3515 6280 3516 6280 3338 6280 3338 6281 3516 6281 3341 6281 3341 6282 3516 6282 3343 6282 3516 6283 3517 6283 3343 6283 3517 6284 3518 6284 3343 6284 3343 6285 3518 6285 3344 6285 3518 6286 3519 6286 3344 6286 3344 6287 3519 6287 3345 6287 3345 6288 3519 6288 3346 6288 3519 6289 3432 6289 3346 6289 3520 6290 3092 6290 3093 6290 3520 6291 3093 6291 3125 6291 3521 6292 3125 6292 3128 6292 3521 6293 3520 6293 3125 6293 3522 6294 3128 6294 3129 6294 3522 6295 3521 6295 3128 6295 3523 6296 3129 6296 3132 6296 3523 6297 3522 6297 3129 6297 3524 6298 3132 6298 3135 6298 3524 6299 3135 6299 3136 6299 3524 6300 3523 6300 3132 6300 3525 6301 3524 6301 3136 6301 3526 6302 3136 6302 3138 6302 3526 6303 3138 6303 3142 6303 3526 6304 3525 6304 3136 6304 3527 6305 3526 6305 3142 6305 3528 6306 3142 6306 3145 6306 3528 6307 3527 6307 3142 6307 3529 6308 3145 6308 3146 6308 3529 6309 3528 6309 3145 6309 3530 6310 3146 6310 3149 6310 3530 6311 3529 6311 3146 6311 3531 6312 3149 6312 3151 6312 3531 6313 3530 6313 3149 6313 3532 6314 3151 6314 3153 6314 3532 6315 3531 6315 3151 6315 3533 6316 3153 6316 3155 6316 3533 6317 3532 6317 3153 6317 3534 6318 3155 6318 3156 6318 3534 6319 3533 6319 3155 6319 3535 6320 3156 6320 3158 6320 3535 6321 3534 6321 3156 6321 3536 6322 3158 6322 3159 6322 3536 6323 3535 6323 3158 6323 3537 6324 3159 6324 3161 6324 3537 6325 3536 6325 3159 6325 3538 6326 3161 6326 3163 6326 3538 6327 3537 6327 3161 6327 3539 6328 3163 6328 3165 6328 3539 6329 3538 6329 3163 6329 3540 6330 3165 6330 3167 6330 3540 6331 3167 6331 3168 6331 3540 6332 3539 6332 3165 6332 3541 6333 3540 6333 3168 6333 3542 6334 3541 6334 3168 6334 3542 6335 3168 6335 3169 6335 3543 6336 3542 6336 3169 6336 3543 6337 3169 6337 3172 6337 3544 6338 3543 6338 3172 6338 3544 6339 3172 6339 3173 6339 3545 6340 3544 6340 3173 6340 3545 6341 3173 6341 3175 6341 3546 6342 3545 6342 3175 6342 3546 6343 3175 6343 3177 6343 3547 6344 3546 6344 3177 6344 3547 6345 3177 6345 3178 6345 3548 6346 3547 6346 3178 6346 3548 6347 3178 6347 3179 6347 3549 6348 3548 6348 3179 6348 3549 6349 3179 6349 3181 6349 3549 6350 3181 6350 3183 6350 3550 6351 3549 6351 3183 6351 3551 6352 3183 6352 3201 6352 3551 6353 3550 6353 3183 6353 3552 6354 3201 6354 3205 6354 3552 6355 3205 6355 3208 6355 3552 6356 3551 6356 3201 6356 3553 6357 3208 6357 3211 6357 3553 6358 3552 6358 3208 6358 3554 6359 3553 6359 3211 6359 3555 6360 3211 6360 3214 6360 3555 6361 3554 6361 3211 6361 3556 6362 3214 6362 3217 6362 3556 6363 3217 6363 3221 6363 3556 6364 3555 6364 3214 6364 3557 6365 3221 6365 3224 6365 3557 6366 3556 6366 3221 6366 3558 6367 3557 6367 3224 6367 3559 6368 3224 6368 3228 6368 3559 6369 3228 6369 3231 6369 3559 6370 3558 6370 3224 6370 3560 6371 3559 6371 3231 6371 3561 6372 3231 6372 3234 6372 3561 6373 3234 6373 3232 6373 3561 6374 3560 6374 3231 6374 3562 6375 3232 6375 3230 6375 3562 6376 3561 6376 3232 6376 3563 6377 3562 6377 3230 6377 3564 6378 3230 6378 3226 6378 3564 6379 3563 6379 3230 6379 3565 6380 3226 6380 3222 6380 3565 6381 3222 6381 3219 6381 3565 6382 3564 6382 3226 6382 3566 6383 3565 6383 3219 6383 3567 6384 3566 6384 3219 6384 3567 6385 3219 6385 3216 6385 3567 6386 3216 6386 3212 6386 3568 6387 3567 6387 3212 6387 3569 6388 3568 6388 3212 6388 3569 6389 3212 6389 3209 6389 3569 6390 3209 6390 3206 6390 3570 6391 3569 6391 3206 6391 3570 6392 3206 6392 3202 6392 3571 6393 3570 6393 3202 6393 3235 6394 3571 6394 3202 6394 3235 6395 3202 6395 3184 6395 3572 6396 3573 6396 3174 6396 3174 6397 3573 6397 3176 6397 3176 6398 3574 6398 3180 6398 3573 6399 3574 6399 3176 6399 3180 6400 3575 6400 3182 6400 3574 6401 3575 6401 3180 6401 3182 6402 3576 6402 3200 6402 3200 6403 3576 6403 3204 6403 3575 6404 3576 6404 3182 6404 3576 6405 3577 6405 3204 6405 3204 6406 3578 6406 3207 6406 3577 6407 3578 6407 3204 6407 3207 6408 3579 6408 3215 6408 3578 6409 3579 6409 3207 6409 3215 6410 3580 6410 3218 6410 3579 6411 3580 6411 3215 6411 3218 6412 3581 6412 3225 6412 3225 6413 3581 6413 3229 6413 3580 6414 3581 6414 3218 6414 3581 6415 3582 6415 3229 6415 3229 6416 3583 6416 3233 6416 3582 6417 3583 6417 3229 6417 3233 6418 3584 6418 3227 6418 3583 6419 3584 6419 3233 6419 3227 6420 3585 6420 3223 6420 3584 6421 3585 6421 3227 6421 3223 6422 3586 6422 3220 6422 3220 6423 3586 6423 3213 6423 3585 6424 3586 6424 3223 6424 3213 6425 3587 6425 3210 6425 3586 6426 3587 6426 3213 6426 3587 6427 3588 6427 3210 6427 3210 6428 3589 6428 3203 6428 3588 6429 3589 6429 3210 6429 3203 6430 3590 6430 3186 6430 3589 6431 3590 6431 3203 6431 3186 6432 3591 6432 3185 6432 3590 6433 3591 6433 3186 6433 3185 6434 3592 6434 3187 6434 3591 6435 3592 6435 3185 6435 3187 6436 3593 6436 3188 6436 3592 6437 3593 6437 3187 6437 3188 6438 3594 6438 3189 6438 3593 6439 3594 6439 3188 6439 3189 6440 3595 6440 3190 6440 3594 6441 3595 6441 3189 6441 3190 6442 3596 6442 3191 6442 3595 6443 3596 6443 3190 6443 3191 6444 3597 6444 3192 6444 3596 6445 3597 6445 3191 6445 3192 6446 3598 6446 3193 6446 3597 6447 3598 6447 3192 6447 3193 6448 3599 6448 3194 6448 3598 6449 3599 6449 3193 6449 3194 6450 3600 6450 3195 6450 3599 6451 3600 6451 3194 6451 3195 6452 3601 6452 3196 6452 3600 6453 3601 6453 3195 6453 3196 6454 3602 6454 3197 6454 3601 6455 3602 6455 3196 6455 3602 6456 3603 6456 3197 6456 3197 6457 3603 6457 3198 6457 3603 6458 3604 6458 3198 6458 3198 6459 3604 6459 3199 6459 3604 6460 3605 6460 3199 6460 3199 6461 3605 6461 3148 6461 3605 6462 3606 6462 3148 6462 3148 6463 3606 6463 3143 6463 3606 6464 3607 6464 3143 6464 3143 6465 3607 6465 3140 6465 3607 6466 3608 6466 3140 6466 3140 6467 3608 6467 3139 6467 3608 6468 3609 6468 3139 6468 3139 6469 3609 6469 3133 6469 3609 6470 3610 6470 3133 6470 3133 6471 3610 6471 3130 6471 3610 6472 3611 6472 3130 6472 3130 6473 3611 6473 3126 6473 3126 6474 3612 6474 3123 6474 3611 6475 3612 6475 3126 6475 3123 6476 3613 6476 3121 6476 3612 6477 3613 6477 3123 6477 3121 6478 3614 6478 3120 6478 3120 6479 3614 6479 3118 6479 3613 6480 3614 6480 3121 6480 3614 6481 3615 6481 3118 6481 3118 6482 3616 6482 3116 6482 3615 6483 3616 6483 3118 6483 3116 6484 3617 6484 3113 6484 3616 6485 3617 6485 3116 6485 3113 6486 3618 6486 3112 6486 3617 6487 3618 6487 3113 6487 3112 6488 3619 6488 3110 6488 3618 6489 3619 6489 3112 6489 3110 6490 3620 6490 3108 6490 3108 6491 3620 6491 3106 6491 3619 6492 3620 6492 3110 6492 3620 6493 3621 6493 3106 6493 3106 6494 3622 6494 3103 6494 3621 6495 3622 6495 3106 6495 3103 6496 3623 6496 3101 6496 3622 6497 3623 6497 3103 6497 3101 6498 3624 6498 3100 6498 3623 6499 3624 6499 3101 6499 3100 6500 3625 6500 3098 6500 3624 6501 3625 6501 3100 6501 3098 6502 3626 6502 3096 6502 3625 6503 3626 6503 3098 6503 3096 6504 3627 6504 3094 6504 3626 6505 3627 6505 3096 6505 3627 6506 3628 6506 3094 6506 3094 6507 3628 6507 3095 6507 3095 6508 3628 6508 3097 6508 3628 6509 3629 6509 3097 6509 3629 6510 3630 6510 3097 6510 3097 6511 3630 6511 3099 6511 3099 6512 3630 6512 3102 6512 3630 6513 3631 6513 3102 6513 3631 6514 3632 6514 3102 6514 3102 6515 3632 6515 3104 6515 3632 6516 3633 6516 3104 6516 3104 6517 3633 6517 3105 6517 3105 6518 3633 6518 3107 6518 3633 6519 3634 6519 3107 6519 3634 6520 3635 6520 3107 6520 3107 6521 3635 6521 3109 6521 3635 6522 3636 6522 3109 6522 3109 6523 3636 6523 3111 6523 3636 6524 3637 6524 3111 6524 3111 6525 3637 6525 3114 6525 3114 6526 3637 6526 3115 6526 3637 6527 3638 6527 3115 6527 3638 6528 3639 6528 3115 6528 3115 6529 3639 6529 3117 6529 3639 6530 3640 6530 3117 6530 3117 6531 3640 6531 3119 6531 3119 6532 3640 6532 3122 6532 3640 6533 3641 6533 3122 6533 3641 6534 3642 6534 3122 6534 3122 6535 3642 6535 3124 6535 3642 6536 3643 6536 3124 6536 3124 6537 3643 6537 3127 6537 3643 6538 3644 6538 3127 6538 3127 6539 3644 6539 3131 6539 3644 6540 3645 6540 3131 6540 3131 6541 3645 6541 3134 6541 3134 6542 3645 6542 3137 6542 3645 6543 3646 6543 3137 6543 3137 6544 3647 6544 3141 6544 3646 6545 3647 6545 3137 6545 3141 6546 3648 6546 3144 6546 3647 6547 3648 6547 3141 6547 3144 6548 3649 6548 3147 6548 3147 6549 3649 6549 3150 6549 3648 6550 3649 6550 3144 6550 3649 6551 3650 6551 3150 6551 3150 6552 3651 6552 3152 6552 3650 6553 3651 6553 3150 6553 3152 6554 3652 6554 3154 6554 3651 6555 3652 6555 3152 6555 3652 6556 3653 6556 3154 6556 3154 6557 3653 6557 3157 6557 3653 6558 3654 6558 3157 6558 3157 6559 3654 6559 3160 6559 3160 6560 3654 6560 3162 6560 3654 6561 3655 6561 3162 6561 3655 6562 3656 6562 3162 6562 3162 6563 3656 6563 3164 6563 3164 6564 3656 6564 3166 6564 3656 6565 3657 6565 3166 6565 3657 6566 3658 6566 3166 6566 3166 6567 3658 6567 3170 6567 3658 6568 3659 6568 3170 6568 3170 6569 3659 6569 3171 6569 3171 6570 3659 6570 3174 6570 3659 6571 3572 6571 3174 6571 3660 6572 2948 6572 2949 6572 3660 6573 2949 6573 3059 6573 3661 6574 3059 6574 3062 6574 3661 6575 3660 6575 3059 6575 3662 6576 3062 6576 3065 6576 3662 6577 3661 6577 3062 6577 3663 6578 3065 6578 3069 6578 3663 6579 3069 6579 3072 6579 3663 6580 3662 6580 3065 6580 3664 6581 3663 6581 3072 6581 3665 6582 3072 6582 3075 6582 3665 6583 3075 6583 3078 6583 3665 6584 3664 6584 3072 6584 3666 6585 3665 6585 3078 6585 3667 6586 3078 6586 3082 6586 3667 6587 3666 6587 3078 6587 3668 6588 3082 6588 3086 6588 3668 6589 3086 6589 3088 6589 3668 6590 3667 6590 3082 6590 3669 6591 3668 6591 3088 6591 3670 6592 3088 6592 3090 6592 3670 6593 3090 6593 3087 6593 3670 6594 3669 6594 3088 6594 3671 6595 3670 6595 3087 6595 3672 6596 3087 6596 3084 6596 3672 6597 3671 6597 3087 6597 3673 6598 3084 6598 3080 6598 3673 6599 3672 6599 3084 6599 3674 6600 3080 6600 3077 6600 3674 6601 3673 6601 3080 6601 3675 6602 3077 6602 3073 6602 3675 6603 3674 6603 3077 6603 3676 6604 3073 6604 3070 6604 3676 6605 3070 6605 3067 6605 3676 6606 3675 6606 3073 6606 3677 6607 3676 6607 3067 6607 3678 6608 3067 6608 3063 6608 3678 6609 3677 6609 3067 6609 3679 6610 3063 6610 3060 6610 3679 6611 3678 6611 3063 6611 3680 6612 3060 6612 3056 6612 3680 6613 3056 6613 3040 6613 3680 6614 3679 6614 3060 6614 3681 6615 3680 6615 3040 6615 3682 6616 3681 6616 3040 6616 3682 6617 3040 6617 3038 6617 3682 6618 3038 6618 3036 6618 3683 6619 3682 6619 3036 6619 3684 6620 3683 6620 3036 6620 3684 6621 3036 6621 3035 6621 3684 6622 3035 6622 3033 6622 3685 6623 3684 6623 3033 6623 3686 6624 3685 6624 3033 6624 3686 6625 3033 6625 3031 6625 3686 6626 3031 6626 3030 6626 3687 6627 3686 6627 3030 6627 3688 6628 3687 6628 3030 6628 3688 6629 3030 6629 3028 6629 3688 6630 3028 6630 3026 6630 3689 6631 3688 6631 3026 6631 3690 6632 3026 6632 3025 6632 3690 6633 3689 6633 3026 6633 3691 6634 3025 6634 3023 6634 3691 6635 3023 6635 3021 6635 3691 6636 3690 6636 3025 6636 3692 6637 3021 6637 3019 6637 3692 6638 3691 6638 3021 6638 3693 6639 3692 6639 3019 6639 3694 6640 3019 6640 3018 6640 3694 6641 3693 6641 3019 6641 3695 6642 3018 6642 3016 6642 3695 6643 3694 6643 3018 6643 3696 6644 3016 6644 3014 6644 3696 6645 3695 6645 3016 6645 3697 6646 3014 6646 3013 6646 3697 6647 3013 6647 3011 6647 3697 6648 3696 6648 3014 6648 3698 6649 3011 6649 3009 6649 3698 6650 3697 6650 3011 6650 3699 6651 3698 6651 3009 6651 3700 6652 3009 6652 3008 6652 3700 6653 3699 6653 3009 6653 3701 6654 3008 6654 3006 6654 3701 6655 3006 6655 3001 6655 3701 6656 3700 6656 3008 6656 3702 6657 3001 6657 3002 6657 3702 6658 3701 6658 3001 6658 3703 6659 3002 6659 2997 6659 3703 6660 3702 6660 3002 6660 3704 6661 3703 6661 2997 6661 3705 6662 2997 6662 2995 6662 3705 6663 2995 6663 2991 6663 3705 6664 3704 6664 2997 6664 3706 6665 3705 6665 2991 6665 3706 6666 2991 6666 2992 6666 3707 6667 3706 6667 2992 6667 3707 6668 2992 6668 2988 6668 3708 6669 3707 6669 2988 6669 3708 6670 2988 6670 2984 6670 3709 6671 3708 6671 2984 6671 3710 6672 3709 6672 2984 6672 3710 6673 2984 6673 2985 6673 3710 6674 2985 6674 2981 6674 3711 6675 3710 6675 2981 6675 3091 6676 3711 6676 2981 6676 3091 6677 2981 6677 2950 6677 3712 6678 3713 6678 3051 6678 3051 6679 3713 6679 3052 6679 3052 6680 3714 6680 3053 6680 3713 6681 3714 6681 3052 6681 3053 6682 3715 6682 3054 6682 3714 6683 3715 6683 3053 6683 3054 6684 3716 6684 3055 6684 3055 6685 3716 6685 3058 6685 3715 6686 3716 6686 3054 6686 3716 6687 3717 6687 3058 6687 3058 6688 3718 6688 3066 6688 3717 6689 3718 6689 3058 6689 3066 6690 3719 6690 3068 6690 3718 6691 3719 6691 3066 6691 3068 6692 3720 6692 3076 6692 3719 6693 3720 6693 3068 6693 3076 6694 3721 6694 3079 6694 3079 6695 3721 6695 3083 6695 3720 6696 3721 6696 3076 6696 3721 6697 3722 6697 3083 6697 3083 6698 3723 6698 3089 6698 3722 6699 3723 6699 3083 6699 3089 6700 3724 6700 3085 6700 3723 6701 3724 6701 3089 6701 3085 6702 3725 6702 3081 6702 3724 6703 3725 6703 3085 6703 3081 6704 3726 6704 3074 6704 3074 6705 3726 6705 3071 6705 3725 6706 3726 6706 3081 6706 3071 6707 3727 6707 3064 6707 3726 6708 3727 6708 3071 6708 3727 6709 3728 6709 3064 6709 3064 6710 3729 6710 3061 6710 3728 6711 3729 6711 3064 6711 3061 6712 3730 6712 3057 6712 3729 6713 3730 6713 3061 6713 3057 6714 3731 6714 3039 6714 3730 6715 3731 6715 3057 6715 3039 6716 3732 6716 3037 6716 3731 6717 3732 6717 3039 6717 3037 6718 3733 6718 3034 6718 3732 6719 3733 6719 3037 6719 3034 6720 3734 6720 3032 6720 3733 6721 3734 6721 3034 6721 3032 6722 3735 6722 3029 6722 3734 6723 3735 6723 3032 6723 3029 6724 3736 6724 3027 6724 3735 6725 3736 6725 3029 6725 3027 6726 3737 6726 3024 6726 3736 6727 3737 6727 3027 6727 3024 6728 3738 6728 3022 6728 3737 6729 3738 6729 3024 6729 3022 6730 3739 6730 3020 6730 3738 6731 3739 6731 3022 6731 3020 6732 3740 6732 3017 6732 3739 6733 3740 6733 3020 6733 3017 6734 3741 6734 3015 6734 3740 6735 3741 6735 3017 6735 3015 6736 3742 6736 3012 6736 3741 6737 3742 6737 3015 6737 3742 6738 3743 6738 3012 6738 3012 6739 3743 6739 3010 6739 3743 6740 3744 6740 3010 6740 3010 6741 3744 6741 3007 6741 3744 6742 3745 6742 3007 6742 3007 6743 3745 6743 3004 6743 3745 6744 3746 6744 3004 6744 3004 6745 3746 6745 3000 6745 3746 6746 3747 6746 3000 6746 3000 6747 3747 6747 2998 6747 3747 6748 3748 6748 2998 6748 2998 6749 3748 6749 2994 6749 3748 6750 3749 6750 2994 6750 2994 6751 3749 6751 2990 6751 3749 6752 3750 6752 2990 6752 2990 6753 3750 6753 2987 6753 3750 6754 3751 6754 2987 6754 2987 6755 3751 6755 2983 6755 2983 6756 3752 6756 2980 6756 3751 6757 3752 6757 2983 6757 2980 6758 3753 6758 2978 6758 3752 6759 3753 6759 2980 6759 2978 6760 3754 6760 2976 6760 2976 6761 3754 6761 2974 6761 3753 6762 3754 6762 2978 6762 3754 6763 3755 6763 2974 6763 2974 6764 3756 6764 2972 6764 3755 6765 3756 6765 2974 6765 2972 6766 3757 6766 2971 6766 3756 6767 3757 6767 2972 6767 2971 6768 3758 6768 2968 6768 3757 6769 3758 6769 2971 6769 2968 6770 3759 6770 2967 6770 3758 6771 3759 6771 2968 6771 2967 6772 3760 6772 2965 6772 2965 6773 3760 6773 2962 6773 3759 6774 3760 6774 2967 6774 3760 6775 3761 6775 2962 6775 2962 6776 3762 6776 2960 6776 3761 6777 3762 6777 2962 6777 2960 6778 3763 6778 2958 6778 3762 6779 3763 6779 2960 6779 2958 6780 3764 6780 2957 6780 3763 6781 3764 6781 2958 6781 2957 6782 3765 6782 2954 6782 3764 6783 3765 6783 2957 6783 2954 6784 3766 6784 2952 6784 3765 6785 3766 6785 2954 6785 2952 6786 3767 6786 2951 6786 3766 6787 3767 6787 2952 6787 3767 6788 3768 6788 2951 6788 2951 6789 3768 6789 2953 6789 2953 6790 3768 6790 2955 6790 3768 6791 3769 6791 2955 6791 3769 6792 3770 6792 2955 6792 2955 6793 3770 6793 2956 6793 2956 6794 3770 6794 2959 6794 3770 6795 3771 6795 2959 6795 3771 6796 3772 6796 2959 6796 2959 6797 3772 6797 2961 6797 3772 6798 3773 6798 2961 6798 2961 6799 3773 6799 2963 6799 2963 6800 3773 6800 2964 6800 3773 6801 3774 6801 2964 6801 3774 6802 3775 6802 2964 6802 2964 6803 3775 6803 2966 6803 3775 6804 3776 6804 2966 6804 2966 6805 3776 6805 2969 6805 3776 6806 3777 6806 2969 6806 2969 6807 3777 6807 2970 6807 2970 6808 3777 6808 2973 6808 3777 6809 3778 6809 2973 6809 3778 6810 3779 6810 2973 6810 2973 6811 3779 6811 2975 6811 3779 6812 3780 6812 2975 6812 2975 6813 3780 6813 2977 6813 2977 6814 3780 6814 2979 6814 3780 6815 3781 6815 2979 6815 3781 6816 3782 6816 2979 6816 2979 6817 3782 6817 2982 6817 3782 6818 3783 6818 2982 6818 2982 6819 3783 6819 2986 6819 3783 6820 3784 6820 2986 6820 2986 6821 3784 6821 2989 6821 3784 6822 3785 6822 2989 6822 2989 6823 3785 6823 2993 6823 2993 6824 3785 6824 2996 6824 3785 6825 3786 6825 2996 6825 2996 6826 3787 6826 2999 6826 3786 6827 3787 6827 2996 6827 2999 6828 3788 6828 3003 6828 3787 6829 3788 6829 2999 6829 3003 6830 3789 6830 3005 6830 3005 6831 3789 6831 3041 6831 3788 6832 3789 6832 3003 6832 3789 6833 3790 6833 3041 6833 3041 6834 3791 6834 3042 6834 3790 6835 3791 6835 3041 6835 3042 6836 3792 6836 3043 6836 3791 6837 3792 6837 3042 6837 3792 6838 3793 6838 3043 6838 3043 6839 3793 6839 3044 6839 3793 6840 3794 6840 3044 6840 3044 6841 3794 6841 3045 6841 3045 6842 3794 6842 3046 6842 3794 6843 3795 6843 3046 6843 3795 6844 3796 6844 3046 6844 3046 6845 3796 6845 3047 6845 3047 6846 3796 6846 3048 6846 3796 6847 3797 6847 3048 6847 3797 6848 3798 6848 3048 6848 3048 6849 3798 6849 3049 6849 3798 6850 3799 6850 3049 6850 3049 6851 3799 6851 3050 6851 3050 6852 3799 6852 3051 6852 3799 6853 3712 6853 3051 6853 2575 6854 1245 6854 1244 6854 2576 6855 1245 6855 2575 6855 2576 6856 1246 6856 1245 6856 2577 6857 1246 6857 2576 6857 2577 6858 1247 6858 1246 6858 2574 6859 2575 6859 1244 6859 2574 6860 1244 6860 1243 6860 2578 6861 1247 6861 2577 6861 2578 6862 1248 6862 1247 6862 2573 6863 2574 6863 1243 6863 2573 6864 1243 6864 1242 6864 2579 6865 1248 6865 2578 6865 2579 6866 1249 6866 1248 6866 2572 6867 2573 6867 1242 6867 2572 6868 1242 6868 1241 6868 2580 6869 1249 6869 2579 6869 2580 6870 1250 6870 1249 6870 2571 6871 2572 6871 1241 6871 2571 6872 1241 6872 1240 6872 2581 6873 1250 6873 2580 6873 2581 6874 1251 6874 1250 6874 2570 6875 2571 6875 1240 6875 2570 6876 1240 6876 1239 6876 2582 6877 1251 6877 2581 6877 2582 6878 1252 6878 1251 6878 2569 6879 2570 6879 1239 6879 2569 6880 1239 6880 1238 6880 2583 6881 1252 6881 2582 6881 2583 6882 1253 6882 1252 6882 2568 6883 2569 6883 1238 6883 2568 6884 1238 6884 1237 6884 2584 6885 1254 6885 1253 6885 2584 6886 1253 6886 2583 6886 2567 6887 2568 6887 1237 6887 2566 6888 2567 6888 1237 6888 2566 6889 1237 6889 1236 6889 2585 6890 1255 6890 1254 6890 2585 6891 1254 6891 2584 6891 2565 6892 2566 6892 1236 6892 2565 6893 1236 6893 1235 6893 2586 6894 1256 6894 1255 6894 2586 6895 1255 6895 2585 6895 2564 6896 1235 6896 1234 6896 2564 6897 2565 6897 1235 6897 2587 6898 1257 6898 1256 6898 2587 6899 1256 6899 2586 6899 2563 6900 1234 6900 1233 6900 2563 6901 2564 6901 1234 6901 2588 6902 1257 6902 2587 6902 2588 6903 1258 6903 1257 6903 2561 6904 1233 6904 1232 6904 2561 6905 2563 6905 1233 6905 2589 6906 1258 6906 2588 6906 2589 6907 1259 6907 1258 6907 2591 6908 1259 6908 2589 6908 2562 6909 2561 6909 1232 6909 2562 6910 1232 6910 1231 6910 1260 6911 1259 6911 2591 6911 1230 6912 2562 6912 1231 6912 1261 6913 1260 6913 2591 6913 2556 6914 1229 6914 1228 6914 2597 6915 1263 6915 1262 6915 2597 6916 1262 6916 1261 6916 1227 6917 2556 6917 1228 6917 3627 6918 2591 6918 3092 6918 3767 6919 3091 6919 2562 6919 3626 6920 2591 6920 3627 6920 3628 6921 3627 6921 3092 6921 3768 6922 3767 6922 2562 6922 3766 6923 3091 6923 3767 6923 3625 6924 2591 6924 3626 6924 3629 6925 3628 6925 3092 6925 3769 6926 3768 6926 2562 6926 3765 6927 3091 6927 3766 6927 3630 6928 3629 6928 3092 6928 3624 6929 2591 6929 3625 6929 3770 6930 3769 6930 2562 6930 3764 6931 3091 6931 3765 6931 3771 6932 3770 6932 2562 6932 3631 6933 3630 6933 3092 6933 3623 6934 2591 6934 3624 6934 3763 6935 3091 6935 3764 6935 3772 6936 3771 6936 2562 6936 3632 6937 3631 6937 3092 6937 3622 6938 2591 6938 3623 6938 3762 6939 3091 6939 3763 6939 3633 6940 3632 6940 3092 6940 3621 6941 2591 6941 3622 6941 3761 6942 3091 6942 3762 6942 3773 6943 3772 6943 2562 6943 3620 6944 2591 6944 3621 6944 3634 6945 3633 6945 3092 6945 3774 6946 3773 6946 2562 6946 3760 6947 3091 6947 3761 6947 3619 6948 2591 6948 3620 6948 3619 6949 1261 6949 2591 6949 3775 6950 2562 6950 1230 6950 3775 6951 3774 6951 2562 6951 3635 6952 3634 6952 3092 6952 3759 6953 3091 6953 3760 6953 3636 6954 3635 6954 3092 6954 3618 6955 1261 6955 3619 6955 3776 6956 3775 6956 1230 6956 3758 6957 3091 6957 3759 6957 3617 6958 1261 6958 3618 6958 3637 6959 3636 6959 3092 6959 3757 6960 3091 6960 3758 6960 3777 6961 3776 6961 1230 6961 3638 6962 3637 6962 3092 6962 3756 6963 3091 6963 3757 6963 3778 6964 3777 6964 1230 6964 3778 6965 1230 6965 1229 6965 3616 6966 1261 6966 3617 6966 3639 6967 3638 6967 3092 6967 3615 6968 1261 6968 3616 6968 3779 6969 3778 6969 1229 6969 3755 6970 3091 6970 3756 6970 3614 6971 1261 6971 3615 6971 3640 6972 3639 6972 3092 6972 3780 6973 3779 6973 1229 6973 3754 6974 3091 6974 3755 6974 3781 6975 1229 6975 2556 6975 3781 6976 3780 6976 1229 6976 3613 6977 2597 6977 1261 6977 3613 6978 1261 6978 3614 6978 3641 6979 3640 6979 3092 6979 3753 6980 3091 6980 3754 6980 3642 6981 3092 6981 3520 6981 3642 6982 3641 6982 3092 6982 3752 6983 3091 6983 3753 6983 3752 6984 3711 6984 3091 6984 3612 6985 2597 6985 3613 6985 3782 6986 3781 6986 2556 6986 3611 6987 2597 6987 3612 6987 3751 6988 3711 6988 3752 6988 3751 6989 3709 6989 3710 6989 3751 6990 3710 6990 3711 6990 3643 6991 3520 6991 3521 6991 3643 6992 3521 6992 3522 6992 3643 6993 3642 6993 3520 6993 3783 6994 3782 6994 2556 6994 3610 6995 2597 6995 3611 6995 3750 6996 3709 6996 3751 6996 3750 6997 3708 6997 3709 6997 3644 6998 3522 6998 3523 6998 3644 6999 3643 6999 3522 6999 3784 7000 3783 7000 2556 7000 3609 7001 2597 7001 3610 7001 3785 7002 3784 7002 2556 7002 3749 7003 3708 7003 3750 7003 3749 7004 3706 7004 3707 7004 3749 7005 3707 7005 3708 7005 3645 7006 3523 7006 3524 7006 3645 7007 3524 7007 3525 7007 3645 7008 3644 7008 3523 7008 3608 7009 2597 7009 3609 7009 3786 7010 3785 7010 2556 7010 3646 7011 3525 7011 3526 7011 3646 7012 3645 7012 3525 7012 3748 7013 3706 7013 3749 7013 3748 7014 3705 7014 3706 7014 3647 7015 3526 7015 3527 7015 3647 7016 3646 7016 3526 7016 3607 7017 2597 7017 3608 7017 3787 7018 3786 7018 2556 7018 3747 7019 3705 7019 3748 7019 3747 7020 3704 7020 3705 7020 3606 7021 2597 7021 3607 7021 3788 7022 3787 7022 2556 7022 3648 7023 3527 7023 3528 7023 3648 7024 3528 7024 3529 7024 3648 7025 3647 7025 3527 7025 3746 7026 3704 7026 3747 7026 3746 7027 3702 7027 3703 7027 3746 7028 3703 7028 3704 7028 3649 7029 3648 7029 3529 7029 3605 7030 2597 7030 3606 7030 3745 7031 3702 7031 3746 7031 3789 7032 3788 7032 2556 7032 2596 7033 1263 7033 2597 7033 2596 7034 1264 7034 1263 7034 2554 7035 2556 7035 1227 7035 3701 7036 3702 7036 3745 7036 3530 7037 3649 7037 3529 7037 3650 7038 3649 7038 3530 7038 3744 7039 3701 7039 3745 7039 3531 7040 3650 7040 3530 7040 3700 7041 3701 7041 3744 7041 3699 7042 3700 7042 3744 7042 3699 7043 3744 7043 3743 7043 3532 7044 3650 7044 3531 7044 3532 7045 3651 7045 3650 7045 3533 7046 3652 7046 3651 7046 3533 7047 3651 7047 3532 7047 3698 7048 3699 7048 3743 7048 3698 7049 3743 7049 3742 7049 3534 7050 3652 7050 3533 7050 3697 7051 3698 7051 3742 7051 3696 7052 3697 7052 3742 7052 3696 7053 3742 7053 3741 7053 3535 7054 3653 7054 3652 7054 3535 7055 3652 7055 3534 7055 3536 7056 3654 7056 3653 7056 3536 7057 3653 7057 3535 7057 3695 7058 3696 7058 3741 7058 3695 7059 3741 7059 3740 7059 3694 7060 3695 7060 3740 7060 3537 7061 3654 7061 3536 7061 3693 7062 3740 7062 3739 7062 3693 7063 3694 7063 3740 7063 3538 7064 3655 7064 3654 7064 3538 7065 3654 7065 3537 7065 1226 7066 2554 7066 1227 7066 3692 7067 3739 7067 3738 7067 3692 7068 3693 7068 3739 7068 3539 7069 3656 7069 3655 7069 3539 7070 3655 7070 3538 7070 3691 7071 3738 7071 3737 7071 3691 7072 3692 7072 3738 7072 3540 7073 3656 7073 3539 7073 3540 7074 3657 7074 3656 7074 3690 7075 3691 7075 3737 7075 3541 7076 3657 7076 3540 7076 3689 7077 3690 7077 3737 7077 3689 7078 3737 7078 3736 7078 3542 7079 3658 7079 3657 7079 3542 7080 3657 7080 3541 7080 3688 7081 3689 7081 3736 7081 3688 7082 3736 7082 3735 7082 3543 7083 3659 7083 3658 7083 3543 7084 3658 7084 3542 7084 3687 7085 3688 7085 3735 7085 3544 7086 3659 7086 3543 7086 3686 7087 3735 7087 3734 7087 3686 7088 3687 7088 3735 7088 3545 7089 3659 7089 3544 7089 3545 7090 3572 7090 3659 7090 3685 7091 3734 7091 3733 7091 3685 7092 3686 7092 3734 7092 3546 7093 3573 7093 3572 7093 3546 7094 3572 7094 3545 7094 3547 7095 3573 7095 3546 7095 3684 7096 3685 7096 3733 7096 3683 7097 3684 7097 3733 7097 3683 7098 3733 7098 3732 7098 3548 7099 3573 7099 3547 7099 3548 7100 3574 7100 3573 7100 3682 7101 3683 7101 3732 7101 3682 7102 3732 7102 3731 7102 3549 7103 3575 7103 3574 7103 3549 7104 3574 7104 3548 7104 3681 7105 3682 7105 3731 7105 3550 7106 3575 7106 3549 7106 2598 7107 1264 7107 2596 7107 2553 7108 2554 7108 1226 7108 3235 7109 2597 7109 3605 7109 3235 7110 3591 7110 3590 7110 3235 7111 3592 7111 3591 7111 3235 7112 3593 7112 3592 7112 3235 7113 3594 7113 3593 7113 3235 7114 3595 7114 3594 7114 3235 7115 3596 7115 3595 7115 3235 7116 3597 7116 3596 7116 3235 7117 3598 7117 3597 7117 3235 7118 3599 7118 3598 7118 3235 7119 3600 7119 3599 7119 3235 7120 3601 7120 3600 7120 3235 7121 3602 7121 3601 7121 3235 7122 3603 7122 3602 7122 3235 7123 3604 7123 3603 7123 3235 7124 3605 7124 3604 7124 2948 7125 3794 7125 3793 7125 2948 7126 3795 7126 3794 7126 2948 7127 3796 7127 3795 7127 2948 7128 3797 7128 3796 7128 2948 7129 3798 7129 3797 7129 2948 7130 3799 7130 3798 7130 2948 7131 3712 7131 3799 7131 2948 7132 3713 7132 3712 7132 2948 7133 3714 7133 3713 7133 2948 7134 3715 7134 3714 7134 2948 7135 3716 7135 3715 7135 2948 7136 3789 7136 2556 7136 2948 7137 3790 7137 3789 7137 2948 7138 3791 7138 3790 7138 2948 7139 3792 7139 3791 7139 2948 7140 3793 7140 3792 7140 1265 7141 1264 7141 2598 7141 3680 7142 3731 7142 3730 7142 3680 7143 3681 7143 3731 7143 3551 7144 3576 7144 3575 7144 3551 7145 3575 7145 3550 7145 3571 7146 3235 7146 3590 7146 3571 7147 3590 7147 3589 7147 3660 7148 3717 7148 3716 7148 3660 7149 3716 7149 2948 7149 3679 7150 3730 7150 3729 7150 3679 7151 3680 7151 3730 7151 3552 7152 3577 7152 3576 7152 3552 7153 3576 7153 3551 7153 3570 7154 3571 7154 3589 7154 3661 7155 3717 7155 3660 7155 3678 7156 3679 7156 3729 7156 3678 7157 3729 7157 3728 7157 3553 7158 3577 7158 3552 7158 3553 7159 3578 7159 3577 7159 3569 7160 3570 7160 3589 7160 3569 7161 3589 7161 3588 7161 3662 7162 3718 7162 3717 7162 3662 7163 3717 7163 3661 7163 3677 7164 3678 7164 3728 7164 3554 7165 3578 7165 3553 7165 3568 7166 3588 7166 3587 7166 3568 7167 3569 7167 3588 7167 3663 7168 3719 7168 3718 7168 3663 7169 3718 7169 3662 7169 3676 7170 3677 7170 3728 7170 3676 7171 3728 7171 3727 7171 3555 7172 3579 7172 3578 7172 3555 7173 3578 7173 3554 7173 3567 7174 3568 7174 3587 7174 3664 7175 3719 7175 3663 7175 3675 7176 3727 7176 3726 7176 3675 7177 3676 7177 3727 7177 3556 7178 3580 7178 3579 7178 3556 7179 3579 7179 3555 7179 3566 7180 3587 7180 3586 7180 3566 7181 3567 7181 3587 7181 3665 7182 3720 7182 3719 7182 3665 7183 3719 7183 3664 7183 3674 7184 3675 7184 3726 7184 3557 7185 3580 7185 3556 7185 3565 7186 3566 7186 3586 7186 3565 7187 3586 7187 3585 7187 3666 7188 3721 7188 3720 7188 3666 7189 3720 7189 3665 7189 3558 7190 3581 7190 3580 7190 3558 7191 3580 7191 3557 7191 3673 7192 3726 7192 3725 7192 3673 7193 3674 7193 3726 7193 3564 7194 3585 7194 3584 7194 3564 7195 3565 7195 3585 7195 3667 7196 3722 7196 3721 7196 3667 7197 3721 7197 3666 7197 3559 7198 3582 7198 3581 7198 3559 7199 3581 7199 3558 7199 3672 7200 3725 7200 3724 7200 3672 7201 3673 7201 3725 7201 3563 7202 3564 7202 3584 7202 3668 7203 3722 7203 3667 7203 3560 7204 3582 7204 3559 7204 3671 7205 3672 7205 3724 7205 3562 7206 3563 7206 3584 7206 3562 7207 3584 7207 3583 7207 3669 7208 3722 7208 3668 7208 3669 7209 3723 7209 3722 7209 3561 7210 3562 7210 3583 7210 3561 7211 3582 7211 3560 7211 3561 7212 3583 7212 3582 7212 3670 7213 3671 7213 3724 7213 3670 7214 3723 7214 3669 7214 3670 7215 3724 7215 3723 7215 1225 7216 2553 7216 1226 7216 2599 7217 1265 7217 2598 7217 2552 7218 2553 7218 1225 7218 1266 7219 1265 7219 2599 7219 1224 7220 2552 7220 1225 7220 2600 7221 1266 7221 2599 7221 2551 7222 2552 7222 1224 7222 1267 7223 1266 7223 2600 7223 1223 7224 2551 7224 1224 7224 2601 7225 1267 7225 2600 7225 2550 7226 2551 7226 1223 7226 1268 7227 1267 7227 2601 7227 1222 7228 2550 7228 1223 7228 2549 7229 2550 7229 1222 7229 2602 7230 1268 7230 2601 7230 1269 7231 1268 7231 2602 7231 2548 7232 1222 7232 1221 7232 2548 7233 2549 7233 1222 7233 2603 7234 1269 7234 2602 7234 1270 7235 1269 7235 2603 7235 2547 7236 1221 7236 1220 7236 2547 7237 2548 7237 1221 7237 2604 7238 1270 7238 2603 7238 1271 7239 1270 7239 2604 7239 2546 7240 1220 7240 1219 7240 2546 7241 2547 7241 1220 7241 2605 7242 1271 7242 2604 7242 1272 7243 1271 7243 2605 7243 2545 7244 1219 7244 1218 7244 2545 7245 2546 7245 1219 7245 2606 7246 1272 7246 2605 7246 1273 7247 1272 7247 2606 7247 2544 7248 2545 7248 1218 7248 2607 7249 1273 7249 2606 7249 1217 7250 2544 7250 1218 7250 1274 7251 1273 7251 2607 7251 2543 7252 2544 7252 1217 7252 2608 7253 1274 7253 2607 7253 1216 7254 2543 7254 1217 7254 1275 7255 1274 7255 2608 7255 2542 7256 2543 7256 1216 7256 2609 7257 1275 7257 2608 7257 1215 7258 2542 7258 1216 7258 1276 7259 1275 7259 2609 7259 2541 7260 2542 7260 1215 7260 2610 7261 1276 7261 2609 7261 1214 7262 2541 7262 1215 7262 1277 7263 1276 7263 2610 7263 2540 7264 2541 7264 1214 7264 2611 7265 1277 7265 2610 7265 1213 7266 2540 7266 1214 7266 1278 7267 1277 7267 2611 7267 2539 7268 2540 7268 1213 7268 2612 7269 1278 7269 2611 7269 1212 7270 2539 7270 1213 7270 1279 7271 1278 7271 2612 7271 2538 7272 2539 7272 1212 7272 2613 7273 1279 7273 2612 7273 1211 7274 2538 7274 1212 7274 1280 7275 1279 7275 2613 7275 2537 7276 2538 7276 1211 7276 2614 7277 1280 7277 2613 7277 1210 7278 2537 7278 1211 7278 2536 7279 2537 7279 1210 7279 1281 7280 1280 7280 2614 7280 1281 7281 2614 7281 2615 7281 1209 7282 2536 7282 1210 7282 2535 7283 2536 7283 1209 7283 1282 7284 1281 7284 2615 7284 1282 7285 2615 7285 2616 7285 1208 7286 2535 7286 1209 7286 2534 7287 2535 7287 1208 7287 1283 7288 1282 7288 2616 7288 1283 7289 2616 7289 2617 7289 1207 7290 2534 7290 1208 7290 2533 7291 2534 7291 1207 7291 1284 7292 1283 7292 2617 7292 1284 7293 2617 7293 2618 7293 1206 7294 2533 7294 1207 7294 2532 7295 2533 7295 1206 7295 1285 7296 1284 7296 2618 7296 1285 7297 2618 7297 2619 7297 1205 7298 2532 7298 1206 7298 2531 7299 2532 7299 1205 7299 2620 7300 1285 7300 2619 7300 1286 7301 1285 7301 2620 7301 1204 7302 2531 7302 1205 7302 2530 7303 2531 7303 1204 7303 2621 7304 1286 7304 2620 7304 1287 7305 1286 7305 2621 7305 1203 7306 2530 7306 1204 7306 2529 7307 2530 7307 1203 7307 2622 7308 1287 7308 2621 7308 1288 7309 1287 7309 2622 7309 1202 7310 2529 7310 1203 7310 2528 7311 2529 7311 1202 7311 2623 7312 1288 7312 2622 7312 1289 7313 1288 7313 2623 7313 2915 7314 2748 7314 2750 7314 3487 7315 3389 7315 3390 7315 2914 7316 2748 7316 2915 7316 2914 7317 2744 7317 2747 7317 2914 7318 2747 7318 2748 7318 2916 7319 2915 7319 2750 7319 2916 7320 2750 7320 2752 7320 2916 7321 2752 7321 2754 7321 3488 7322 3390 7322 3391 7322 3488 7323 3391 7323 3392 7323 3488 7324 3487 7324 3390 7324 3486 7325 3387 7325 3388 7325 3486 7326 3388 7326 3389 7326 3486 7327 3389 7327 3487 7327 2913 7328 2744 7328 2914 7328 2913 7329 2743 7329 2744 7329 2917 7330 2754 7330 2756 7330 2917 7331 2916 7331 2754 7331 3489 7332 3392 7332 3393 7332 3489 7333 3488 7333 3392 7333 3485 7334 3386 7334 3387 7334 3485 7335 3387 7335 3486 7335 2912 7336 2743 7336 2913 7336 2912 7337 2738 7337 2741 7337 2912 7338 2741 7338 2743 7338 2918 7339 2756 7339 2758 7339 2918 7340 2917 7340 2756 7340 3490 7341 3393 7341 3394 7341 3490 7342 3394 7342 3395 7342 3490 7343 3489 7343 3393 7343 3484 7344 3385 7344 3386 7344 3484 7345 3386 7345 3485 7345 3483 7346 3383 7346 3384 7346 3483 7347 3384 7347 3385 7347 3483 7348 3385 7348 3484 7348 3491 7349 3395 7349 3396 7349 3491 7350 3490 7350 3395 7350 2911 7351 2738 7351 2912 7351 2911 7352 2736 7352 2738 7352 2919 7353 2758 7353 2760 7353 2919 7354 2760 7354 2763 7354 2919 7355 2918 7355 2758 7355 3482 7356 3382 7356 3383 7356 3482 7357 3383 7357 3483 7357 3492 7358 3396 7358 3397 7358 3492 7359 3397 7359 3398 7359 3492 7360 3491 7360 3396 7360 2910 7361 2736 7361 2911 7361 2910 7362 2732 7362 2735 7362 2910 7363 2735 7363 2736 7363 2920 7364 2763 7364 2764 7364 2920 7365 2919 7365 2763 7365 2909 7366 2732 7366 2910 7366 2909 7367 2731 7367 2732 7367 2921 7368 2764 7368 2766 7368 2921 7369 2766 7369 2768 7369 2921 7370 2920 7370 2764 7370 3481 7371 3380 7371 3381 7371 3481 7372 3381 7372 3382 7372 3481 7373 3382 7373 3482 7373 3493 7374 3492 7374 3398 7374 3493 7375 3398 7375 3399 7375 2922 7376 2768 7376 2770 7376 2922 7377 2921 7377 2768 7377 3480 7378 3236 7378 3380 7378 3480 7379 3380 7379 3481 7379 3494 7380 3493 7380 3399 7380 3494 7381 3399 7381 3400 7381 2908 7382 2731 7382 2909 7382 2908 7383 2729 7383 2731 7383 2923 7384 2922 7384 2770 7384 3479 7385 3236 7385 3480 7385 3495 7386 3494 7386 3400 7386 3495 7387 3400 7387 3401 7387 3495 7388 3401 7388 3402 7388 2907 7389 2729 7389 2908 7389 2907 7390 2724 7390 2726 7390 2907 7391 2726 7391 2729 7391 3496 7392 3402 7392 3403 7392 3496 7393 3495 7393 3402 7393 2924 7394 2923 7394 2770 7394 3478 7395 3236 7395 3479 7395 2906 7396 2724 7396 2907 7396 2906 7397 2722 7397 2724 7397 3477 7398 3236 7398 3478 7398 3497 7399 3496 7399 3403 7399 3497 7400 3403 7400 3404 7400 3497 7401 3404 7401 3405 7401 2905 7402 2722 7402 2906 7402 2905 7403 2718 7403 2720 7403 2905 7404 2720 7404 2722 7404 2925 7405 2924 7405 2770 7405 3476 7406 3236 7406 3477 7406 2926 7407 2925 7407 2770 7407 3498 7408 3405 7408 3406 7408 3498 7409 3497 7409 3405 7409 2904 7410 2718 7410 2905 7410 2904 7411 2716 7411 2718 7411 3475 7412 3236 7412 3476 7412 3499 7413 3406 7413 3407 7413 3499 7414 3407 7414 3408 7414 3499 7415 3498 7415 3406 7415 2903 7416 2716 7416 2904 7416 2903 7417 2712 7417 2714 7417 2903 7418 2714 7418 2716 7418 2927 7419 2926 7419 2770 7419 2928 7420 2927 7420 2770 7420 3474 7421 3236 7421 3475 7421 3500 7422 3408 7422 3409 7422 3500 7423 3499 7423 3408 7423 2902 7424 2712 7424 2903 7424 2902 7425 2710 7425 2712 7425 3473 7426 3236 7426 3474 7426 3501 7427 3409 7427 3410 7427 3501 7428 3410 7428 3411 7428 3501 7429 3500 7429 3409 7429 2929 7430 2928 7430 2770 7430 2901 7431 2706 7431 2708 7431 2901 7432 2708 7432 2710 7432 2901 7433 2710 7433 2902 7433 3472 7434 3236 7434 3473 7434 2930 7435 2929 7435 2770 7435 3502 7436 3411 7436 3412 7436 3502 7437 3501 7437 3411 7437 2900 7438 2706 7438 2901 7438 2900 7439 2704 7439 2706 7439 2931 7440 2930 7440 2770 7440 3471 7441 3236 7441 3472 7441 3503 7442 3502 7442 3412 7442 3503 7443 3412 7443 3413 7443 2899 7444 2704 7444 2900 7444 2899 7445 2702 7445 2704 7445 3470 7446 3236 7446 3471 7446 3504 7447 3503 7447 3413 7447 3504 7448 3413 7448 3414 7448 3504 7449 3414 7449 3415 7449 2932 7450 2931 7450 2770 7450 2898 7451 2702 7451 2899 7451 2898 7452 2698 7452 2700 7452 2898 7453 2700 7453 2702 7453 3469 7454 3236 7454 3470 7454 3505 7455 3504 7455 3415 7455 3505 7456 3415 7456 3416 7456 2933 7457 2932 7457 2770 7457 2897 7458 2698 7458 2898 7458 2897 7459 2696 7459 2698 7459 3468 7460 3236 7460 3469 7460 3506 7461 3416 7461 3417 7461 3506 7462 3505 7462 3416 7462 3506 7463 3417 7463 3418 7463 2934 7464 2933 7464 2770 7464 2896 7465 2696 7465 2897 7465 2896 7466 2692 7466 2694 7466 2896 7467 2694 7467 2696 7467 3467 7468 3236 7468 3468 7468 3507 7469 3418 7469 3419 7469 3507 7470 3506 7470 3418 7470 2895 7471 2692 7471 2896 7471 2895 7472 2690 7472 2692 7472 2935 7473 2934 7473 2770 7473 3466 7474 3236 7474 3467 7474 2936 7475 2935 7475 2770 7475 3508 7476 3507 7476 3419 7476 3508 7477 3419 7477 3420 7477 2894 7478 2690 7478 2895 7478 2894 7479 2688 7479 2690 7479 2686 7480 2688 7480 2894 7480 3421 7481 3508 7481 3420 7481 2624 7482 1289 7482 2623 7482 3465 7483 3236 7483 3466 7483 2937 7484 2936 7484 2770 7484 3509 7485 3508 7485 3421 7485 2893 7486 2686 7486 2894 7486 2684 7487 2686 7487 2893 7487 2684 7488 2893 7488 2892 7488 3422 7489 3510 7489 3509 7489 3422 7490 3509 7490 3421 7490 1201 7491 2528 7491 1202 7491 1201 7492 2525 7492 2528 7492 2682 7493 2684 7493 2892 7493 3423 7494 3510 7494 3422 7494 2680 7495 2682 7495 2892 7495 2680 7496 2892 7496 2891 7496 3424 7497 3511 7497 3510 7497 3424 7498 3510 7498 3423 7498 2678 7499 2680 7499 2891 7499 2678 7500 2891 7500 2890 7500 3425 7501 3512 7501 3511 7501 3425 7502 3511 7502 3424 7502 2676 7503 2678 7503 2890 7503 2676 7504 2890 7504 2889 7504 3426 7505 3513 7505 3512 7505 3426 7506 3512 7506 3425 7506 2675 7507 2676 7507 2889 7507 3427 7508 3513 7508 3426 7508 2672 7509 2675 7509 2889 7509 2672 7510 2889 7510 2888 7510 3428 7511 3514 7511 3513 7511 3428 7512 3513 7512 3427 7512 3429 7513 3515 7513 3514 7513 3429 7514 3514 7514 3428 7514 2670 7515 2672 7515 2888 7515 2670 7516 2888 7516 2887 7516 2668 7517 2670 7517 2887 7517 3430 7518 3515 7518 3429 7518 2666 7519 2668 7519 2887 7519 2666 7520 2887 7520 2886 7520 3431 7521 3516 7521 3515 7521 3431 7522 3515 7522 3430 7522 1290 7523 1289 7523 2624 7523 3379 7524 3517 7524 3516 7524 3379 7525 3518 7525 3517 7525 3379 7526 3519 7526 3518 7526 3379 7527 3432 7527 3519 7527 3379 7528 3433 7528 3432 7528 3379 7529 3434 7529 3433 7529 3379 7530 3435 7530 3434 7530 3379 7531 3436 7531 3435 7531 3379 7532 3437 7532 3436 7532 3379 7533 3438 7533 3437 7533 3379 7534 3439 7534 3438 7534 3379 7535 3440 7535 3439 7535 3379 7536 3441 7536 3440 7536 3379 7537 3442 7537 3441 7537 3379 7538 3443 7538 3442 7538 3379 7539 3516 7539 3431 7539 2664 7540 2872 7540 2871 7540 2664 7541 2873 7541 2872 7541 2664 7542 2874 7542 2873 7542 2664 7543 2875 7543 2874 7543 2664 7544 2876 7544 2875 7544 2664 7545 2877 7545 2876 7545 2664 7546 2878 7546 2877 7546 2664 7547 2879 7547 2878 7547 2664 7548 2880 7548 2879 7548 2664 7549 2881 7549 2880 7549 2664 7550 2882 7550 2881 7550 2664 7551 2883 7551 2882 7551 2664 7552 2884 7552 2883 7552 2664 7553 2666 7553 2886 7553 2664 7554 2885 7554 2884 7554 2664 7555 2886 7555 2885 7555 2526 7556 2938 7556 2937 7556 2526 7557 2939 7557 2938 7557 2526 7558 2940 7558 2939 7558 2526 7559 2941 7559 2940 7559 2526 7560 2942 7560 2941 7560 2526 7561 2943 7561 2942 7561 2526 7562 2944 7562 2943 7562 2526 7563 2945 7563 2944 7563 2526 7564 2937 7564 2770 7564 2626 7565 3236 7565 3465 7565 2626 7566 3458 7566 3457 7566 2626 7567 3459 7567 3458 7567 2626 7568 3460 7568 3459 7568 2626 7569 3461 7569 3460 7569 2626 7570 3462 7570 3461 7570 2626 7571 3463 7571 3462 7571 2626 7572 3464 7572 3463 7572 2626 7573 1290 7573 2624 7573 2626 7574 3465 7574 3464 7574 1200 7575 2526 7575 2525 7575 1200 7576 2525 7576 1201 7576 1291 7577 1290 7577 2626 7577 1199 7578 2526 7578 1200 7578 1292 7579 2626 7579 3457 7579 1292 7580 3455 7580 3454 7580 1292 7581 3456 7581 3455 7581 1292 7582 3457 7582 3456 7582 1292 7583 1291 7583 2626 7583 1198 7584 2946 7584 2945 7584 1198 7585 2947 7585 2946 7585 1198 7586 2860 7586 2947 7586 1198 7587 2861 7587 2860 7587 1198 7588 2862 7588 2861 7588 1198 7589 2863 7589 2862 7589 1198 7590 2945 7590 2526 7590 1198 7591 2526 7591 1199 7591 1293 7592 1292 7592 3454 7592 1293 7593 3452 7593 3451 7593 1293 7594 3453 7594 3452 7594 1293 7595 3454 7595 3453 7595 2632 7596 3443 7596 3379 7596 2632 7597 3444 7597 3443 7597 2632 7598 3445 7598 3444 7598 2632 7599 1293 7599 3451 7599 2632 7600 3446 7600 3445 7600 2632 7601 3447 7601 3446 7601 2632 7602 3448 7602 3447 7602 2632 7603 3449 7603 3448 7603 2632 7604 3450 7604 3449 7604 2632 7605 3451 7605 3450 7605 2661 7606 1198 7606 1323 7606 2661 7607 2664 7607 2871 7607 2661 7608 2864 7608 2863 7608 2661 7609 2865 7609 2864 7609 2661 7610 2866 7610 2865 7610 2661 7611 2867 7611 2866 7611 2661 7612 2868 7612 2867 7612 2661 7613 2869 7613 2868 7613 2661 7614 2870 7614 2869 7614 2661 7615 2871 7615 2870 7615 2661 7616 2863 7616 1198 7616 1294 7617 1293 7617 2632 7617 1322 7618 2661 7618 1323 7618 1322 7619 2659 7619 2661 7619 1295 7620 2632 7620 2631 7620 1295 7621 1294 7621 2632 7621 1321 7622 2659 7622 1322 7622 1321 7623 2658 7623 2659 7623 1296 7624 1295 7624 2631 7624 1296 7625 2631 7625 2633 7625 1320 7626 2658 7626 1321 7626 1320 7627 2657 7627 2658 7627 1297 7628 1296 7628 2633 7628 1297 7629 2633 7629 2634 7629 1319 7630 2656 7630 2657 7630 1319 7631 2657 7631 1320 7631 1298 7632 1297 7632 2634 7632 1298 7633 2634 7633 2635 7633 1318 7634 2655 7634 2656 7634 1318 7635 2656 7635 1319 7635 1299 7636 1298 7636 2635 7636 1299 7637 2635 7637 2636 7637 1317 7638 2654 7638 2655 7638 1317 7639 2655 7639 1318 7639 1300 7640 2637 7640 2638 7640 1300 7641 2636 7641 2637 7641 1300 7642 1299 7642 2636 7642 1316 7643 2654 7643 1317 7643 1316 7644 2653 7644 2654 7644 1301 7645 2638 7645 2639 7645 1301 7646 1300 7646 2638 7646 1315 7647 2652 7647 2653 7647 1315 7648 2653 7648 1316 7648 1302 7649 1301 7649 2639 7649 1302 7650 2639 7650 2640 7650 1314 7651 2651 7651 2652 7651 1314 7652 2652 7652 1315 7652 1303 7653 2640 7653 2641 7653 1303 7654 1302 7654 2640 7654 1313 7655 2650 7655 2651 7655 1313 7656 2651 7656 1314 7656 1304 7657 2641 7657 2642 7657 1304 7658 1303 7658 2641 7658 1312 7659 2649 7659 2650 7659 1312 7660 2650 7660 1313 7660 1305 7661 1304 7661 2642 7661 1305 7662 2642 7662 2643 7662 1311 7663 2649 7663 1312 7663 1311 7664 2648 7664 2649 7664 1306 7665 1305 7665 2643 7665 1306 7666 2643 7666 2644 7666 1310 7667 2648 7667 1311 7667 1310 7668 2647 7668 2648 7668 1307 7669 1306 7669 2644 7669 1307 7670 2644 7670 2645 7670 1309 7671 2647 7671 1310 7671 1309 7672 2646 7672 2647 7672 1308 7673 1307 7673 2645 7673 1308 7674 2646 7674 1309 7674 1308 7675 2645 7675 2646 7675</p>
        </triangles>
      </mesh>
    </geometry>
  </library_geometries>
  <library_materials>
    <material id="mat_Part__Feature058" name="Part__Feature058">
      <instance_effect url="#effect_Part__Feature058" />
    </material>
  </library_materials>
  <library_visual_scenes>
    <visual_scene id="myscene">
      <node id="node0" name="node0">
        <instance_geometry url="#geometry0">
          <bind_material>
            <technique_common>
              <instance_material symbol="ref_Part__Feature058" target="#mat_Part__Feature058" />
            </technique_common>
          </bind_material>
        </instance_geometry>
      </node>
    </visual_scene>
  </library_visual_scenes>
  <scene>
    <instance_visual_scene url="#myscene" />
  </scene>
</COLLADA>
